sg,comment,temp,id,type,time,__acc_reading_doc_id,__acc_reading_data_id,timepoint,pressure,ph
,,16.9,manual,manual,1699902000000,wd1Hywef6DP4zoaCPrw4GmwPNNkPdX$0$manual$manual$0,965e9L2qFufqnnoIlGg0wJHjehXo8G,2023-11-13T19:00:00.000Z
,,17.4,manual,manual,1699887600000,wd1Hywef6DP4zoaCPrw4GmwPNNkPdX$0$manual$manual$0,YJlrZqAaC47pGx6YQmUyGiO2atPbCb,2023-11-13T15:00:00.000Z
,,17.7,manual,manual,1699873200000,wd1Hywef6DP4zoaCPrw4GmwPNNkPdX$0$manual$manual$0,K43nkuxlRXB8X3cxBPZC6RGiywQAFx,2023-11-13T11:00:00.000Z
,,18.1,manual,manual,1699858800000,wd1Hywef6DP4zoaCPrw4GmwPNNkPdX$0$manual$manual$0,9tI6M587qmwUyd1tJl0dJET5eQudwo,2023-11-13T07:00:00.000Z
,,17.6,manual,manual,1699844400000,wd1Hywef6DP4zoaCPrw4GmwPNNkPdX$0$manual$manual$0,fUOLlWdVjQTHXCnXGns2WEYny2jCpU,2023-11-13T03:00:00.000Z
,,17.1,manual,manual,1699830000000,wd1Hywef6DP4zoaCPrw4GmwPNNkPdX$0$manual$manual$0,CLv6ZNGeBhxDPXw4EKWEDoTkJ1ZLAa,2023-11-12T23:00:00.000Z
,,17,manual,manual,1699815600000,wd1Hywef6DP4zoaCPrw4GmwPNNkPdX$0$manual$manual$0,WWAWZD7MvgFHpfyxXIjb3k2U3jqA2c,2023-11-12T19:00:00.000Z
,,17,manual,manual,1699801200000,wd1Hywef6DP4zoaCPrw4GmwPNNkPdX$0$manual$manual$0,7JTUTEgbNIcgYKbdcGDyrZhZvc2iSX,2023-11-12T15:00:00.000Z
,,17.5,manual,manual,1699786800000,wd1Hywef6DP4zoaCPrw4GmwPNNkPdX$0$manual$manual$0,omfQsp2gBMzEPZi7RuSSCsHFsYuKq6,2023-11-12T11:00:00.000Z
,,17.8,manual,manual,1699772400000,wd1Hywef6DP4zoaCPrw4GmwPNNkPdX$0$manual$manual$0,Uawdtz5JWMku5POISfkDTqSFppkbC0,2023-11-12T07:00:00.000Z
,,18,manual,manual,1699758000000,wd1Hywef6DP4zoaCPrw4GmwPNNkPdX$0$manual$manual$0,ZqzqP0zfwVGpC4F2BAY3S7CZIXoPI5,2023-11-12T03:00:00.000Z
,,17.6,manual,manual,1699743600000,wd1Hywef6DP4zoaCPrw4GmwPNNkPdX$0$manual$manual$0,RH8JpmLdEDmAG8kn61JzlvHJ6v4Mjt,2023-11-11T23:00:00.000Z
,,17,manual,manual,1699729200000,wd1Hywef6DP4zoaCPrw4GmwPNNkPdX$0$manual$manual$0,T1njHasRWDnFvrFn0j9VKdiciT9UGH,2023-11-11T19:00:00.000Z
,,17,manual,manual,1699714800000,wd1Hywef6DP4zoaCPrw4GmwPNNkPdX$0$manual$manual$0,oDkt1xlRRf3rW0zPIyivyzHWjAcH1i,2023-11-11T15:00:00.000Z
,,17.1,manual,manual,1699700400000,wd1Hywef6DP4zoaCPrw4GmwPNNkPdX$0$manual$manual$0,5B6LOIC2Lyuswmgeqngv7z8ahnHNl8,2023-11-11T11:00:00.000Z
,,17.5,manual,manual,1699686000000,wd1Hywef6DP4zoaCPrw4GmwPNNkPdX$0$manual$manual$0,gRl6F7whdk3LL1ikt1oXutSocNvXlO,2023-11-11T07:00:00.000Z
,,17.9,manual,manual,1699671600000,wd1Hywef6DP4zoaCPrw4GmwPNNkPdX$0$manual$manual$0,WcjpnKHjDJcF0x0FVigqZMBJRZHDkw,2023-11-11T03:00:00.000Z
,,18,manual,manual,1699657200000,wd1Hywef6DP4zoaCPrw4GmwPNNkPdX$0$manual$manual$0,pFRApoPgdDVFsyGqR4wyoonGGoeX2y,2023-11-10T23:00:00.000Z
,,17.6,manual,manual,1699642800000,wd1Hywef6DP4zoaCPrw4GmwPNNkPdX$0$manual$manual$0,TfnyTKwV56jvzwytiW1niRiNhf5DxH,2023-11-10T19:00:00.000Z
,,17.1,manual,manual,1699628400000,wd1Hywef6DP4zoaCPrw4GmwPNNkPdX$0$manual$manual$0,eVLRue9MVBHkMiFjsV8IABEoMYZ7Dj,2023-11-10T15:00:00.000Z
,,17,manual,manual,1699614000000,wd1Hywef6DP4zoaCPrw4GmwPNNkPdX$0$manual$manual$0,pbCbMKxQHfhKTIsR5LqNqOlzsXgCLG,2023-11-10T11:00:00.000Z
,,17.2,manual,manual,1699599600000,wd1Hywef6DP4zoaCPrw4GmwPNNkPdX$0$manual$manual$0,GG8PhS6e160BpCbUXDmdJIjYNy1HaN,2023-11-10T07:00:00.000Z
,,17.8,manual,manual,1699585200000,wd1Hywef6DP4zoaCPrw4GmwPNNkPdX$0$manual$manual$0,B4pWRLtlpwDJeXcyLOoHiZju5LmkjF,2023-11-10T03:00:00.000Z
,,18,manual,manual,1699570800000,wd1Hywef6DP4zoaCPrw4GmwPNNkPdX$0$manual$manual$0,mZDly3rcFcHinJyOhow7SbEFlzc6cL,2023-11-09T23:00:00.000Z
,,17.8,manual,manual,1699556400000,wd1Hywef6DP4zoaCPrw4GmwPNNkPdX$0$manual$manual$0,FnWTnGdxzGosPATFFcmdXhUu0fNh7e,2023-11-09T19:00:00.000Z
,,17.4,manual,manual,1699542000000,wd1Hywef6DP4zoaCPrw4GmwPNNkPdX$0$manual$manual$0,hfGHh8h764vvpYk6rTw7TjvTqpOBF5,2023-11-09T15:00:00.000Z
,,17,manual,manual,1699527600000,wd1Hywef6DP4zoaCPrw4GmwPNNkPdX$0$manual$manual$0,nZQCkT4wzWZIN7asgznuqTGiyYacJ4,2023-11-09T11:00:00.000Z
,,17.1,manual,manual,1699513200000,wd1Hywef6DP4zoaCPrw4GmwPNNkPdX$0$manual$manual$0,oMOU7H4iE4tzLhgQ7oGz5BVPGPw3IQ,2023-11-09T07:00:00.000Z
,,17.8,manual,manual,1699498800000,wd1Hywef6DP4zoaCPrw4GmwPNNkPdX$0$manual$manual$0,IRjUseWF7lURiG4XlrlxBsJwExB6D0,2023-11-09T03:00:00.000Z
,,18,manual,manual,1699484400000,wd1Hywef6DP4zoaCPrw4GmwPNNkPdX$0$manual$manual$0,yLnmM4HaUlOcZtmeD5DZtLDRZtZgkm,2023-11-08T23:00:00.000Z
,,17.9,manual,manual,1699470000000,wd1Hywef6DP4zoaCPrw4GmwPNNkPdX$0$manual$manual$0,MGd4muy49djDwDutHTZ1s2rZag48o3,2023-11-08T19:00:00.000Z
,,17.3,manual,manual,1699455600000,wd1Hywef6DP4zoaCPrw4GmwPNNkPdX$0$manual$manual$0,ZqVMvkbHpmgq5XVgYWAiaAllfnO2mo,2023-11-08T15:00:00.000Z
,,16.9,manual,manual,1699441200000,wd1Hywef6DP4zoaCPrw4GmwPNNkPdX$0$manual$manual$0,xHFvINsXXKxUAK6Zd23gcklZdrXITP,2023-11-08T11:00:00.000Z
,,17.1,manual,manual,1699426800000,wd1Hywef6DP4zoaCPrw4GmwPNNkPdX$0$manual$manual$0,IYpkMOD55Xly54IEQw8SETwDB07xUr,2023-11-08T07:00:00.000Z
,,17.7,manual,manual,1699412400000,wd1Hywef6DP4zoaCPrw4GmwPNNkPdX$0$manual$manual$0,ySEQo8eskDnxNVo2pIC3HXjFWKrlqe,2023-11-08T03:00:00.000Z
,,18,manual,manual,1699398000000,wd1Hywef6DP4zoaCPrw4GmwPNNkPdX$0$manual$manual$0,wYiKDHgxMH6FG5aRETY1V1Q2wvLw2A,2023-11-07T23:00:00.000Z
,,18,manual,manual,1699383600000,wd1Hywef6DP4zoaCPrw4GmwPNNkPdX$0$manual$manual$0,eNz6cKsMYhWnJHKoSCZg5G8gTgPzci,2023-11-07T19:00:00.000Z
,,17.3,manual,manual,1699369200000,wd1Hywef6DP4zoaCPrw4GmwPNNkPdX$0$manual$manual$0,nZqAIB9VwYO02SI9mzy5XFHX1Tw063,2023-11-07T15:00:00.000Z
,,17,manual,manual,1699354800000,wd1Hywef6DP4zoaCPrw4GmwPNNkPdX$0$manual$manual$0,ZWutfn4PC3zL3voLLESKTwuTnTrQ7f,2023-11-07T11:00:00.000Z
,,17.2,manual,manual,1699340400000,wd1Hywef6DP4zoaCPrw4GmwPNNkPdX$0$manual$manual$0,k5q4X6cmTD148uO32d9MM0jDWUUSeh,2023-11-07T07:00:00.000Z
,,17.8,manual,manual,1699326000000,wd1Hywef6DP4zoaCPrw4GmwPNNkPdX$0$manual$manual$0,VXVjUjNNoiKp6PEbg7e4zRyqT7n7P4,2023-11-07T03:00:00.000Z
,,18,manual,manual,1699311600000,wd1Hywef6DP4zoaCPrw4GmwPNNkPdX$0$manual$manual$0,gsjZKp82ntnX4LnmabXWYDdWoMmspq,2023-11-06T23:00:00.000Z
,,17.9,manual,manual,1699297200000,wd1Hywef6DP4zoaCPrw4GmwPNNkPdX$0$manual$manual$0,Chftw7H64cCTt0b2FnT8B2L43XU7h6,2023-11-06T19:00:00.000Z
,,17.4,manual,manual,1699282800000,wd1Hywef6DP4zoaCPrw4GmwPNNkPdX$0$manual$manual$0,Ma0vNR9v4zruS8PaKn315K2Q0Z4eYJ,2023-11-06T15:00:00.000Z
,,17,manual,manual,1699268400000,wd1Hywef6DP4zoaCPrw4GmwPNNkPdX$0$manual$manual$0,o1bLRViHYSOAHtaHaN7Abv3G6l8S5H,2023-11-06T11:00:00.000Z
,,17.2,manual,manual,1699254000000,wd1Hywef6DP4zoaCPrw4GmwPNNkPdX$0$manual$manual$0,J68uM8rXNvbOtkq6Sbl8Ebvmm4JegV,2023-11-06T07:00:00.000Z
,,18,manual,manual,1699239600000,wd1Hywef6DP4zoaCPrw4GmwPNNkPdX$0$manual$manual$0,ncxSxlnTdt5uD43RMja2ywnHVKPZpV,2023-11-06T03:00:00.000Z
,,18,manual,manual,1699225200000,wd1Hywef6DP4zoaCPrw4GmwPNNkPdX$0$manual$manual$0,oFYaZkW7WXoU7qMlEE3Kv057xUO8lU,2023-11-05T23:00:00.000Z
,,17.5,manual,manual,1699210800000,wd1Hywef6DP4zoaCPrw4GmwPNNkPdX$0$manual$manual$0,hIjCZkI7QTBbc3JzF204kreY0axrDB,2023-11-05T19:00:00.000Z
,,17,manual,manual,1699196400000,wd1Hywef6DP4zoaCPrw4GmwPNNkPdX$0$manual$manual$0,ytNFVemT9oC3Fr1oEYJHpmNzb4cXZq,2023-11-05T15:00:00.000Z
,,17.3,manual,manual,1699182000000,wd1Hywef6DP4zoaCPrw4GmwPNNkPdX$0$manual$manual$0,5DsxVD1L59EA5k52yPmhkeSOaXGLJO,2023-11-05T11:00:00.000Z
,,17.8,manual,manual,1699167600000,wd1Hywef6DP4zoaCPrw4GmwPNNkPdX$0$manual$manual$0,n1Mc0RraNc0aHUdTvlumRew1PF8oym,2023-11-05T07:00:00.000Z
,,18,manual,manual,1699153200000,wd1Hywef6DP4zoaCPrw4GmwPNNkPdX$0$manual$manual$0,nb9Ow9iDztwUgm3rPLu1hFOd1HN2YO,2023-11-05T03:00:00.000Z
,,17.8,manual,manual,1699138800000,wd1Hywef6DP4zoaCPrw4GmwPNNkPdX$0$manual$manual$0,UgvFGR6ZxWFECQ21QBdUIavjfDjL26,2023-11-04T23:00:00.000Z
,,17.2,manual,manual,1699124400000,wd1Hywef6DP4zoaCPrw4GmwPNNkPdX$0$manual$manual$0,rH26WjADblfdCGG8gTSfWrW6R8LFvI,2023-11-04T19:00:00.000Z
,,17,manual,manual,1699110000000,wd1Hywef6DP4zoaCPrw4GmwPNNkPdX$0$manual$manual$0,CXcOlviRDKX4u4ghwzBpfsiOOUmT8m,2023-11-04T15:00:00.000Z
,,17.2,manual,manual,1699095600000,wd1Hywef6DP4zoaCPrw4GmwPNNkPdX$0$manual$manual$0,XjeIfHIjZYFwR5hkKC5J5iX7CjgRiP,2023-11-04T11:00:00.000Z
,,17.7,manual,manual,1699081200000,wd1Hywef6DP4zoaCPrw4GmwPNNkPdX$0$manual$manual$0,HMRO9FZ7ddd15KGAxv6DpTvXeemJFj,2023-11-04T07:00:00.000Z
,,18,manual,manual,1699066800000,wd1Hywef6DP4zoaCPrw4GmwPNNkPdX$0$manual$manual$0,OBlraplrvSKmveGLdtCnBBhQq8vvm4,2023-11-04T03:00:00.000Z
,,17.8,manual,manual,1699052400000,wd1Hywef6DP4zoaCPrw4GmwPNNkPdX$0$manual$manual$0,UWmnA42benX0SOu20WUWCMgr40ekXr,2023-11-03T23:00:00.000Z
,,17.2,manual,manual,1699038000000,wd1Hywef6DP4zoaCPrw4GmwPNNkPdX$0$manual$manual$0,xiAagdHJpUmVHn1vAatYWhiWSXLcED,2023-11-03T19:00:00.000Z
,,17,manual,manual,1699023600000,wd1Hywef6DP4zoaCPrw4GmwPNNkPdX$0$manual$manual$0,29CPvS3fWrVbCZeE9pLCsusXWLGVgV,2023-11-03T15:00:00.000Z
,,17.5,manual,manual,1699009200000,wd1Hywef6DP4zoaCPrw4GmwPNNkPdX$0$manual$manual$0,B9I8w5cUcTZJibYh9AWKXuLcSeAaq7,2023-11-03T11:00:00.000Z
,,18,manual,manual,1698994800000,wd1Hywef6DP4zoaCPrw4GmwPNNkPdX$0$manual$manual$0,Wa4s60L9PNobzuMJs8eDwinSRhg2tV,2023-11-03T07:00:00.000Z
,,18,manual,manual,1698980400000,wd1Hywef6DP4zoaCPrw4GmwPNNkPdX$0$manual$manual$0,5ST9h7PR58AezWSUOsN2VFQ74qNv93,2023-11-03T03:00:00.000Z
,,17.7,manual,manual,1698966000000,wd1Hywef6DP4zoaCPrw4GmwPNNkPdX$0$manual$manual$0,mSR83n8wZ3eaHyPGdVeGkE4WaSkQhf,2023-11-02T23:00:00.000Z
,,17.1,manual,manual,1698951600000,wd1Hywef6DP4zoaCPrw4GmwPNNkPdX$0$manual$manual$0,qUdGJqHZsFVjIct0tvMVWFnLtEQijE,2023-11-02T19:00:00.000Z
,,17,manual,manual,1698937200000,wd1Hywef6DP4zoaCPrw4GmwPNNkPdX$0$manual$manual$0,YFNdLTr8VquGeHersPYo5VBoepGfpA,2023-11-02T15:00:00.000Z
,,17.6,manual,manual,1698922800000,wd1Hywef6DP4zoaCPrw4GmwPNNkPdX$0$manual$manual$0,6weX7SQODfTs117lnH9cpHirKBp12o,2023-11-02T11:00:00.000Z
,,18,manual,manual,1698908400000,wd1Hywef6DP4zoaCPrw4GmwPNNkPdX$0$manual$manual$0,xfikSl2MLMyEzEomwoPYSlQhoMZa1T,2023-11-02T07:00:00.000Z
,,17.8,manual,manual,1698894000000,wd1Hywef6DP4zoaCPrw4GmwPNNkPdX$0$manual$manual$0,IIq6RCLf3bLhUMyz9qggLUlgrLByUK,2023-11-02T03:00:00.000Z
,,17.2,manual,manual,1698879600000,wd1Hywef6DP4zoaCPrw4GmwPNNkPdX$0$manual$manual$0,nDTo0xclVV6E5nKFdxRPItd3pnA4Eh,2023-11-01T23:00:00.000Z
,,17.3,manual,manual,1698865200000,wd1Hywef6DP4zoaCPrw4GmwPNNkPdX$0$manual$manual$0,FdSrwaxb0YKjLwok9cYGX3p9yR4AJ1,2023-11-01T19:00:00.000Z
,,18,manual,manual,1698850800000,wd1Hywef6DP4zoaCPrw4GmwPNNkPdX$0$manual$manual$0,3ZecjNhsyuT7i6Qw6JVHFoB3oXNCfy,2023-11-01T15:00:00.000Z
,,17.6,manual,manual,1698836400000,wd1Hywef6DP4zoaCPrw4GmwPNNkPdX$0$manual$manual$0,BhvgSjPLDWygBRfApoEnSXB2cS63lJ,2023-11-01T11:00:00.000Z
,,17,manual,manual,1698822000000,wd1Hywef6DP4zoaCPrw4GmwPNNkPdX$0$manual$manual$0,XTMRfjyWyFwmoe6W8d4EZUjfT5ugEZ,2023-11-01T07:00:00.000Z
,,17.2,manual,manual,1698807600000,wd1Hywef6DP4zoaCPrw4GmwPNNkPdX$0$manual$manual$0,WFy6UhEhSAVdsBo7V13WdjWcbJtaLi,2023-11-01T03:00:00.000Z
,,18.1,manual,manual,1698793200000,wd1Hywef6DP4zoaCPrw4GmwPNNkPdX$0$manual$manual$0,KPnZmje1Fhgp8b1aMQYJgdljkMXWmn,2023-10-31T23:00:00.000Z
,,17.8,manual,manual,1698778800000,wd1Hywef6DP4zoaCPrw4GmwPNNkPdX$0$manual$manual$0,1R7rvDAlRculDgb2Bp8E05pCD7QTK3,2023-10-31T19:00:00.000Z
,,17.1,manual,manual,1698764400000,wd1Hywef6DP4zoaCPrw4GmwPNNkPdX$0$manual$manual$0,XdHpoDZBLstRwQ0yRoJ4iu6CjIUk97,2023-10-31T15:00:00.000Z
,,17.7,manual,manual,1698750000000,wd1Hywef6DP4zoaCPrw4GmwPNNkPdX$0$manual$manual$0,hyuP8RORW1UqkSscZBnxY5hkV3uFdP,2023-10-31T11:00:00.000Z
,,18,manual,manual,1698735600000,wd1Hywef6DP4zoaCPrw4GmwPNNkPdX$0$manual$manual$0,f7gxZ9Cl97jWMdIXVhqQ8oOaHHkt6w,2023-10-31T07:00:00.000Z
,,17.7,manual,manual,1698721200000,wd1Hywef6DP4zoaCPrw4GmwPNNkPdX$0$manual$manual$0,4qz9VN5fZOKgOKOfMX384ETxUZMhEt,2023-10-31T03:00:00.000Z
,,17.2,manual,manual,1698706800000,wd1Hywef6DP4zoaCPrw4GmwPNNkPdX$0$manual$manual$0,vasF0ChScosw9WTC819EsLURMT48N0,2023-10-30T23:00:00.000Z
,,17,manual,manual,1698692400000,wd1Hywef6DP4zoaCPrw4GmwPNNkPdX$0$manual$manual$0,0JgmCf5867n0w3JE7u3wMGQkMHKZaS,2023-10-30T19:00:00.000Z
,,18,manual,manual,1698678000000,wd1Hywef6DP4zoaCPrw4GmwPNNkPdX$0$manual$manual$0,1liLskLhQ0KRSszDxdn3TeP3s4yRzh,2023-10-30T15:00:00.000Z
,,17.9,manual,manual,1698663600000,wd1Hywef6DP4zoaCPrw4GmwPNNkPdX$0$manual$manual$0,BDCuv8fNXTJ3MoNFOaVIQnQyaKPRme,2023-10-30T11:00:00.000Z
,,17.7,manual,manual,1698649200000,wd1Hywef6DP4zoaCPrw4GmwPNNkPdX$0$manual$manual$0,2zAPp17DaM9IEUYDpedWR19dgh7vGW,2023-10-30T07:00:00.000Z
,,17,manual,manual,1698634800000,wd1Hywef6DP4zoaCPrw4GmwPNNkPdX$0$manual$manual$0,gyaIFbnr94tBfN7DEnqiIueaHKGFHo,2023-10-30T03:00:00.000Z
,,17.3,manual,manual,1698620400000,wd1Hywef6DP4zoaCPrw4GmwPNNkPdX$0$manual$manual$0,NZE8q5Up63bILR4XGtrnxaLCoTB3Yd,2023-10-29T23:00:00.000Z
,,18,manual,manual,1698606000000,wd1Hywef6DP4zoaCPrw4GmwPNNkPdX$0$manual$manual$0,X6v8g5KUve8HbCvcpGe2n11Qva9Pv8,2023-10-29T19:00:00.000Z
,,17.8,manual,manual,1698591600000,wd1Hywef6DP4zoaCPrw4GmwPNNkPdX$0$manual$manual$0,lH0NFN0iepG3Ws4tCSTbQETdqh8SQE,2023-10-29T15:00:00.000Z
,,17,manual,manual,1698577200000,wd1Hywef6DP4zoaCPrw4GmwPNNkPdX$0$manual$manual$0,PjBwCwo7XwWdl0hXUWF7pGBt2VFxOp,2023-10-29T11:00:00.000Z
,,17.4,manual,manual,1698562800000,wd1Hywef6DP4zoaCPrw4GmwPNNkPdX$0$manual$manual$0,kYQmP33mQVsdPg76X6PwWNJyi0NGkx,2023-10-29T07:00:00.000Z
,,18.1,manual,manual,1698548400000,wd1Hywef6DP4zoaCPrw4GmwPNNkPdX$0$manual$manual$0,EOeqgjPygowUUUxeVQHvWdzZ0reySJ,2023-10-29T03:00:00.000Z
,,18,manual,manual,1698530400000,wd1Hywef6DP4zoaCPrw4GmwPNNkPdX$0$manual$manual$0,3DuyiSPTtLM0cl2u5vWuuXCSU6RJIJ,2023-10-28T22:00:00.000Z
,,17.5,manual,manual,1698516000000,wd1Hywef6DP4zoaCPrw4GmwPNNkPdX$0$manual$manual$0,AN3RmDwRLcWBFPSHUMeM0FhtlMhn5U,2023-10-28T18:00:00.000Z
,,17,manual,manual,1698501600000,wd1Hywef6DP4zoaCPrw4GmwPNNkPdX$0$manual$manual$0,U9abWtTZUoEsYRU6uMubjFGRpyYJUw,2023-10-28T14:00:00.000Z
,,17.5,manual,manual,1698487200000,wd1Hywef6DP4zoaCPrw4GmwPNNkPdX$0$manual$manual$0,rVRT0HhK3ThEwN0a3L3dYRkmvHzqSO,2023-10-28T10:00:00.000Z
,,18.1,manual,manual,1698472800000,wd1Hywef6DP4zoaCPrw4GmwPNNkPdX$0$manual$manual$0,IJQW39mVBWWPAtEqD36Aae7VId09fN,2023-10-28T06:00:00.000Z
,,17.9,manual,manual,1698458400000,wd1Hywef6DP4zoaCPrw4GmwPNNkPdX$0$manual$manual$0,VdBAXCMFjI5gzK1ELNd8mpMmdKSYVy,2023-10-28T02:00:00.000Z
,,17.1,manual,manual,1698444000000,wd1Hywef6DP4zoaCPrw4GmwPNNkPdX$0$manual$manual$0,6FxvhD13RVQ39BTa2Ceb4ondi0wJgB,2023-10-27T22:00:00.000Z
,,17,manual,manual,1698429600000,wd1Hywef6DP4zoaCPrw4GmwPNNkPdX$0$manual$manual$0,uZ1fg1US4eoaCQRIDFdcfiv7JfiVOO,2023-10-27T18:00:00.000Z
,,18,manual,manual,1698415200000,wd1Hywef6DP4zoaCPrw4GmwPNNkPdX$0$manual$manual$0,5OCenmH2U6TkEc2OJGHKejqlPKKtdJ,2023-10-27T14:00:00.000Z
,,18.1,manual,manual,1698400800000,wd1Hywef6DP4zoaCPrw4GmwPNNkPdX$0$manual$manual$0,UpcE3ZWghRC9D1QtAFrrDiYs3o2GXK,2023-10-27T10:00:00.000Z
,,17.7,manual,manual,1698386400000,wd1Hywef6DP4zoaCPrw4GmwPNNkPdX$0$manual$manual$0,A4mlEkzwr242S6RRtpamvB0V8sXPGu,2023-10-27T06:00:00.000Z
,,17,manual,manual,1698372000000,wd1Hywef6DP4zoaCPrw4GmwPNNkPdX$0$manual$manual$0,CBojFmzxjpilSHnsN7TbI4kgATWN4x,2023-10-27T02:00:00.000Z
,,17.2,manual,manual,1698357600000,wd1Hywef6DP4zoaCPrw4GmwPNNkPdX$0$manual$manual$0,KcaI9k9TOZHyiG2qcxvgOs7HQducct,2023-10-26T22:00:00.000Z
,,18,manual,manual,1698343200000,wd1Hywef6DP4zoaCPrw4GmwPNNkPdX$0$manual$manual$0,oWAjq8LD7Sje3AiUdCK4uokkFxZc86,2023-10-26T18:00:00.000Z
,,18,manual,manual,1698328800000,wd1Hywef6DP4zoaCPrw4GmwPNNkPdX$0$manual$manual$0,n3oC934nst6TgdN3fulC6AJKgPcd93,2023-10-26T14:00:00.000Z
,,17.4,manual,manual,1698314400000,wd1Hywef6DP4zoaCPrw4GmwPNNkPdX$0$manual$manual$0,KYobZ9IvbICQhoHpUqKhIRdX0ZQpeH,2023-10-26T10:00:00.000Z
,,17,manual,manual,1698300000000,wd1Hywef6DP4zoaCPrw4GmwPNNkPdX$0$manual$manual$0,MUtse5A7NovFTlF9X8T3DmiU8KmEjh,2023-10-26T06:00:00.000Z
,,17.3,manual,manual,1698285600000,wd1Hywef6DP4zoaCPrw4GmwPNNkPdX$0$manual$manual$0,kI2K1Gdwr6klFwcdOO2gjJJmxFBHsM,2023-10-26T02:00:00.000Z
,,18,manual,manual,1698271200000,wd1Hywef6DP4zoaCPrw4GmwPNNkPdX$0$manual$manual$0,hJdeEp59Fe6z1OVdTP1pep4XQumiPG,2023-10-25T22:00:00.000Z
,,18.1,manual,manual,1698256800000,wd1Hywef6DP4zoaCPrw4GmwPNNkPdX$0$manual$manual$0,94FNmVSiWR6kN0skWtixAvogwgBEdS,2023-10-25T18:00:00.000Z
,,17.7,manual,manual,1698242400000,wd1Hywef6DP4zoaCPrw4GmwPNNkPdX$0$manual$manual$0,ZPkYPEH3DRC8YWCYdsLScYzSR5e1se,2023-10-25T14:00:00.000Z
,,17,manual,manual,1698228000000,wd1Hywef6DP4zoaCPrw4GmwPNNkPdX$0$manual$manual$0,cPbQliyf1z5GGOA0gLkMrdFCm36G6Y,2023-10-25T10:00:00.000Z
,,17.2,manual,manual,1698213600000,wd1Hywef6DP4zoaCPrw4GmwPNNkPdX$0$manual$manual$0,srwvLZR8dDK10JIPLZ47RpyV9CnFXH,2023-10-25T06:00:00.000Z
,,18,manual,manual,1698199200000,wd1Hywef6DP4zoaCPrw4GmwPNNkPdX$0$manual$manual$0,h2lS9Mea4Q4dUAarmoPF7k3znAPOEc,2023-10-25T02:00:00.000Z
,,18,manual,manual,1698184800000,wd1Hywef6DP4zoaCPrw4GmwPNNkPdX$0$manual$manual$0,AFctF1GEA9YAxRjHKnmztVoe25WrEn,2023-10-24T22:00:00.000Z
,,17.3,manual,manual,1698170400000,wd1Hywef6DP4zoaCPrw4GmwPNNkPdX$0$manual$manual$0,c47zaEtK77kIvUQaOy0KGsi8lG01J2,2023-10-24T18:00:00.000Z
,,17.3,manual,manual,1698156000000,wd1Hywef6DP4zoaCPrw4GmwPNNkPdX$0$manual$manual$0,5kILhnST8h16tcxfEkjOJrpRBSaI60,2023-10-24T14:00:00.000Z
,,18,manual,manual,1698141600000,wd1Hywef6DP4zoaCPrw4GmwPNNkPdX$0$manual$manual$0,Ch2zxZeAV6hxRRL51MeCytTe4RFur2,2023-10-24T10:00:00.000Z
,,17.8,manual,manual,1698127200000,wd1Hywef6DP4zoaCPrw4GmwPNNkPdX$0$manual$manual$0,FIvB69bF12UyOrqa129YhmE7spadcl,2023-10-24T06:00:00.000Z
,,17.1,manual,manual,1698112800000,wd1Hywef6DP4zoaCPrw4GmwPNNkPdX$0$manual$manual$0,mXpUzkfvKYG8RTXiRGA9rjM5NuNheD,2023-10-24T02:00:00.000Z
,,17.3,manual,manual,1698098400000,wd1Hywef6DP4zoaCPrw4GmwPNNkPdX$0$manual$manual$0,MXYlGcQ9bnxkV3ZTRGA75F685AW7d2,2023-10-23T22:00:00.000Z
,,18,manual,manual,1698084000000,wd1Hywef6DP4zoaCPrw4GmwPNNkPdX$0$manual$manual$0,QgxOBeH4O2nQGPPhDLBS2qwbl087RT,2023-10-23T18:00:00.000Z
,,17.7,manual,manual,1698069600000,wd1Hywef6DP4zoaCPrw4GmwPNNkPdX$0$manual$manual$0,aTKN6Aab7RblsxlmvdOoZtNnM8IOye,2023-10-23T14:00:00.000Z
,,17,manual,manual,1698055200000,wd1Hywef6DP4zoaCPrw4GmwPNNkPdX$0$manual$manual$0,pur64CRUBrRz80xbv8g8Jq2SD8MlI3,2023-10-23T10:00:00.000Z
,,17,manual,manual,1698040800000,wd1Hywef6DP4zoaCPrw4GmwPNNkPdX$0$manual$manual$0,prwIJt16LIdScyZnSvoqCHBE2q13Em,2023-10-23T06:00:00.000Z
,,17.5,manual,manual,1698026400000,wd1Hywef6DP4zoaCPrw4GmwPNNkPdX$0$manual$manual$0,HCwjNhM8750GArsNnB5HewjbNzfWNa,2023-10-23T02:00:00.000Z
,,18.1,manual,manual,1698012000000,wd1Hywef6DP4zoaCPrw4GmwPNNkPdX$0$manual$manual$0,1LvVFad98pRpHdLe6IN3wqRx9qvCJU,2023-10-22T22:00:00.000Z
,,17.5,manual,manual,1697997600000,wd1Hywef6DP4zoaCPrw4GmwPNNkPdX$0$manual$manual$0,IJCseMI7IfWQFh12eBaj9Sq4zQoVYV,2023-10-22T18:00:00.000Z
,,17.6,manual,manual,1697983200000,wd1Hywef6DP4zoaCPrw4GmwPNNkPdX$0$manual$manual$0,6g43k1BNqQJ0vLQnfJhwAPzT9q1jAl,2023-10-22T14:00:00.000Z
,,18.1,manual,manual,1697968800000,wd1Hywef6DP4zoaCPrw4GmwPNNkPdX$0$manual$manual$0,kBUrS9nXJgynYUh6z5jF8sdu4jkcNc,2023-10-22T10:00:00.000Z
,,17.3,manual,manual,1697954400000,wd1Hywef6DP4zoaCPrw4GmwPNNkPdX$0$manual$manual$0,y5jWiKJOMFYqUXUuu0HF4Zk5WSo6rD,2023-10-22T06:00:00.000Z
,,17.4,manual,manual,1697940000000,wd1Hywef6DP4zoaCPrw4GmwPNNkPdX$0$manual$manual$0,UmjZCrDaSkt2Yb5WHRKI5ciWHVowmu,2023-10-22T02:00:00.000Z
,,18.1,manual,manual,1697925600000,wd1Hywef6DP4zoaCPrw4GmwPNNkPdX$0$manual$manual$0,ZJFo1ddzSaBko5hpVTTdv1jxdwjRdV,2023-10-21T22:00:00.000Z
,,17.5,manual,manual,1697911200000,wd1Hywef6DP4zoaCPrw4GmwPNNkPdX$0$manual$manual$0,MLlD4Nih8xFF9vUCC5uaH5J7IKg9Ib,2023-10-21T18:00:00.000Z
,,17.7,manual,manual,1697896800000,wd1Hywef6DP4zoaCPrw4GmwPNNkPdX$0$manual$manual$0,wrQQqsj6Yz8Gmso1pNDsaiK62B6viW,2023-10-21T14:00:00.000Z
,,18,manual,manual,1697882400000,wd1Hywef6DP4zoaCPrw4GmwPNNkPdX$0$manual$manual$0,Er9ivhBERqu6TzCy4RDn2GaomANkR9,2023-10-21T10:00:00.000Z
,,17.3,manual,manual,1697868000000,wd1Hywef6DP4zoaCPrw4GmwPNNkPdX$0$manual$manual$0,azzGPVzMU8bK1tNgJDfck6qZlDBTu5,2023-10-21T06:00:00.000Z
,,17.1,manual,manual,1697853600000,wd1Hywef6DP4zoaCPrw4GmwPNNkPdX$0$manual$manual$0,36WHInJmJHwwWuxCujvjT5slLfRAUf,2023-10-21T02:00:00.000Z
,,18,manual,manual,1697839200000,wd1Hywef6DP4zoaCPrw4GmwPNNkPdX$0$manual$manual$0,ODk1anay1YtVncprP6jWD1p0Cstj5Y,2023-10-20T22:00:00.000Z
,,17.4,manual,manual,1697826600000,wd1Hywef6DP4zoaCPrw4GmwPNNkPdX$0$manual$manual$0,6UsoItqAhuLX8A5XJo40DCLXdgamlQ,2023-10-20T18:30:00.000Z
,,17.1,manual,manual,1697810400000,wd1Hywef6DP4zoaCPrw4GmwPNNkPdX$0$manual$manual$0,CjhJWGA0QWQHis5oiFW45CfjE6HV2X,2023-10-20T14:00:00.000Z
,,17,manual,manual,1697796000000,wd1Hywef6DP4zoaCPrw4GmwPNNkPdX$0$manual$manual$0,RMhSTtxteLMRMA2qzRZzE3y0ve3B8d,2023-10-20T10:00:00.000Z
,,18.1,manual,manual,1697781600000,wd1Hywef6DP4zoaCPrw4GmwPNNkPdX$0$manual$manual$0,1qEmkjw6P9kL0zhvs3bocLhJqzHrrg,2023-10-20T06:00:00.000Z
,,17.3,manual,manual,1697767200000,wd1Hywef6DP4zoaCPrw4GmwPNNkPdX$0$manual$manual$0,lABLpfwqCAF08P0kZ4fTUdYs4M3BFn,2023-10-20T02:00:00.000Z
,,18,manual,manual,1697752800000,wd1Hywef6DP4zoaCPrw4GmwPNNkPdX$0$manual$manual$0,nQtLFmxxMSesrDRYjZUbvqTeGPNp54,2023-10-19T22:00:00.000Z
,,17.6,manual,manual,1697738400000,wd1Hywef6DP4zoaCPrw4GmwPNNkPdX$0$manual$manual$0,1Jy9dT9tlGoRJjvafFZ4PTUStty8MC,2023-10-19T18:00:00.000Z
,,17.8,manual,manual,1697724000000,wd1Hywef6DP4zoaCPrw4GmwPNNkPdX$0$manual$manual$0,Tm8qBAJwjPadmseZcsoWPOZbDSurjv,2023-10-19T14:00:00.000Z
,,18,manual,manual,1697709600000,wd1Hywef6DP4zoaCPrw4GmwPNNkPdX$0$manual$manual$0,aCUX2AlVByjZC72OtUZNdbXA5hw9CO,2023-10-19T10:00:00.000Z
,,17.2,manual,manual,1697695200000,wd1Hywef6DP4zoaCPrw4GmwPNNkPdX$0$manual$manual$0,Eed79TdlHxkOJPA1h43Yt92GKctuji,2023-10-19T06:00:00.000Z
,,17.1,manual,manual,1697680800000,wd1Hywef6DP4zoaCPrw4GmwPNNkPdX$0$manual$manual$0,oQHhGXItN0bpS8YXff3cXvlGINlnDT,2023-10-19T02:00:00.000Z
,,18,manual,manual,1697666400000,wd1Hywef6DP4zoaCPrw4GmwPNNkPdX$0$manual$manual$0,GiuoQRh9T4cJDuz83Fy0A12lfVVi1g,2023-10-18T22:00:00.000Z
,,18,manual,manual,1697652000000,wd1Hywef6DP4zoaCPrw4GmwPNNkPdX$0$manual$manual$0,UoLYDcecoByEpAECJWTGD77fdCwXB7,2023-10-18T18:00:00.000Z
,,17.4,manual,manual,1697637600000,wd1Hywef6DP4zoaCPrw4GmwPNNkPdX$0$manual$manual$0,9qko0Ziodj19j6f6Wq6TWYbyvbE4jX,2023-10-18T14:00:00.000Z
,,17,manual,manual,1697623200000,wd1Hywef6DP4zoaCPrw4GmwPNNkPdX$0$manual$manual$0,ql8ROZHfCCvX4LuapFpp2kgfAsjAii,2023-10-18T10:00:00.000Z
,,17.1,manual,manual,1697608800000,wd1Hywef6DP4zoaCPrw4GmwPNNkPdX$0$manual$manual$0,MX9ToU9JzgsHAZk2BftTinYdKLOIp3,2023-10-18T06:00:00.000Z
,,17.6,manual,manual,1697594400000,wd1Hywef6DP4zoaCPrw4GmwPNNkPdX$0$manual$manual$0,wzEouUYargXQLWPtJqeLLaIZ1CoQmJ,2023-10-18T02:00:00.000Z
,,18.1,manual,manual,1697580000000,wd1Hywef6DP4zoaCPrw4GmwPNNkPdX$0$manual$manual$0,8CT7qol5gqR6UcR7c5N9fPHj0rIJN1,2023-10-17T22:00:00.000Z
,,17.8,manual,manual,1697565600000,wd1Hywef6DP4zoaCPrw4GmwPNNkPdX$0$manual$manual$0,xpQR03k3SXcdazSy3DGmpFmNnaomrz,2023-10-17T18:00:00.000Z
,,17.2,manual,manual,1697551200000,wd1Hywef6DP4zoaCPrw4GmwPNNkPdX$0$manual$manual$0,KBm88kkUGeQha4i4FOztvMjr5QBO3L,2023-10-17T14:00:00.000Z
,,17.3,manual,manual,1697536800000,wd1Hywef6DP4zoaCPrw4GmwPNNkPdX$0$manual$manual$0,FmQhFYfGeS8Z6wlyX3dRBDBJ8V9tfo,2023-10-17T10:00:00.000Z
,,17.9,manual,manual,1697522400000,wd1Hywef6DP4zoaCPrw4GmwPNNkPdX$0$manual$manual$0,rkNbF6Z6zVWLoQLWrAghlydfFlg73X,2023-10-17T06:00:00.000Z
,,18,manual,manual,1697508000000,wd1Hywef6DP4zoaCPrw4GmwPNNkPdX$0$manual$manual$0,LlG49Qm9yrAHoFX6Q79tnlDgpWS2EI,2023-10-17T02:00:00.000Z
,,17.6,manual,manual,1697493600000,wd1Hywef6DP4zoaCPrw4GmwPNNkPdX$0$manual$manual$0,eB7SQQhXs7GFfGxiiVPUaBVHTJaUQD,2023-10-16T22:00:00.000Z
,,17.1,manual,manual,1697479200000,wd1Hywef6DP4zoaCPrw4GmwPNNkPdX$0$manual$manual$0,OWjlV4289D8SgtiKZEBTNiIrVkmgAl,2023-10-16T18:00:00.000Z
,,17.8,manual,manual,1697464800000,wd1Hywef6DP4zoaCPrw4GmwPNNkPdX$0$manual$manual$0,4O9qCDD9ZLVAoUuPlIJqTl7rKh4DMI,2023-10-16T14:00:00.000Z
,,18,manual,manual,1697450400000,wd1Hywef6DP4zoaCPrw4GmwPNNkPdX$0$manual$manual$0,UDoEPaHPAWmxCOUNCjD3jgsfyamYAe,2023-10-16T10:00:00.000Z
,,17.9,manual,manual,1697436000000,wd1Hywef6DP4zoaCPrw4GmwPNNkPdX$0$manual$manual$0,pFQC7Hyop5e7beQINc7SKiVIpacnuo,2023-10-16T06:00:00.000Z
,,17.3,manual,manual,1697421600000,wd1Hywef6DP4zoaCPrw4GmwPNNkPdX$0$manual$manual$0,4Ml4C8wfc4uZttla2WHjGASOt6WoMD,2023-10-16T02:00:00.000Z
,,16.9,manual,manual,1697407200000,wd1Hywef6DP4zoaCPrw4GmwPNNkPdX$0$manual$manual$0,bTegcuw0pa5XocbU125wXJIGQ0w0fe,2023-10-15T22:00:00.000Z
,,17.7,manual,manual,1697392800000,wd1Hywef6DP4zoaCPrw4GmwPNNkPdX$0$manual$manual$0,oYVsqggjTm5ZMXN24F2FLV09LzbgLr,2023-10-15T18:00:00.000Z
,,18,manual,manual,1697378400000,wd1Hywef6DP4zoaCPrw4GmwPNNkPdX$0$manual$manual$0,q6TFgcqmVWh0DYUj32ydMkeBYcuTSW,2023-10-15T14:00:00.000Z
,,17.7,manual,manual,1697364000000,wd1Hywef6DP4zoaCPrw4GmwPNNkPdX$0$manual$manual$0,moAOaYCONbkvCZy3kHvIwseClbml8t,2023-10-15T10:00:00.000Z
,,17.2,manual,manual,1697349600000,wd1Hywef6DP4zoaCPrw4GmwPNNkPdX$0$manual$manual$0,W5bCuHkcYLVVSQQXMnGpYEI2RBgzAP,2023-10-15T06:00:00.000Z
,,17,manual,manual,1697335200000,wd1Hywef6DP4zoaCPrw4GmwPNNkPdX$0$manual$manual$0,vx05l6X4vwfpQrguuy2ILpnMUlwJAS,2023-10-15T02:00:00.000Z
,,18,manual,manual,1697320800000,wd1Hywef6DP4zoaCPrw4GmwPNNkPdX$0$manual$manual$0,FmTB9iXxBMrwPhQc8z3QmuWh3By0ri,2023-10-14T22:00:00.000Z
,,17.8,manual,manual,1697306400000,wd1Hywef6DP4zoaCPrw4GmwPNNkPdX$0$manual$manual$0,1U8mM3QrcTYdoz9VF7WJsLBYEAlJOi,2023-10-14T18:00:00.000Z
,,17.5,manual,manual,1697292000000,wd1Hywef6DP4zoaCPrw4GmwPNNkPdX$0$manual$manual$0,reUKVGls4apT2C3j72amBwooUZWloS,2023-10-14T14:00:00.000Z
,,17.6,manual,manual,1697277600000,wd1Hywef6DP4zoaCPrw4GmwPNNkPdX$0$manual$manual$0,BUzbaCdx6A45owfzBCDFYAF5iXyggE,2023-10-14T10:00:00.000Z
,,17.9,manual,manual,1697263200000,wd1Hywef6DP4zoaCPrw4GmwPNNkPdX$0$manual$manual$0,lKMByHAkMP0YxjjVcuL1GQj9yL4JqO,2023-10-14T06:00:00.000Z
,,17.2,manual,manual,1697254200000,wd1Hywef6DP4zoaCPrw4GmwPNNkPdX$0$manual$manual$0,5pIKvYzo29gleSCrn839TCZRbJzqch,2023-10-14T03:30:00.000Z
,,17.7,manual,manual,1697219100000,wd1Hywef6DP4zoaCPrw4GmwPNNkPdX$0$manual$manual$0,9y709kNd94MjyKVrEelCeIOA2e9e8G,2023-10-13T17:45:00.000Z
,,17.8,manual,manual,1697205600000,wd1Hywef6DP4zoaCPrw4GmwPNNkPdX$0$manual$manual$0,TEBXLqbBieW0FKnT6BkRp5OpIAecYT,2023-10-13T14:00:00.000Z
,,17.9,manual,manual,1697194800000,wd1Hywef6DP4zoaCPrw4GmwPNNkPdX$0$manual$manual$0,HuG8BHB0qdsN9ZDpRRaOYrDwaZ8gTf,2023-10-13T11:00:00.000Z
,,18.1,manual,manual,1697176800000,wd1Hywef6DP4zoaCPrw4GmwPNNkPdX$0$manual$manual$0,Y1Td7hBDvVNOGZgWIQC6lz3EUVYuiY,2023-10-13T06:00:00.000Z
,,17.1,manual,manual,1697162400000,wd1Hywef6DP4zoaCPrw4GmwPNNkPdX$0$manual$manual$0,1b6XRSpGkrMh3DCuhJP7tLyMnozaZa,2023-10-13T02:00:00.000Z
,,17.3,manual,manual,1697148000000,wd1Hywef6DP4zoaCPrw4GmwPNNkPdX$0$manual$manual$0,yhLi3udQsfhl71LdPaocOa8JpIBrsB,2023-10-12T22:00:00.000Z
,,17.7,manual,manual,1697133600000,wd1Hywef6DP4zoaCPrw4GmwPNNkPdX$0$manual$manual$0,q3dsV0FjxtJqX5uxyFGgfYd8OeS4Db,2023-10-12T18:00:00.000Z
,,18.1,manual,manual,1697119200000,wd1Hywef6DP4zoaCPrw4GmwPNNkPdX$0$manual$manual$0,wb7dhuVeqLTZbGzYUHIT1jWwSWnFzl,2023-10-12T14:00:00.000Z
,,17.1,manual,manual,1697104800000,wd1Hywef6DP4zoaCPrw4GmwPNNkPdX$0$manual$manual$0,fogu6MHwiYuEMNg99sUa0KKAcUrk1T,2023-10-12T10:00:00.000Z
,,17.5,manual,manual,1697090400000,wd1Hywef6DP4zoaCPrw4GmwPNNkPdX$0$manual$manual$0,bs7zbR0NNtVaPdHPxBvOZFyH3V6ndt,2023-10-12T06:00:00.000Z
,,17.5,manual,manual,1697076000000,wd1Hywef6DP4zoaCPrw4GmwPNNkPdX$0$manual$manual$0,i4Ju6Dv1P5qrn3LlUzqj7VseJ7XPKr,2023-10-12T02:00:00.000Z
,,17.5,manual,manual,1697061600000,wd1Hywef6DP4zoaCPrw4GmwPNNkPdX$0$manual$manual$0,eymhWHyb53X7WIBuLozu6VzT3V1nSU,2023-10-11T22:00:00.000Z
,,17.4,manual,manual,1697047200000,wd1Hywef6DP4zoaCPrw4GmwPNNkPdX$0$manual$manual$0,Tj2oB3cVsQEVFUdmwS8HidUZtNuhEx,2023-10-11T18:00:00.000Z
,,17.4,manual,manual,1697032800000,wd1Hywef6DP4zoaCPrw4GmwPNNkPdX$0$manual$manual$0,gS6eZg3uBUjqij4zGN7eDFa8EfJrSx,2023-10-11T14:00:00.000Z
,,17.4,manual,manual,1697018400000,wd1Hywef6DP4zoaCPrw4GmwPNNkPdX$0$manual$manual$0,4y41A2Oc0Chdr7194b4hiOPA3PbM8x,2023-10-11T10:00:00.000Z
,,17.5,manual,manual,1697004000000,wd1Hywef6DP4zoaCPrw4GmwPNNkPdX$0$manual$manual$0,nB9NhaRdute7KxpwzAmU9buZxH8ZFE,2023-10-11T06:00:00.000Z
,,17.5,manual,manual,1696989600000,wd1Hywef6DP4zoaCPrw4GmwPNNkPdX$0$manual$manual$0,Ri9nAXpxPNMXgwkBvQXniIaXzKCt1P,2023-10-11T02:00:00.000Z
,,17.5,manual,manual,1696975200000,wd1Hywef6DP4zoaCPrw4GmwPNNkPdX$0$manual$manual$0,hZF1MyMzS0IzOFIbr9T46zEUUYqWhF,2023-10-10T22:00:00.000Z
,,17.4,manual,manual,1696960800000,wd1Hywef6DP4zoaCPrw4GmwPNNkPdX$0$manual$manual$0,Jb0zLKMTXp5gMi1bsrop0297MFu8fK,2023-10-10T18:00:00.000Z
,,17.1,manual,manual,1696946400000,wd1Hywef6DP4zoaCPrw4GmwPNNkPdX$0$manual$manual$0,1EkDbXztamBA7q61sjUgx0hNjqGzEc,2023-10-10T14:00:00.000Z
,,17.1,manual,manual,1696932000000,wd1Hywef6DP4zoaCPrw4GmwPNNkPdX$0$manual$manual$0,CIpTVV4aAKXfjDgsSOna7af096XJxv,2023-10-10T10:00:00.000Z
,,17.3,manual,manual,1696917600000,wd1Hywef6DP4zoaCPrw4GmwPNNkPdX$0$manual$manual$0,EgzhzsMLnRCYaXVtl9htQlwY4xTgS0,2023-10-10T06:00:00.000Z
,,17.6,manual,manual,1696903200000,wd1Hywef6DP4zoaCPrw4GmwPNNkPdX$0$manual$manual$0,SWfeIiqv2yEHIbRm0ofgT7r9Md5gnm,2023-10-10T02:00:00.000Z
,,17.6,manual,manual,1696888800000,wd1Hywef6DP4zoaCPrw4GmwPNNkPdX$0$manual$manual$0,t08pbbsm2UOF85aMVghwSPpTOF53al,2023-10-09T22:00:00.000Z
,,17.6,manual,manual,1696874400000,wd1Hywef6DP4zoaCPrw4GmwPNNkPdX$0$manual$manual$0,veO5lmHpr2wc0MRH38UJfXwHDHq3nc,2023-10-09T18:00:00.000Z
,,17.6,manual,manual,1696860000000,wd1Hywef6DP4zoaCPrw4GmwPNNkPdX$0$manual$manual$0,Xi9C3nfmBJ53kzac7eHEsjJA1gh601,2023-10-09T14:00:00.000Z
,,17.6,manual,manual,1696845600000,wd1Hywef6DP4zoaCPrw4GmwPNNkPdX$0$manual$manual$0,HWz6FkIM8SujyAadx6vB2XC2HxlCoj,2023-10-09T10:00:00.000Z
,,18.1,manual,manual,1696831200000,wd1Hywef6DP4zoaCPrw4GmwPNNkPdX$0$manual$manual$0,YPAEPKt2lwFAo6kK5DyiK2qxvEpl1q,2023-10-09T06:00:00.000Z
,,17.8,manual,manual,1696816800000,wd1Hywef6DP4zoaCPrw4GmwPNNkPdX$0$manual$manual$0,dTLGD2BCJNsmbn5gUdAn16xdjQafyR,2023-10-09T02:00:00.000Z
,,17.3,manual,manual,1696802400000,wd1Hywef6DP4zoaCPrw4GmwPNNkPdX$0$manual$manual$0,lflt89TkC51vNulykkj1xmtsLHrgQQ,2023-10-08T22:00:00.000Z
,,17.4,manual,manual,1696788000000,wd1Hywef6DP4zoaCPrw4GmwPNNkPdX$0$manual$manual$0,XJuaSnPRazDtNqP23sjrqqcIu1WofM,2023-10-08T18:00:00.000Z
,,17.4,manual,manual,1696773600000,wd1Hywef6DP4zoaCPrw4GmwPNNkPdX$0$manual$manual$0,dhAGId9mJBnrrBpNOFvKyUxKOgNvqv,2023-10-08T14:00:00.000Z
,,17.4,manual,manual,1696759200000,wd1Hywef6DP4zoaCPrw4GmwPNNkPdX$0$manual$manual$0,D0lVqZ609uZrdtYI4J48WBu1UxinhM,2023-10-08T10:00:00.000Z
,,17.5,manual,manual,1696744800000,wd1Hywef6DP4zoaCPrw4GmwPNNkPdX$0$manual$manual$0,yAVcIlJ5NH32i5ZpYHqoYZDQevkPIl,2023-10-08T06:00:00.000Z
,,17.5,manual,manual,1696730400000,wd1Hywef6DP4zoaCPrw4GmwPNNkPdX$0$manual$manual$0,oQQzwsjjsyk87G2PSyOcPsEvKO1k2s,2023-10-08T02:00:00.000Z
,,17.4,manual,manual,1696716000000,wd1Hywef6DP4zoaCPrw4GmwPNNkPdX$0$manual$manual$0,CkZHnC9BfWZDDNWWJsJ7iRpgEsxUTG,2023-10-07T22:00:00.000Z
,,17.4,manual,manual,1696701600000,wd1Hywef6DP4zoaCPrw4GmwPNNkPdX$0$manual$manual$0,vefXENMs1K3tmsgUY20LA0TUnfVjm1,2023-10-07T18:00:00.000Z
,,17.2,manual,manual,1696687200000,wd1Hywef6DP4zoaCPrw4GmwPNNkPdX$0$manual$manual$0,TZ5GEAWK0ieqo7Gjod371uJAeXYpV2,2023-10-07T14:00:00.000Z
,,17.2,manual,manual,1696672800000,wd1Hywef6DP4zoaCPrw4GmwPNNkPdX$0$manual$manual$0,SvlwF0sJeuWxDRHkzMhQEl52E10xk9,2023-10-07T10:00:00.000Z
,,17.3,manual,manual,1696658400000,wd1Hywef6DP4zoaCPrw4GmwPNNkPdX$0$manual$manual$0,x6mCjzW4geXVUwQJjZ1v552I25K7AM,2023-10-07T06:00:00.000Z
,,17.5,manual,manual,1696644000000,wd1Hywef6DP4zoaCPrw4GmwPNNkPdX$0$manual$manual$0,bpUgKi6O5CMky3rmF0MPogVhpsiGjY,2023-10-07T02:00:00.000Z
,,17.9,manual,manual,1696629600000,wd1Hywef6DP4zoaCPrw4GmwPNNkPdX$0$manual$manual$0,4o1knwG630JALL6ybTmLmJaiNS3e0y,2023-10-06T22:00:00.000Z
,,18.2,manual,manual,1696615200000,wd1Hywef6DP4zoaCPrw4GmwPNNkPdX$0$manual$manual$0,u7TBd7ASQOXoFAccqLCdgCVnIjxoLa,2023-10-06T18:00:00.000Z
,,18.2,manual,manual,1696600800000,wd1Hywef6DP4zoaCPrw4GmwPNNkPdX$0$manual$manual$0,NV4ozUNewKiogE3w8uQ9C6eRjDpevh,2023-10-06T14:00:00.000Z
,,17.4,manual,manual,1696586400000,wd1Hywef6DP4zoaCPrw4GmwPNNkPdX$0$manual$manual$0,lvSVe6enzoJkmgs7c6k2ryLDmfLbI0,2023-10-06T10:00:00.000Z
,,17.7,manual,manual,1696572000000,wd1Hywef6DP4zoaCPrw4GmwPNNkPdX$0$manual$manual$0,0kYw0nEvgJDbHDUPdp9uYPbcuuhMSw,2023-10-06T06:00:00.000Z
,,18,manual,manual,1696557600000,wd1Hywef6DP4zoaCPrw4GmwPNNkPdX$0$manual$manual$0,6eG7xeDjx3Lyh84Oc2IJfR3InDDR8z,2023-10-06T02:00:00.000Z
,,17.3,manual,manual,1696543200000,wd1Hywef6DP4zoaCPrw4GmwPNNkPdX$0$manual$manual$0,jwz0q3zwLmx8JbjuCfaPmEVDGccfKr,2023-10-05T22:00:00.000Z
,,17.6,manual,manual,1696528800000,wd1Hywef6DP4zoaCPrw4GmwPNNkPdX$0$manual$manual$0,06OBEwG6A6LBRaZFyCTF8AyDGv2cXQ,2023-10-05T18:00:00.000Z
,,17.7,manual,manual,1696514400000,wd1Hywef6DP4zoaCPrw4GmwPNNkPdX$0$manual$manual$0,ZT68bq1Xk9o3NOWd12Ic2fpMatvKVh,2023-10-05T14:00:00.000Z
,,18.1,manual,manual,1696500000000,wd1Hywef6DP4zoaCPrw4GmwPNNkPdX$0$manual$manual$0,Zj6u1JsDRFFr13TJuvWxH6AbminHg5,2023-10-05T10:00:00.000Z
,,17.1,manual,manual,1696485600000,wd1Hywef6DP4zoaCPrw4GmwPNNkPdX$0$manual$manual$0,vcRNVwSr4tcfA0U6sDl0xolh4Ay1CT,2023-10-05T06:00:00.000Z
,,17.9,manual,manual,1696471200000,wd1Hywef6DP4zoaCPrw4GmwPNNkPdX$0$manual$manual$0,HsUFC8zJLCAnvMXZjaGmuJRd1Tnufa,2023-10-05T02:00:00.000Z
,,18.1,manual,manual,1696456800000,wd1Hywef6DP4zoaCPrw4GmwPNNkPdX$0$manual$manual$0,1FzNUIFqWf93tq4Fetznphv8Q2CJss,2023-10-04T22:00:00.000Z
,,20.5,manual,manual,1696442449450,wd1Hywef6DP4zoaCPrw4GmwPNNkPdX$0$manual$manual$0,eXALbuFH9Fw7AvFlvMIbweXWfkMDS5,2023-10-04T18:00:49.450Z
,,19.9,manual,manual,1696428000000,wd1Hywef6DP4zoaCPrw4GmwPNNkPdX$0$manual$manual$0,lywlkHDtoIsEbin2hnlzLqehj1Cz9n,2023-10-04T14:00:00.000Z
,,20.4,manual,manual,1696413600000,wd1Hywef6DP4zoaCPrw4GmwPNNkPdX$0$manual$manual$0,4D8fnwFXXxzFGUNOpUXilcU6vdXD1n,2023-10-04T10:00:00.000Z
,,20.6,manual,manual,1696395600000,wd1Hywef6DP4zoaCPrw4GmwPNNkPdX$0$manual$manual$0,1fdsatIFLQphOMQio4G9MftDXsf37C,2023-10-04T05:00:00.000Z
,,20,manual,manual,1696356000000,wd1Hywef6DP4zoaCPrw4GmwPNNkPdX$0$manual$manual$0,JZAtSVu1zXHxKSmU3wi3Gy0BxvYpgt,2023-10-03T18:00:00.000Z
,,20.3,manual,manual,1696341600000,wd1Hywef6DP4zoaCPrw4GmwPNNkPdX$0$manual$manual$0,SDwWI0JvSo1moLnqkke9CzygK3O2ny,2023-10-03T14:00:00.000Z
,,19.9,manual,manual,1696327200000,wd1Hywef6DP4zoaCPrw4GmwPNNkPdX$0$manual$manual$0,Da9kn9tkq7RLNaCuL5cvAgoJAZll1j,2023-10-03T10:00:00.000Z
,,20.6,manual,manual,1696312800000,wd1Hywef6DP4zoaCPrw4GmwPNNkPdX$0$manual$manual$0,dZexGPytyIBimEyhlHH5LsG8WYERX5,2023-10-03T06:00:00.000Z
1.006,,19.8,manual,manual,1696271960650,wd1Hywef6DP4zoaCPrw4GmwPNNkPdX$0$manual$manual$0,HNOl1521ALc1jKJFeG92AiJuOvXBLV,2023-10-02T18:39:20.650Z,0.145038,4.44
,,20.2,manual,manual,1696269600000,wd1Hywef6DP4zoaCPrw4GmwPNNkPdX$0$manual$manual$0,FnLbMbxZluhZRCB7SHI6kQPqtujOs7,2023-10-02T18:00:00.000Z,,
,no bubbles.,20.3,manual,manual,1696258800000,wd1Hywef6DP4zoaCPrw4GmwPNNkPdX$0$manual$manual$0,qOlOEaQzIzpgAkQ0whuEgkdOX775lL,2023-10-02T15:00:00.000Z,435.113213,
,,19.6,manual,manual,1696240800000,wd1Hywef6DP4zoaCPrw4GmwPNNkPdX$0$manual$manual$0,2tr8YR2VgRKFzTe7YsKD2o4eaScoUq,2023-10-02T10:00:00.000Z,,
,mo bubbles.,20.4,manual,manual,1696224600000,wd1Hywef6DP4zoaCPrw4GmwPNNkPdX$0$manual$manual$0,jtUR5ZmjzXGQ1KzpzmUpbec4mMvNjn,2023-10-02T05:30:00.000Z,507.632082,
,,19.8,manual,manual,1696212000000,wd1Hywef6DP4zoaCPrw4GmwPNNkPdX$0$manual$manual$0,7I0wY0IgheRdCUAmQOxzRpGdT0F6l1,2023-10-02T02:00:00.000Z,,
,,20.1,manual,manual,1696197600000,wd1Hywef6DP4zoaCPrw4GmwPNNkPdX$0$manual$manual$0,4lMoTm0muhpuB9P3X81nnF6Jm8TCmO,2023-10-01T22:00:00.000Z,,
,no bubbles.,20.2,manual,manual,1696186800000,wd1Hywef6DP4zoaCPrw4GmwPNNkPdX$0$manual$manual$0,EF6XuvqF5MCbfFRPcQQcBXtWklrzNI,2023-10-01T19:00:00.000Z,435.113213,
,no bubbles.,20.1,manual,manual,1696168800000,wd1Hywef6DP4zoaCPrw4GmwPNNkPdX$0$manual$manual$0,PhJaXl8MayeoHQAOVNN5vBIZuWuiuQ,2023-10-01T14:00:00.000Z,435.113213,
,no bubbles.,20.3,manual,manual,1696156200000,wd1Hywef6DP4zoaCPrw4GmwPNNkPdX$0$manual$manual$0,BmddgUYPehysrv1HbQ0dKYuVw8h1Na,2023-10-01T10:30:00.000Z,435.113213,
,no bubbles.,19.9,manual,manual,1696140000000,wd1Hywef6DP4zoaCPrw4GmwPNNkPdX$0$manual$manual$0,lX95CEUsm0brTPnKwqpJthA0rv4egD,2023-10-01T06:00:00.000Z,435.113213,
,,19.6,manual,manual,1696125600000,wd1Hywef6DP4zoaCPrw4GmwPNNkPdX$0$manual$manual$0,K6dcENjFl16JA2y0uiHbHMQFqnnc0y,2023-10-01T02:00:00.000Z,,
,,20.5,manual,manual,1696111200000,wd1Hywef6DP4zoaCPrw4GmwPNNkPdX$0$manual$manual$0,JzJNBtom2Z2DmnW4aTvo1GRXuLAQQi,2023-09-30T22:00:00.000Z,,
,no bubbles.,20.1,manual,manual,1696096800000,wd1Hywef6DP4zoaCPrw4GmwPNNkPdX$0$manual$manual$0,Vw2ergZ82RzXtOn6HbdcSSlzpTp16x,2023-09-30T18:00:00.000Z,435.113213,
,no bubbles.,20.5,manual,manual,1696085100000,wd1Hywef6DP4zoaCPrw4GmwPNNkPdX$0$manual$manual$0,Z7KGwRv5UhzapBKdJtjz6vFROHjkC3,2023-09-30T14:45:00.000Z,507.632082,
,no bubbles.,19.9,manual,manual,1696075200000,wd1Hywef6DP4zoaCPrw4GmwPNNkPdX$0$manual$manual$0,X7kd6NAt2pgiMAGgsYMk0eFjA4vtpw,2023-09-30T12:00:00.000Z,435.113213,
,no bubbles.,19.9,manual,manual,1696059000000,wd1Hywef6DP4zoaCPrw4GmwPNNkPdX$0$manual$manual$0,bDr2eTRjC4m0ez2dF7covPlnmVwjaC,2023-09-30T07:30:00.000Z,435.113213,
,,20.4,manual,manual,1696039200000,wd1Hywef6DP4zoaCPrw4GmwPNNkPdX$0$manual$manual$0,OiegHbTVWDLeOSk4WlKN64mc5qGG8e,2023-09-30T02:00:00.000Z,,
,,19.9,manual,manual,1696026600000,wd1Hywef6DP4zoaCPrw4GmwPNNkPdX$0$manual$manual$0,H9kotVDmjoKYbH17Ih4eEHcn2WtcyT,2023-09-29T22:30:00.000Z,,
,no bubbles.,19.9,manual,manual,1696011300000,wd1Hywef6DP4zoaCPrw4GmwPNNkPdX$0$manual$manual$0,MpxT3HzxdHohOTuRy59FdnnUYvxuhq,2023-09-29T18:15:00.000Z,507.632082,
,no bubbles.,19.7,manual,manual,1695999600000,wd1Hywef6DP4zoaCPrw4GmwPNNkPdX$0$manual$manual$0,pho7WA7AC5MWUVkwTMuAf9nBz3MGKh,2023-09-29T15:00:00.000Z,435.113213,
,,20.2,manual,manual,1695985200000,wd1Hywef6DP4zoaCPrw4GmwPNNkPdX$0$manual$manual$0,Vb2rGnDaNUVJRkyqDPRmh72IDC7y2q,2023-09-29T11:00:00.000Z,,
,no bubbles.,20,manual,manual,1695967200000,wd1Hywef6DP4zoaCPrw4GmwPNNkPdX$0$manual$manual$0,5PKkoTXfmBIhqgKJqXuPyqnkJYNoxO,2023-09-29T06:00:00.000Z,507.632082,
,,20.5,manual,manual,1695934800000,wd1Hywef6DP4zoaCPrw4GmwPNNkPdX$0$manual$manual$0,Yo6y5NIGIXZAuPoFqLwv4rH9oQQxte,2023-09-28T21:00:00.000Z,,
,,18.8,manual,manual,1695929400000,wd1Hywef6DP4zoaCPrw4GmwPNNkPdX$0$manual$manual$0,D9LItDX2PhxGozCopdRSHOtpWmmWZF,2023-09-28T19:30:00.000Z,,
,no bubbles.,17.7,manual,manual,1695925800000,wd1Hywef6DP4zoaCPrw4GmwPNNkPdX$0$manual$manual$0,iIalD9zz7d6dbzGwXO48G4AzRsZx9I,2023-09-28T18:30:00.000Z,435.113213,
,no bubbles.,17.7,manual,manual,1695913200000,wd1Hywef6DP4zoaCPrw4GmwPNNkPdX$0$manual$manual$0,8zs01ZjwLUPATOHsAs423swECDmSnC,2023-09-28T15:00:00.000Z,435.113213,
,no bubbles.,17.9,manual,manual,1695877200000,wd1Hywef6DP4zoaCPrw4GmwPNNkPdX$0$manual$manual$0,As2axZBFThIixbIeU2VbVKtz3yR6bz,2023-09-28T05:00:00.000Z,507.632082,
,,17.9,manual,manual,1695866400000,wd1Hywef6DP4zoaCPrw4GmwPNNkPdX$0$manual$manual$0,lDtcAh8vsw7Ai39i2lujzI7a29p8cx,2023-09-28T02:00:00.000Z,,
,,17.9,manual,manual,1695853800000,wd1Hywef6DP4zoaCPrw4GmwPNNkPdX$0$manual$manual$0,MToGr1GEc41xTFaWxpj2b1OMkytbd8,2023-09-27T22:30:00.000Z,,
,,17.9,manual,manual,1695843900000,wd1Hywef6DP4zoaCPrw4GmwPNNkPdX$0$manual$manual$0,gh1WtlTvGSn0n2PmbI20lM7TQJhWIo,2023-09-27T19:45:00.000Z,,
,no bubbles.,17.9,manual,manual,1695831300000,wd1Hywef6DP4zoaCPrw4GmwPNNkPdX$0$manual$manual$0,D8Lwgm150IH8ikNWC8SNaK3E3uSxY4,2023-09-27T16:15:00.000Z,580.150951,
,,17.1,manual,manual,1695805200000,wd1Hywef6DP4zoaCPrw4GmwPNNkPdX$0$manual$manual$0,2yKyUmz2fyKxDFeLyiuFz6NVEoYP7t,2023-09-27T09:00:00.000Z,,
,no bubbles.,17.6,manual,manual,1695790800000,wd1Hywef6DP4zoaCPrw4GmwPNNkPdX$0$manual$manual$0,Yn1Kiw6rf6f6xmgC5BptZxBlm3KSYe,2023-09-27T05:00:00.000Z,435.113213,
,,17.8,manual,manual,1695780000000,wd1Hywef6DP4zoaCPrw4GmwPNNkPdX$0$manual$manual$0,pxRHeqdBRslnlqgu4QQ2hBoYvXKXvG,2023-09-27T02:00:00.000Z,,
,,18.1,manual,manual,1695765600000,wd1Hywef6DP4zoaCPrw4GmwPNNkPdX$0$manual$manual$0,KpQuBrMJBBKWwMupWiQJOUOlUUvuFX,2023-09-26T22:00:00.000Z,,
,no bubbles.,18.1,manual,manual,1695758400000,wd1Hywef6DP4zoaCPrw4GmwPNNkPdX$0$manual$manual$0,plEBry017riQOX1fGfsvIESKl3QbiG,2023-09-26T20:00:00.000Z,580.150951,
,no bubbles.,18.1,manual,manual,1695747600000,wd1Hywef6DP4zoaCPrw4GmwPNNkPdX$0$manual$manual$0,Pah12MORESi5oWp0UiuW9f2r3IWsaT,2023-09-26T17:00:00.000Z,580.150951,
,,18.1,manual,manual,1695736800000,wd1Hywef6DP4zoaCPrw4GmwPNNkPdX$0$manual$manual$0,Kolf2NCpXg6VmBhWcAhiO5jnQZvVW5,2023-09-26T14:00:00.000Z,,
,,17.1,manual,manual,1695723300000,wd1Hywef6DP4zoaCPrw4GmwPNNkPdX$0$manual$manual$0,0FWOYlnwLGSNp9Z18D8B7kj9Qj2vuj,2023-09-26T10:15:00.000Z,,
,no bubbles.,17.7,manual,manual,1695708000000,wd1Hywef6DP4zoaCPrw4GmwPNNkPdX$0$manual$manual$0,2zzJ4FZIl82rWwRF4Ish34DCOdcuRw,2023-09-26T06:00:00.000Z,580.150951,
,,18.1,manual,manual,1695693600000,wd1Hywef6DP4zoaCPrw4GmwPNNkPdX$0$manual$manual$0,Nk4FLX1Y5hWP6oIZlWwGuDWUQZs1aT,2023-09-26T02:00:00.000Z,,
,,17.3,manual,manual,1695679200000,wd1Hywef6DP4zoaCPrw4GmwPNNkPdX$0$manual$manual$0,KPuTIQp2FoVYvcthJUXThr6lCOwXsj,2023-09-25T22:00:00.000Z,,
,no bubbles.,17.3,manual,manual,1695678300000,wd1Hywef6DP4zoaCPrw4GmwPNNkPdX$0$manual$manual$0,74rkrS8wmiZGUHQByJMMohty3YHysM,2023-09-25T21:45:00.000Z,580.150951,
,no bubbles.,17.3,manual,manual,1695663000000,wd1Hywef6DP4zoaCPrw4GmwPNNkPdX$0$manual$manual$0,GqCjph1dxPbSh3YvWGdU280Tf8RhOR,2023-09-25T17:30:00.000Z,580.150951,
,,17.3,manual,manual,1695650400000,wd1Hywef6DP4zoaCPrw4GmwPNNkPdX$0$manual$manual$0,FXcZsjDtjssnjn8JbYutdwMHBOMh0v,2023-09-25T14:00:00.000Z,,
,,17.6,manual,manual,1695636000000,wd1Hywef6DP4zoaCPrw4GmwPNNkPdX$0$manual$manual$0,3vXxavQk6BeSEigj9vKUFcb3XW3h64,2023-09-25T10:00:00.000Z,,
,no bubbles.,17.3,manual,manual,1695621600000,wd1Hywef6DP4zoaCPrw4GmwPNNkPdX$0$manual$manual$0,aJB20OoPOd0manVJZebuhX6wCVW52P,2023-09-25T06:00:00.000Z,580.150951,
,,18,manual,manual,1695607200000,wd1Hywef6DP4zoaCPrw4GmwPNNkPdX$0$manual$manual$0,5HMLpTmZ4OGU0sjfguhpb7XZVSZ8cv,2023-09-25T02:00:00.000Z,,
,,17.3,manual,manual,1695592800000,wd1Hywef6DP4zoaCPrw4GmwPNNkPdX$0$manual$manual$0,v8Tx98BzCtQ3HOPsjZSRVgS6Jecv1W,2023-09-24T22:00:00.000Z,,
,no bubbles.,17.3,manual,manual,1695591000000,wd1Hywef6DP4zoaCPrw4GmwPNNkPdX$0$manual$manual$0,TG59zm4OPTmCnDGCidkTWom6s98fch,2023-09-24T21:30:00.000Z,652.66982,
,no bubbles.,17.5,manual,manual,1695582000000,wd1Hywef6DP4zoaCPrw4GmwPNNkPdX$0$manual$manual$0,5G34W4GbZHpwoPOUhK5Cv8HgSCkV15,2023-09-24T19:00:00.000Z,652.66982,
,no bubbles.,17.9,manual,manual,1695560400000,wd1Hywef6DP4zoaCPrw4GmwPNNkPdX$0$manual$manual$0,1W2WbsYHYSgLo4sTOAURPxJQZt41nu,2023-09-24T13:00:00.000Z,696.181141,
,,17,manual,manual,1695549600000,wd1Hywef6DP4zoaCPrw4GmwPNNkPdX$0$manual$manual$0,A0jYKvdGklU6Zp59FZPD8pe7o4cMP6,2023-09-24T10:00:00.000Z,,
,no bubbles.,17.2,manual,manual,1695529800000,wd1Hywef6DP4zoaCPrw4GmwPNNkPdX$0$manual$manual$0,IiKzTLZbgoQTMqH8859FHxeRlKbVJU,2023-09-24T04:30:00.000Z,652.66982,
,,17.8,manual,manual,1695520800000,wd1Hywef6DP4zoaCPrw4GmwPNNkPdX$0$manual$manual$0,Nf0ktBl76PiNckexAHck0ZFxTEpIvE,2023-09-24T02:00:00.000Z,,
,,17.2,manual,manual,1695506400000,wd1Hywef6DP4zoaCPrw4GmwPNNkPdX$0$manual$manual$0,4iskj12vReYTnlJMpTJvsTgHJLU1xe,2023-09-23T22:00:00.000Z,,
,no bubbles.,17.8,manual,manual,1695494700000,wd1Hywef6DP4zoaCPrw4GmwPNNkPdX$0$manual$manual$0,gKq7yT7GZktHV3znjnpr8xRr30869g,2023-09-23T18:45:00.000Z,696.181141,
,,18,manual,manual,1695477600000,wd1Hywef6DP4zoaCPrw4GmwPNNkPdX$0$manual$manual$0,dTUjyw3GPjQbEvvHHUUcua0sW6JZ17,2023-09-23T14:00:00.000Z,,
,,17.4,manual,manual,1695463200000,wd1Hywef6DP4zoaCPrw4GmwPNNkPdX$0$manual$manual$0,n5zMdedajLWeCJHOPMcFk1KAAZoQgC,2023-09-23T10:00:00.000Z,,
,,18,manual,manual,1695448800000,wd1Hywef6DP4zoaCPrw4GmwPNNkPdX$0$manual$manual$0,apoBDPX796ip8fklve9IBuz2AtEVMN,2023-09-23T06:00:00.000Z,,
,no bubbles.,15.7,manual,manual,1695443400000,wd1Hywef6DP4zoaCPrw4GmwPNNkPdX$0$manual$manual$0,tkOJLMnH1sKWUhuUX5ZZG9JLeu2g8E,2023-09-23T04:30:00.000Z,696.181141,
,,16.3,manual,manual,1695420000000,wd1Hywef6DP4zoaCPrw4GmwPNNkPdX$0$manual$manual$0,dGbCDmEmtybkpVD4Jf45wBFlhfJ3hQ,2023-09-22T22:00:00.000Z,,
,no bubbles.,16.6,manual,manual,1695411000000,wd1Hywef6DP4zoaCPrw4GmwPNNkPdX$0$manual$manual$0,rzjlWTKkAQaUwfBuSMRrVq3kyHY6XW,2023-09-22T19:30:00.000Z,696.181141,
,one bubble.,16.6,manual,manual,1695403800000,wd1Hywef6DP4zoaCPrw4GmwPNNkPdX$0$manual$manual$0,iXi6X2ztWlE0cCxogHnhwHdXvORjGY,2023-09-22T17:30:00.000Z,725.188689,
,,16.6,manual,manual,1695391200000,wd1Hywef6DP4zoaCPrw4GmwPNNkPdX$0$manual$manual$0,mDfGG2ToEcyOR9pb5mFJePz7aNHGyk,2023-09-22T14:00:00.000Z,,
,,16.6,manual,manual,1695380400000,wd1Hywef6DP4zoaCPrw4GmwPNNkPdX$0$manual$manual$0,rfcFqkA0nZ8BGoZZ04vwQHlUt2ZpmO,2023-09-22T11:00:00.000Z,,
,one bubble.,17,manual,manual,1695361500000,wd1Hywef6DP4zoaCPrw4GmwPNNkPdX$0$manual$manual$0,c5UouDIyisHFVy7jrBV66cUD7LZL7V,2023-09-22T05:45:00.000Z,725.188689,
,many bubbles.,17.9,manual,manual,1695322800000,wd1Hywef6DP4zoaCPrw4GmwPNNkPdX$0$manual$manual$0,MNTT3s1uQgFoJOOLT4pSGSFymIR7O6,2023-09-21T19:00:00.000Z,725.188689,
,one bubble.,17.9,manual,manual,1695313800000,wd1Hywef6DP4zoaCPrw4GmwPNNkPdX$0$manual$manual$0,VsXnq5Kq4S4FaICmUjE7LNdOnRmuNo,2023-09-21T16:30:00.000Z,725.188689,
,,18.1,manual,manual,1695304800000,wd1Hywef6DP4zoaCPrw4GmwPNNkPdX$0$manual$manual$0,qXVO3l738qsvIoP0Ylg3tsskxYD8Aa,2023-09-21T14:00:00.000Z,,
,,18.1,manual,manual,1695290400000,wd1Hywef6DP4zoaCPrw4GmwPNNkPdX$0$manual$manual$0,2mMi2BpPdycOJJE7L4r56LwrRcSd67,2023-09-21T10:00:00.000Z,,
,three bubbles.,18,manual,manual,1695273300000,wd1Hywef6DP4zoaCPrw4GmwPNNkPdX$0$manual$manual$0,anFSilw43up8i3RXuBhB5P6YqNdZML,2023-09-21T05:15:00.000Z,725.188689,
,,18,manual,manual,1695261600000,wd1Hywef6DP4zoaCPrw4GmwPNNkPdX$0$manual$manual$0,4vgUHagK0O8jPhr5dVNNqIhU7aS7xY,2023-09-21T02:00:00.000Z,,
,,17.9,manual,manual,1695247200000,wd1Hywef6DP4zoaCPrw4GmwPNNkPdX$0$manual$manual$0,JLymAKCaR8mXtGatKW2sCvZ7Ngar23,2023-09-20T22:00:00.000Z,,
,many bubbles.,18.9,manual,manual,1695241800000,wd1Hywef6DP4zoaCPrw4GmwPNNkPdX$0$manual$manual$0,vP6xA7O6goVBnC0m1WT8IDdBjOuYwg,2023-09-20T20:30:00.000Z,725.188689,
,many bubbles.,18.6,manual,manual,1695234600000,wd1Hywef6DP4zoaCPrw4GmwPNNkPdX$0$manual$manual$0,opirunhs90TqUFgzNqlksPZSrtF2R5,2023-09-20T18:30:00.000Z,725.188689,
,,18.8,manual,manual,1695218400000,wd1Hywef6DP4zoaCPrw4GmwPNNkPdX$0$manual$manual$0,gwFuJBPF0gchYGCuNDuHLkpEF9na6I,2023-09-20T14:00:00.000Z,,
,,17.9,manual,manual,1695204000000,wd1Hywef6DP4zoaCPrw4GmwPNNkPdX$0$manual$manual$0,8PY7PGdZf1mranvhyRHNBrFa2k0jtY,2023-09-20T10:00:00.000Z,,
,,18.4,manual,manual,1695189600000,wd1Hywef6DP4zoaCPrw4GmwPNNkPdX$0$manual$manual$0,cewelNdmQHiBGXL7HCOxV0U87u55MF,2023-09-20T06:00:00.000Z,,
,many bubbles.,18.9,manual,manual,1695184200000,wd1Hywef6DP4zoaCPrw4GmwPNNkPdX$0$manual$manual$0,gL2cAXfezuAkCG3rvcJQfhR15nLlQF,2023-09-20T04:30:00.000Z,725.188689,
,,18.3,manual,manual,1695175200000,wd1Hywef6DP4zoaCPrw4GmwPNNkPdX$0$manual$manual$0,XF9ZQQKsSRSVeMIWpfiYKImLY8S7Bt,2023-09-20T02:00:00.000Z,,
,many bubbles.,18.6,manual,manual,1695160800000,wd1Hywef6DP4zoaCPrw4GmwPNNkPdX$0$manual$manual$0,ikxIuKBIdCC2sv6jIu5akYvF43pMv9,2023-09-19T22:00:00.000Z,725.188689,
,many bubbles.,18.5,manual,manual,1695157200000,wd1Hywef6DP4zoaCPrw4GmwPNNkPdX$0$manual$manual$0,HnAVImfqXGIGmO6NXH2JaInfGl23WN,2023-09-19T21:00:00.000Z,725.188689,
,many bubbles.,18.1,manual,manual,1695146400000,wd1Hywef6DP4zoaCPrw4GmwPNNkPdX$0$manual$manual$0,SlKfckUEPG9pTQ8hbACvnupQNgfb24,2023-09-19T18:00:00.000Z,725.188689,
,,18,manual,manual,1695132000000,wd1Hywef6DP4zoaCPrw4GmwPNNkPdX$0$manual$manual$0,TjwcqnCaGDITWUcuAlfn0NmYlYNYBu,2023-09-19T14:00:00.000Z,,
,,18,manual,manual,1695117600000,wd1Hywef6DP4zoaCPrw4GmwPNNkPdX$0$manual$manual$0,gZst0VmPzvr3waDGMVKTn969MNE6E2,2023-09-19T10:00:00.000Z,,
,one bubble.,18,manual,manual,1695100500000,wd1Hywef6DP4zoaCPrw4GmwPNNkPdX$0$manual$manual$0,GagxZXHMnIRgoohs0KZa3Xi8S84mgN,2023-09-19T05:15:00.000Z,725.188689,
,,18,manual,manual,1695090600000,wd1Hywef6DP4zoaCPrw4GmwPNNkPdX$0$manual$manual$0,ak9LqBaAPnLwIr9ENyTfh6z1vqpXkP,2023-09-19T02:30:00.000Z,,
,,18,manual,manual,1695070800000,wd1Hywef6DP4zoaCPrw4GmwPNNkPdX$0$manual$manual$0,4vkZopBc2cFZQukFpejUD0ZSzMgVJa,2023-09-18T21:00:00.000Z,,
1.041,Pitched 3 grams yeast,19.5,manual,manual,1695061080000,wd1Hywef6DP4zoaCPrw4GmwPNNkPdX$0$manual$manual$0,cqnVFJI8mJl9eEq46FjpoLaIwu3WcZ,2023-09-18T18:18:00.000Z,0.145038,