comment,sg,id,time,temp,type,__acc_reading_doc_id,__acc_reading_data_id,timepoint,pressure,ph
,,manual,1598650823219,21.5,manual,mJKNBigYoaSCcQBLbejGbaJ8YJJ2RC$0$manual$manual$0,qopEsyMb8LWe7G8btsNU,2020-08-28T21:40:23.219Z
,,manual,1598637380553,21.7,manual,mJKNBigYoaSCcQBLbejGbaJ8YJJ2RC$0$manual$manual$0,LnrR5sZ779gVplCnmgyz,2020-08-28T17:56:20.553Z
,,manual,1598594696697,21.7,manual,mJKNBigYoaSCcQBLbejGbaJ8YJJ2RC$0$manual$manual$0,7nzeyxN06UQu4FHBtLXr,2020-08-28T06:04:56.697Z
,,manual,1598564690852,21.2,manual,mJKNBigYoaSCcQBLbejGbaJ8YJJ2RC$0$manual$manual$0,avxPgQJaIaPiO2WUqKly,2020-08-27T21:44:50.852Z
,,manual,1598537821343,21.2,manual,mJKNBigYoaSCcQBLbejGbaJ8YJJ2RC$0$manual$manual$0,9NddcHXPsLcTfhavRZk3,2020-08-27T14:17:01.343Z
,,manual,1598510413665,21.4,manual,mJKNBigYoaSCcQBLbejGbaJ8YJJ2RC$0$manual$manual$0,wPA8IOlHoGxImAlOjFCu,2020-08-27T06:40:13.665Z
,,manual,1598477631136,21.4,manual,mJKNBigYoaSCcQBLbejGbaJ8YJJ2RC$0$manual$manual$0,vvQfDOBrZLbtf0Xh989l,2020-08-26T21:33:51.136Z
,,manual,1598457066274,21.2,manual,mJKNBigYoaSCcQBLbejGbaJ8YJJ2RC$0$manual$manual$0,g8LNmbVyQRoU2pKsHcFE,2020-08-26T15:51:06.274Z
,,manual,1598437176877,21.7,manual,mJKNBigYoaSCcQBLbejGbaJ8YJJ2RC$0$manual$manual$0,w5opd5FUBrBVUWLxt7yU,2020-08-26T10:19:36.877Z
,,manual,1598424297665,21.5,manual,mJKNBigYoaSCcQBLbejGbaJ8YJJ2RC$0$manual$manual$0,v45ujUwbuiUIcZRoUs4H,2020-08-26T06:44:57.665Z
,,manual,1598392645282,21.5,manual,mJKNBigYoaSCcQBLbejGbaJ8YJJ2RC$0$manual$manual$0,2mtK79TshdIuAFtampUO,2020-08-25T21:57:25.282Z
,,manual,1598370183478,22,manual,mJKNBigYoaSCcQBLbejGbaJ8YJJ2RC$0$manual$manual$0,Cvjq0WPwHlyPlqndWbe3,2020-08-25T15:43:03.478Z
,,manual,1598355496787,22.1,manual,mJKNBigYoaSCcQBLbejGbaJ8YJJ2RC$0$manual$manual$0,7MzKbDebkv7wtaiDv6lL,2020-08-25T11:38:16.787Z
,,manual,1598337904086,22.5,manual,mJKNBigYoaSCcQBLbejGbaJ8YJJ2RC$0$manual$manual$0,sGHdrJBJl3Q0eUpkk9XW,2020-08-25T06:45:04.086Z
,,manual,1598300300610,22.4,manual,mJKNBigYoaSCcQBLbejGbaJ8YJJ2RC$0$manual$manual$0,XKUciwlwcKmc77Od35of,2020-08-24T20:18:20.610Z
,,manual,1598270562161,22.8,manual,mJKNBigYoaSCcQBLbejGbaJ8YJJ2RC$0$manual$manual$0,Z0duzcVsin09saOXLufH,2020-08-24T12:02:42.161Z
,,manual,1598253431433,22.6,manual,mJKNBigYoaSCcQBLbejGbaJ8YJJ2RC$0$manual$manual$0,mU3JKqM5Hq4Ie5Hnrs5C,2020-08-24T07:17:11.433Z
,,manual,1598213024921,22.7,manual,mJKNBigYoaSCcQBLbejGbaJ8YJJ2RC$0$manual$manual$0,TYlkjY2LcAfkgnjTtLqe,2020-08-23T20:03:44.921Z
,,manual,1598193026525,22.5,manual,mJKNBigYoaSCcQBLbejGbaJ8YJJ2RC$0$manual$manual$0,tJA3L50DBS239gt3zWHm,2020-08-23T14:30:26.525Z
,,manual,1598182096643,22.8,manual,mJKNBigYoaSCcQBLbejGbaJ8YJJ2RC$0$manual$manual$0,sX3yDRzD43wtncrOnM40,2020-08-23T11:28:16.643Z
,,manual,1598168117980,22.2,manual,mJKNBigYoaSCcQBLbejGbaJ8YJJ2RC$0$manual$manual$0,uyv2HuHA2FwdEFwUwJWj,2020-08-23T07:35:17.980Z
,,manual,1598125663208,22.5,manual,mJKNBigYoaSCcQBLbejGbaJ8YJJ2RC$0$manual$manual$0,y5nTlRjvsuGr1LxlVafr,2020-08-22T19:47:43.208Z
,,manual,1598081869956,23.4,manual,mJKNBigYoaSCcQBLbejGbaJ8YJJ2RC$0$manual$manual$0,zgeuyK5ROstHb0E8vSBx,2020-08-22T07:37:49.956Z
,,manual,1598042112212,23.6,manual,mJKNBigYoaSCcQBLbejGbaJ8YJJ2RC$0$manual$manual$0,yQNBAVF1p3U0XfDcW7z5,2020-08-21T20:35:12.212Z
,,manual,1598006080128,23.7,manual,mJKNBigYoaSCcQBLbejGbaJ8YJJ2RC$0$manual$manual$0,VDEpmNFXxAswNUbGTFsY,2020-08-21T10:34:40.128Z
,,manual,1597990353294,23.5,manual,mJKNBigYoaSCcQBLbejGbaJ8YJJ2RC$0$manual$manual$0,fdy8105kyYczVGA09NmC,2020-08-21T06:12:33.294Z
,,manual,1597957555601,23.7,manual,mJKNBigYoaSCcQBLbejGbaJ8YJJ2RC$0$manual$manual$0,dJysqwp9vPYRpZU62j7K,2020-08-20T21:05:55.601Z
,,manual,1597936497086,22.8,manual,mJKNBigYoaSCcQBLbejGbaJ8YJJ2RC$0$manual$manual$0,bjx2KLWEgOT8lYptunCP,2020-08-20T15:14:57.086Z
,,manual,1597920634214,22.6,manual,mJKNBigYoaSCcQBLbejGbaJ8YJJ2RC$0$manual$manual$0,yrUXq9B4fMEP2uorYvJr,2020-08-20T10:50:34.214Z
,,manual,1597910087254,22.4,manual,mJKNBigYoaSCcQBLbejGbaJ8YJJ2RC$0$manual$manual$0,LJrGAsbyoUjFJxWJZPeF,2020-08-20T07:54:47.254Z
,,manual,1597874333722,22.2,manual,mJKNBigYoaSCcQBLbejGbaJ8YJJ2RC$0$manual$manual$0,2feMwgiPM8HgdrvNfDw9,2020-08-19T21:58:53.722Z
,,manual,1597853754211,22.4,manual,mJKNBigYoaSCcQBLbejGbaJ8YJJ2RC$0$manual$manual$0,OQhZpsPkW9osda0VzGbd,2020-08-19T16:15:54.211Z
,,manual,1597831105218,22.6,manual,mJKNBigYoaSCcQBLbejGbaJ8YJJ2RC$0$manual$manual$0,CaQeHpNiIkJeIs5FiDdG,2020-08-19T09:58:25.218Z
,,manual,1597817977716,22.9,manual,mJKNBigYoaSCcQBLbejGbaJ8YJJ2RC$0$manual$manual$0,1aiGeygtVmfMdfO8kQol,2020-08-19T06:19:37.716Z
,,manual,1597758579635,23.9,manual,mJKNBigYoaSCcQBLbejGbaJ8YJJ2RC$0$manual$manual$0,CnL9esgHrYOn5IxCEnzY,2020-08-18T13:49:39.635Z
,,manual,1597733773129,23.1,manual,mJKNBigYoaSCcQBLbejGbaJ8YJJ2RC$0$manual$manual$0,WVmdXHq3OcCiHGJl0J0G,2020-08-18T06:56:13.129Z
,,manual,1597703983520,23.1,manual,mJKNBigYoaSCcQBLbejGbaJ8YJJ2RC$0$manual$manual$0,wfLncb8kHWdVoAEFjBCm,2020-08-17T22:39:43.520Z
,,manual,1597672853888,23.9,manual,mJKNBigYoaSCcQBLbejGbaJ8YJJ2RC$0$manual$manual$0,r8berX0hfGLbX7KJ36Cd,2020-08-17T14:00:53.888Z
,,manual,1597659062780,23.4,manual,mJKNBigYoaSCcQBLbejGbaJ8YJJ2RC$0$manual$manual$0,ntgI45WEmZurzYDkQd3Z,2020-08-17T10:11:02.780Z
,,manual,1597648524307,23.9,manual,mJKNBigYoaSCcQBLbejGbaJ8YJJ2RC$0$manual$manual$0,RrEEU1tdEU26h7ZeLiRi,2020-08-17T07:15:24.307Z
,,manual,1597612469517,23.7,manual,mJKNBigYoaSCcQBLbejGbaJ8YJJ2RC$0$manual$manual$0,IP3CDPRA66IJnQQeYeIL,2020-08-16T21:14:29.517Z
,,manual,1597602293782,23.7,manual,mJKNBigYoaSCcQBLbejGbaJ8YJJ2RC$0$manual$manual$0,xodXFRRHWhAsk47Bb7ZH,2020-08-16T18:24:53.782Z
,,manual,1597583101912,23.5,manual,mJKNBigYoaSCcQBLbejGbaJ8YJJ2RC$0$manual$manual$0,RfULjgJmjAjqXuCwLDR3,2020-08-16T13:05:01.912Z
,,manual,1597568383376,23.5,manual,mJKNBigYoaSCcQBLbejGbaJ8YJJ2RC$0$manual$manual$0,Id2CZE3WRyE5XBlkfIq5,2020-08-16T08:59:43.376Z
,,manual,1597521382969,23.2,manual,mJKNBigYoaSCcQBLbejGbaJ8YJJ2RC$0$manual$manual$0,5yZu9CH4Nd3meRdXcUe3,2020-08-15T19:56:22.969Z
,,manual,1597506762134,23.2,manual,mJKNBigYoaSCcQBLbejGbaJ8YJJ2RC$0$manual$manual$0,qriIdCX90ArGtyVyXbl3,2020-08-15T15:52:42.134Z
,,manual,1597475337160,24.3,manual,mJKNBigYoaSCcQBLbejGbaJ8YJJ2RC$0$manual$manual$0,1jTHIH63EHdbwQlA6WJR,2020-08-15T07:08:57.160Z
,,manual,1597436797594,24.5,manual,mJKNBigYoaSCcQBLbejGbaJ8YJJ2RC$0$manual$manual$0,rjQI9JxZFJLXE7Aap1jF,2020-08-14T20:26:37.594Z
,,manual,1597402657654,24.2,manual,mJKNBigYoaSCcQBLbejGbaJ8YJJ2RC$0$manual$manual$0,bzIVhNQYLOtKCzVBpSGZ,2020-08-14T10:57:37.654Z
,,manual,1597388065154,24.6,manual,mJKNBigYoaSCcQBLbejGbaJ8YJJ2RC$0$manual$manual$0,et4peFwvBt7JjGz2j3OQ,2020-08-14T06:54:25.154Z
,,manual,1597358597061,24.6,manual,mJKNBigYoaSCcQBLbejGbaJ8YJJ2RC$0$manual$manual$0,4gm9pydYB4Vu0YxnYHYM,2020-08-13T22:43:17.061Z
,,manual,1597344716788,24.7,manual,mJKNBigYoaSCcQBLbejGbaJ8YJJ2RC$0$manual$manual$0,04EQ79pruG3ryeQbTXiI,2020-08-13T18:51:56.788Z
,,manual,1597322405411,24.7,manual,mJKNBigYoaSCcQBLbejGbaJ8YJJ2RC$0$manual$manual$0,oNpVLW8BUulBf7uzVrnH,2020-08-13T12:40:05.411Z
,,manual,1597299437125,24.7,manual,mJKNBigYoaSCcQBLbejGbaJ8YJJ2RC$0$manual$manual$0,attYiUs3e0TZcShPdpex,2020-08-13T06:17:17.125Z
,,manual,1597265874883,24.7,manual,mJKNBigYoaSCcQBLbejGbaJ8YJJ2RC$0$manual$manual$0,hmKNLHIhr7Bfevv79qFr,2020-08-12T20:57:54.883Z
,,manual,1597255764672,24.5,manual,mJKNBigYoaSCcQBLbejGbaJ8YJJ2RC$0$manual$manual$0,EQUnnADXygk724Xhfrnz,2020-08-12T18:09:24.672Z
,,manual,1597244459002,24.5,manual,mJKNBigYoaSCcQBLbejGbaJ8YJJ2RC$0$manual$manual$0,6NrIh9WsKhrIe1b3HUU2,2020-08-12T15:00:59.002Z
,,manual,1597235991363,24.1,manual,mJKNBigYoaSCcQBLbejGbaJ8YJJ2RC$0$manual$manual$0,9ZleGowif1yc8wTMdqFP,2020-08-12T12:39:51.363Z
,,manual,1597225368879,24.2,manual,mJKNBigYoaSCcQBLbejGbaJ8YJJ2RC$0$manual$manual$0,AjyyEFnbtjpaFpctm0s1,2020-08-12T09:42:48.879Z
,,manual,1597215107400,24.4,manual,mJKNBigYoaSCcQBLbejGbaJ8YJJ2RC$0$manual$manual$0,03U5Tok2kyihMCxj2Xpj,2020-08-12T06:51:47.400Z
,,manual,1597181656648,23.1,manual,mJKNBigYoaSCcQBLbejGbaJ8YJJ2RC$0$manual$manual$0,9q8dac4kjivvanDy8Mr6,2020-08-11T21:34:16.648Z
,,manual,1597172841008,23.6,manual,mJKNBigYoaSCcQBLbejGbaJ8YJJ2RC$0$manual$manual$0,zJ6KWJGwvItsWEgP7U3g,2020-08-11T19:07:21.008Z
,,manual,1597172434026,23.7,manual,mJKNBigYoaSCcQBLbejGbaJ8YJJ2RC$0$manual$manual$0,hzIEaqK4A4XOskznJ41I,2020-08-11T19:00:34.026Z
,,manual,1597154752375,23,manual,mJKNBigYoaSCcQBLbejGbaJ8YJJ2RC$0$manual$manual$0,wWfbmZXOxE0N82CHZisw,2020-08-11T14:05:52.375Z
,,manual,1597138061002,23,manual,mJKNBigYoaSCcQBLbejGbaJ8YJJ2RC$0$manual$manual$0,UIN719eRYdf7BWjqeGAm,2020-08-11T09:27:41.002Z
,,manual,1597124527563,23.9,manual,mJKNBigYoaSCcQBLbejGbaJ8YJJ2RC$0$manual$manual$0,weOnJctcp7zvElM1mG9Z,2020-08-11T05:42:07.563Z
,,manual,1597091768416,23.7,manual,mJKNBigYoaSCcQBLbejGbaJ8YJJ2RC$0$manual$manual$0,B5YbwmdDITO6j37moLs4,2020-08-10T20:36:08.416Z
,,manual,1597086554305,23.5,manual,mJKNBigYoaSCcQBLbejGbaJ8YJJ2RC$0$manual$manual$0,o5kiA1C4ucZBfCybSVcj,2020-08-10T19:09:14.305Z
,,manual,1597083463713,23.4,manual,mJKNBigYoaSCcQBLbejGbaJ8YJJ2RC$0$manual$manual$0,gMGegXuriKGGj20Qcz5D,2020-08-10T18:17:43.713Z
,,manual,1597056563814,23.2,manual,mJKNBigYoaSCcQBLbejGbaJ8YJJ2RC$0$manual$manual$0,hpLgUAZTfVYPgiY8WMOW,2020-08-10T10:49:23.814Z
,,manual,1597053771889,23.8,manual,mJKNBigYoaSCcQBLbejGbaJ8YJJ2RC$0$manual$manual$0,h1ENxLFpN5ytq5CSDYRy,2020-08-10T10:02:51.889Z
,,manual,1597037491629,23.5,manual,mJKNBigYoaSCcQBLbejGbaJ8YJJ2RC$0$manual$manual$0,nqWVgLTQJLEyIWFbVmpq,2020-08-10T05:31:31.629Z
,,manual,1597006736794,23.2,manual,mJKNBigYoaSCcQBLbejGbaJ8YJJ2RC$0$manual$manual$0,zlRUnMb4II1bzgiVQ7mn,2020-08-09T20:58:56.794Z
,,manual,1596984708358,22.4,manual,mJKNBigYoaSCcQBLbejGbaJ8YJJ2RC$0$manual$manual$0,t6o7WZtVtNzHrh1HHhV8,2020-08-09T14:51:48.358Z
,,manual,1596971375694,22.7,manual,mJKNBigYoaSCcQBLbejGbaJ8YJJ2RC$0$manual$manual$0,Wy5W7WtLl5ZyUwk2aIIl,2020-08-09T11:09:35.694Z
,,manual,1596955751812,22.1,manual,mJKNBigYoaSCcQBLbejGbaJ8YJJ2RC$0$manual$manual$0,NO3S89dxMS488FXWQtoC,2020-08-09T06:49:11.812Z
,,manual,1596911065710,22.6,manual,mJKNBigYoaSCcQBLbejGbaJ8YJJ2RC$0$manual$manual$0,8yFQ8dhIzWNlyPE9eB2C,2020-08-08T18:24:25.710Z
,,manual,1596895714849,22.4,manual,mJKNBigYoaSCcQBLbejGbaJ8YJJ2RC$0$manual$manual$0,RtQ3QD4LrPT0317PDuMG,2020-08-08T14:08:34.849Z
,,manual,1596870698934,22.4,manual,mJKNBigYoaSCcQBLbejGbaJ8YJJ2RC$0$manual$manual$0,U14GoSln5Lh85xzCDPsr,2020-08-08T07:11:38.934Z
,,manual,1596832623907,22.4,manual,mJKNBigYoaSCcQBLbejGbaJ8YJJ2RC$0$manual$manual$0,9yx1bsjt4YrVfhCPWQSm,2020-08-07T20:37:03.907Z
,,manual,1596824985283,22,manual,mJKNBigYoaSCcQBLbejGbaJ8YJJ2RC$0$manual$manual$0,G2NVWam3vIjC80tVUSkW,2020-08-07T18:29:45.283Z
,,manual,1596816871633,21.8,manual,mJKNBigYoaSCcQBLbejGbaJ8YJJ2RC$0$manual$manual$0,x7Vn50EjKiZfRPIwygxW,2020-08-07T16:14:31.633Z
,,manual,1596797471558,21.6,manual,mJKNBigYoaSCcQBLbejGbaJ8YJJ2RC$0$manual$manual$0,xv1MGMGl0XrQ18LKZPvH,2020-08-07T10:51:11.558Z
,,manual,1596780633204,21.8,manual,mJKNBigYoaSCcQBLbejGbaJ8YJJ2RC$0$manual$manual$0,50hykr5BC7vlf4uHCWLi,2020-08-07T06:10:33.204Z
,,manual,1596727432926,21.8,manual,mJKNBigYoaSCcQBLbejGbaJ8YJJ2RC$0$manual$manual$0,mmTutXg3o6S8mAfJDfN9,2020-08-06T15:23:52.926Z
,,manual,1596711441987,21.3,manual,mJKNBigYoaSCcQBLbejGbaJ8YJJ2RC$0$manual$manual$0,FRULWgOkNPbz99Uf6rG8,2020-08-06T10:57:21.987Z
,,manual,1596692784297,21.1,manual,mJKNBigYoaSCcQBLbejGbaJ8YJJ2RC$0$manual$manual$0,1pmTLBstIkK6sAMoav0R,2020-08-06T05:46:24.297Z
,,manual,1596649123519,20.7,manual,mJKNBigYoaSCcQBLbejGbaJ8YJJ2RC$0$manual$manual$0,mdVARqJOFqIP79ZmVg3X,2020-08-05T17:38:43.519Z
,,manual,1596632573243,20.3,manual,mJKNBigYoaSCcQBLbejGbaJ8YJJ2RC$0$manual$manual$0,Qp4OF8cF17xK0VD2mdJU,2020-08-05T13:02:53.243Z
,,manual,1596610433305,20.4,manual,mJKNBigYoaSCcQBLbejGbaJ8YJJ2RC$0$manual$manual$0,Gx41CUCkCy2I51BNZQUq,2020-08-05T06:53:53.305Z
,,manual,1596572574712,20.6,manual,mJKNBigYoaSCcQBLbejGbaJ8YJJ2RC$0$manual$manual$0,fYEUGXKfULbJcN5mneKa,2020-08-04T20:22:54.712Z
,,manual,1596542906518,20.9,manual,mJKNBigYoaSCcQBLbejGbaJ8YJJ2RC$0$manual$manual$0,55Dp3aAChhdHtgYrBS1p,2020-08-04T12:08:26.518Z
,,manual,1596520516258,20.5,manual,mJKNBigYoaSCcQBLbejGbaJ8YJJ2RC$0$manual$manual$0,ngy6LTQ8QTyVR0GvSMnJ,2020-08-04T05:55:16.258Z
,,manual,1596488154483,21.2,manual,mJKNBigYoaSCcQBLbejGbaJ8YJJ2RC$0$manual$manual$0,X9LodMykv7zL1lgxdA89,2020-08-03T20:55:54.483Z
,,manual,1596459032333,21.5,manual,mJKNBigYoaSCcQBLbejGbaJ8YJJ2RC$0$manual$manual$0,Bjr0ldae0ha87HPXMOd9,2020-08-03T12:50:32.333Z
,,manual,1596437824984,21.9,manual,mJKNBigYoaSCcQBLbejGbaJ8YJJ2RC$0$manual$manual$0,iFvxWoqnnZXCx9kQWE2j,2020-08-03T06:57:04.984Z
,,manual,1596404897561,21,manual,mJKNBigYoaSCcQBLbejGbaJ8YJJ2RC$0$manual$manual$0,uDTLvrdeJmftjHiD6a8i,2020-08-02T21:48:17.561Z
,,manual,1596393679532,21.2,manual,mJKNBigYoaSCcQBLbejGbaJ8YJJ2RC$0$manual$manual$0,2D1sNWQrcWYeSQPuizwg,2020-08-02T18:41:19.532Z
,,manual,1596374794452,21.9,manual,mJKNBigYoaSCcQBLbejGbaJ8YJJ2RC$0$manual$manual$0,2su8GtpwsXwR4qIg04Ef,2020-08-02T13:26:34.452Z
,,manual,1596312003015,21.8,manual,mJKNBigYoaSCcQBLbejGbaJ8YJJ2RC$0$manual$manual$0,DAcytv5DZ4yPAMoUhdtY,2020-08-01T20:00:03.015Z
,,manual,1596290271643,21,manual,mJKNBigYoaSCcQBLbejGbaJ8YJJ2RC$0$manual$manual$0,L825AcyaA1YctwrFLvBB,2020-08-01T13:57:51.643Z
,,manual,1596267219940,21.4,manual,mJKNBigYoaSCcQBLbejGbaJ8YJJ2RC$0$manual$manual$0,af9NVStJRKNdMsWYfVpj,2020-08-01T07:33:39.940Z
,,manual,1596229967615,21.2,manual,mJKNBigYoaSCcQBLbejGbaJ8YJJ2RC$0$manual$manual$0,D2JBPiISYjt2jg1KSPaa,2020-07-31T21:12:47.615Z
,,manual,1596218579402,21.2,manual,mJKNBigYoaSCcQBLbejGbaJ8YJJ2RC$0$manual$manual$0,rPTQPGY04bamARTEGPjv,2020-07-31T18:02:59.402Z
,,manual,1596200338513,20.2,manual,mJKNBigYoaSCcQBLbejGbaJ8YJJ2RC$0$manual$manual$0,AyFoDq5xM6JTrpfqpM9b,2020-07-31T12:58:58.513Z
,,manual,1596188012840,20.8,manual,mJKNBigYoaSCcQBLbejGbaJ8YJJ2RC$0$manual$manual$0,We1IVoDxjjLQjrm1VSpx,2020-07-31T09:33:32.840Z
,,manual,1596134459399,20.4,manual,mJKNBigYoaSCcQBLbejGbaJ8YJJ2RC$0$manual$manual$0,SrFlaEYQa4yMZgSE95Wj,2020-07-30T18:40:59.399Z
,,manual,1596112861781,20.9,manual,mJKNBigYoaSCcQBLbejGbaJ8YJJ2RC$0$manual$manual$0,r8FoezDdrAPPXyWfMD95,2020-07-30T12:41:01.781Z
,,manual,1596090370606,20.2,manual,mJKNBigYoaSCcQBLbejGbaJ8YJJ2RC$0$manual$manual$0,EDZlD6NxlOJNISrmMSJa,2020-07-30T06:26:10.606Z
,,manual,1596057438772,20.5,manual,mJKNBigYoaSCcQBLbejGbaJ8YJJ2RC$0$manual$manual$0,RM4MzppTkbby3Ecd3NWa,2020-07-29T21:17:18.772Z
,,manual,1596029297472,20.7,manual,mJKNBigYoaSCcQBLbejGbaJ8YJJ2RC$0$manual$manual$0,fLoFOScFHNvXWebcZT5V,2020-07-29T13:28:17.472Z
,,manual,1596005357741,20,manual,mJKNBigYoaSCcQBLbejGbaJ8YJJ2RC$0$manual$manual$0,kNy5pOYqcExNKT2HbfBY,2020-07-29T06:49:17.741Z
,,manual,1595967030422,20.4,manual,mJKNBigYoaSCcQBLbejGbaJ8YJJ2RC$0$manual$manual$0,BCVqoOaWHxjylcFfVQCd,2020-07-28T20:10:30.422Z
,,manual,1595927696138,20.3,manual,mJKNBigYoaSCcQBLbejGbaJ8YJJ2RC$0$manual$manual$0,byuBhx7LXuF0019yS5La,2020-07-28T09:14:56.138Z
,,manual,1595873479589,20.7,manual,mJKNBigYoaSCcQBLbejGbaJ8YJJ2RC$0$manual$manual$0,cHUKBz8UF2KckTnswzaV,2020-07-27T18:11:19.589Z
,,manual,1595852017087,20.4,manual,mJKNBigYoaSCcQBLbejGbaJ8YJJ2RC$0$manual$manual$0,yCh7FEhVl0Z6usjr7ulJ,2020-07-27T12:13:37.087Z
,,manual,1595830222124,20.6,manual,mJKNBigYoaSCcQBLbejGbaJ8YJJ2RC$0$manual$manual$0,2elvrM1ls6umEbjmpXue,2020-07-27T06:10:22.124Z
,,manual,1595792473441,20.8,manual,mJKNBigYoaSCcQBLbejGbaJ8YJJ2RC$0$manual$manual$0,rLqjZa9dcGau4qt1LVFh,2020-07-26T19:41:13.441Z
,,manual,1595766191038,20.9,manual,mJKNBigYoaSCcQBLbejGbaJ8YJJ2RC$0$manual$manual$0,F6K7JWX0j0k3npfQrx4b,2020-07-26T12:23:11.038Z
,,manual,1595744313724,20.7,manual,mJKNBigYoaSCcQBLbejGbaJ8YJJ2RC$0$manual$manual$0,DcQGCvShjBAL0djN11bQ,2020-07-26T06:18:33.724Z
,,manual,1595708068340,20.8,manual,mJKNBigYoaSCcQBLbejGbaJ8YJJ2RC$0$manual$manual$0,URRQse7uCarlv8Fnjcc1,2020-07-25T20:14:28.340Z
,,manual,1595674849165,20.7,manual,mJKNBigYoaSCcQBLbejGbaJ8YJJ2RC$0$manual$manual$0,IlmLqVhuNS2DuGD2YXKP,2020-07-25T11:00:49.165Z
,,manual,1595662186868,20.2,manual,mJKNBigYoaSCcQBLbejGbaJ8YJJ2RC$0$manual$manual$0,zMnSicdqvgmf7wZcwZFO,2020-07-25T07:29:46.868Z
,,manual,1595616600459,20.4,manual,mJKNBigYoaSCcQBLbejGbaJ8YJJ2RC$0$manual$manual$0,PYNXehimPhY9aOl8WrIF,2020-07-24T18:50:00.459Z
,,manual,1595589890679,20.9,manual,mJKNBigYoaSCcQBLbejGbaJ8YJJ2RC$0$manual$manual$0,Bksm7szaXlKvtyRVJmw4,2020-07-24T11:24:50.679Z
,,manual,1595568227858,20.7,manual,mJKNBigYoaSCcQBLbejGbaJ8YJJ2RC$0$manual$manual$0,uuZfdvdZCCCK3MP7J4gV,2020-07-24T05:23:47.858Z
,,manual,1595533201221,20.2,manual,mJKNBigYoaSCcQBLbejGbaJ8YJJ2RC$0$manual$manual$0,g6LB4aaHLFirjO5WYyMt,2020-07-23T19:40:01.221Z
,,manual,1595502359279,20.6,manual,mJKNBigYoaSCcQBLbejGbaJ8YJJ2RC$0$manual$manual$0,sD22tRmz36jYLiYfVtNJ,2020-07-23T11:05:59.279Z
,,manual,1595485351291,20.5,manual,mJKNBigYoaSCcQBLbejGbaJ8YJJ2RC$0$manual$manual$0,gKKF4Pm3SNxh2ouClGZ7,2020-07-23T06:22:31.291Z
,,manual,1595453968164,20.9,manual,mJKNBigYoaSCcQBLbejGbaJ8YJJ2RC$0$manual$manual$0,Dx7ldDItoimhUWvVosfB,2020-07-22T21:39:28.164Z
,,manual,1595417273006,20.7,manual,mJKNBigYoaSCcQBLbejGbaJ8YJJ2RC$0$manual$manual$0,XeA3b05gXWig47URfyRI,2020-07-22T11:27:53.006Z
,,manual,1595401793135,20.7,manual,mJKNBigYoaSCcQBLbejGbaJ8YJJ2RC$0$manual$manual$0,PfHaRPL77EVxfhVNRqUM,2020-07-22T07:09:53.135Z
,,manual,1595362789021,20.3,manual,mJKNBigYoaSCcQBLbejGbaJ8YJJ2RC$0$manual$manual$0,JpMa54xQiS8G4Xv9msFl,2020-07-21T20:19:49.021Z
,,manual,1595342155274,20.7,manual,mJKNBigYoaSCcQBLbejGbaJ8YJJ2RC$0$manual$manual$0,hvrJ6wvOjycXasSwitgt,2020-07-21T14:35:55.274Z
,,manual,1595331775571,20.7,manual,mJKNBigYoaSCcQBLbejGbaJ8YJJ2RC$0$manual$manual$0,LaFBr9HPl06X2D6Hk3RH,2020-07-21T11:42:55.571Z
,,manual,1595316403456,20.8,manual,mJKNBigYoaSCcQBLbejGbaJ8YJJ2RC$0$manual$manual$0,NTrIDJxmBRhrdfyMgREq,2020-07-21T07:26:43.456Z
,,manual,1595280161597,20.8,manual,mJKNBigYoaSCcQBLbejGbaJ8YJJ2RC$0$manual$manual$0,Au7HmVuduZFUKvFBZyqB,2020-07-20T21:22:41.597Z
,,manual,1595265791021,20.6,manual,mJKNBigYoaSCcQBLbejGbaJ8YJJ2RC$0$manual$manual$0,kU01BECwJHJFZFzB9y6h,2020-07-20T17:23:11.021Z
,,manual,1595240372489,20.3,manual,mJKNBigYoaSCcQBLbejGbaJ8YJJ2RC$0$manual$manual$0,wlWAaIBDucZgpQcZxjGD,2020-07-20T10:19:32.489Z
,,manual,1595191223333,20.7,manual,mJKNBigYoaSCcQBLbejGbaJ8YJJ2RC$0$manual$manual$0,6rF80ItSmq0pI4hUIooT,2020-07-19T20:40:23.333Z
,,manual,1595179172541,20.2,manual,mJKNBigYoaSCcQBLbejGbaJ8YJJ2RC$0$manual$manual$0,CG1c94UX8xya4v2QpBOZ,2020-07-19T17:19:32.541Z
,,manual,1595167084604,20.3,manual,mJKNBigYoaSCcQBLbejGbaJ8YJJ2RC$0$manual$manual$0,iIJlq1LTm3WQGXeKrYOK,2020-07-19T13:58:04.604Z
,,manual,1595143125681,20.3,manual,mJKNBigYoaSCcQBLbejGbaJ8YJJ2RC$0$manual$manual$0,M7pI51tcQil7SDv40meW,2020-07-19T07:18:45.681Z
,,manual,1595079809911,20.5,manual,mJKNBigYoaSCcQBLbejGbaJ8YJJ2RC$0$manual$manual$0,kRGaX7dDZhDdXpsVBXQY,2020-07-18T13:43:29.911Z
,,manual,1595067909930,20.5,manual,mJKNBigYoaSCcQBLbejGbaJ8YJJ2RC$0$manual$manual$0,Isdrxd9k3jX4Dc2DERiW,2020-07-18T10:25:09.930Z
,,manual,1595064502550,20.7,manual,mJKNBigYoaSCcQBLbejGbaJ8YJJ2RC$0$manual$manual$0,UPSBLn18dHW10h2l6GGn,2020-07-18T09:28:22.550Z
,,manual,1595061053798,20.4,manual,mJKNBigYoaSCcQBLbejGbaJ8YJJ2RC$0$manual$manual$0,EGcSfPD3QTf5f1bI7xiw,2020-07-18T08:30:53.798Z
,,manual,1595011201033,21.1,manual,mJKNBigYoaSCcQBLbejGbaJ8YJJ2RC$0$manual$manual$0,HK0gHFuWeVs6gfvgNrTP,2020-07-17T18:40:01.033Z
,,manual,1594910593051,19.4,manual,mJKNBigYoaSCcQBLbejGbaJ8YJJ2RC$0$manual$manual$0,pO2GbMd3RXPKvEWxPMNy,2020-07-16T14:43:13.051Z
,,manual,1594896766481,19.2,manual,mJKNBigYoaSCcQBLbejGbaJ8YJJ2RC$0$manual$manual$0,8ib4UzUMbpb16lC66hwY,2020-07-16T10:52:46.481Z
,,manual,1594840468045,19.7,manual,mJKNBigYoaSCcQBLbejGbaJ8YJJ2RC$0$manual$manual$0,jkMKUkWTnJZWK42ew0dc,2020-07-15T19:14:28.045Z
,,manual,1594823282943,18.4,manual,mJKNBigYoaSCcQBLbejGbaJ8YJJ2RC$0$manual$manual$0,hoQBZh7i59GDPcDylHMM,2020-07-15T14:28:02.943Z
,,manual,1594809048917,18,manual,mJKNBigYoaSCcQBLbejGbaJ8YJJ2RC$0$manual$manual$0,YTVsqyMJOBjOBk5dHlcb,2020-07-15T10:30:48.917Z
Bottled FG.,1.01,manual,1594751416041,,manual,mJKNBigYoaSCcQBLbejGbaJ8YJJ2RC$0$manual$manual$0,WwuIiSGL3fnfRGItJi3f,2020-07-14T18:30:16.041Z
,NaN,manual,1594749096403,19.8,manual,mJKNBigYoaSCcQBLbejGbaJ8YJJ2RC$0$manual$manual$0,WyZGWqMjmwPyw1LEgZHV,2020-07-14T17:51:36.403Z,0,NaN
no bubbles.,1.012,manual,1594748157223,19.8,manual,mJKNBigYoaSCcQBLbejGbaJ8YJJ2RC$0$manual$manual$0,eBtoi1AZIk3FEd2tBddS,2020-07-14T17:35:57.223Z,0.145038,
no bubbles.,,manual,1594726087967,19.4,manual,mJKNBigYoaSCcQBLbejGbaJ8YJJ2RC$0$manual$manual$0,HMLd7UQ8gwjCEN8pHQu6,2020-07-14T11:28:07.967Z,0.145038,
no bubbles,,manual,1594703910805,19.2,manual,mJKNBigYoaSCcQBLbejGbaJ8YJJ2RC$0$manual$manual$0,2FrTc5WvWaevYAjh4lLs,2020-07-14T05:18:30.805Z,0.145038,
no bubbles.,,manual,1594674128775,19.9,manual,mJKNBigYoaSCcQBLbejGbaJ8YJJ2RC$0$manual$manual$0,iIMz7w7Gz3kMiyXQCuBl,2020-07-13T21:02:08.775Z,0.145038,
no bubbles.,,manual,1594656050289,19.7,manual,mJKNBigYoaSCcQBLbejGbaJ8YJJ2RC$0$manual$manual$0,zObvU2K4sDghHNz3jGFx,2020-07-13T16:00:50.289Z,0.145038,
no bubbles.,,manual,1594632922761,19.7,manual,mJKNBigYoaSCcQBLbejGbaJ8YJJ2RC$0$manual$manual$0,24chOcT2lx3o5cUdmZJl,2020-07-13T09:35:22.761Z,0.145038,
no bubbles.,,manual,1594580566409,19.9,manual,mJKNBigYoaSCcQBLbejGbaJ8YJJ2RC$0$manual$manual$0,cGR9EyzntgAmEHJG1vYd,2020-07-12T19:02:46.409Z,0.145038,
no bubbles.,,manual,1594566589363,19.7,manual,mJKNBigYoaSCcQBLbejGbaJ8YJJ2RC$0$manual$manual$0,kMDxMapUIUZ7SS5DW6Qw,2020-07-12T15:09:49.363Z,0.145038,
no bubbles.,,manual,1594548102879,19.6,manual,mJKNBigYoaSCcQBLbejGbaJ8YJJ2RC$0$manual$manual$0,XYLo5unisp3oJcToubiQ,2020-07-12T10:01:42.879Z,0.145038,
no bubbles.,,manual,1594497029122,19.2,manual,mJKNBigYoaSCcQBLbejGbaJ8YJJ2RC$0$manual$manual$0,AQh9tJAjFBukcVKaKOIU,2020-07-11T19:50:29.122Z,0.145038,
no bubbles.,,manual,1594440315656,19.7,manual,mJKNBigYoaSCcQBLbejGbaJ8YJJ2RC$0$manual$manual$0,YutA4945SZmagoXUS8Yj,2020-07-11T04:05:15.656Z,0.145038,
no bubbles.,,manual,1594413678815,19.3,manual,mJKNBigYoaSCcQBLbejGbaJ8YJJ2RC$0$manual$manual$0,SdFe1tUCs5ZZdXmxslPF,2020-07-10T20:41:18.815Z,0.145038,
no bubbles.,,manual,1594398526296,19.2,manual,mJKNBigYoaSCcQBLbejGbaJ8YJJ2RC$0$manual$manual$0,xr0pw00yMYK3IarjU1C1,2020-07-10T16:28:46.296Z,0.145038,
no bubbles.,,manual,1594385444617,19.2,manual,mJKNBigYoaSCcQBLbejGbaJ8YJJ2RC$0$manual$manual$0,E6A6bY3b4t4NPOpwYGCg,2020-07-10T12:50:44.617Z,0.145038,
no bubbles.,,manual,1594355807253,19.3,manual,mJKNBigYoaSCcQBLbejGbaJ8YJJ2RC$0$manual$manual$0,bX8DvrkOpgIbVvFHPmT6,2020-07-10T04:36:47.253Z,0.145038,
no bubbles.,,manual,1594330341868,19.4,manual,mJKNBigYoaSCcQBLbejGbaJ8YJJ2RC$0$manual$manual$0,8JXyEeBg6g4hHIyamIvj,2020-07-09T21:32:21.868Z,0.145038,
no bubbles.,,manual,1594317116429,19.4,manual,mJKNBigYoaSCcQBLbejGbaJ8YJJ2RC$0$manual$manual$0,NLSplXvBJKmZIB0z3V4A,2020-07-09T17:51:56.429Z,0.145038,
no bubbles.,,manual,1594296906995,19.4,manual,mJKNBigYoaSCcQBLbejGbaJ8YJJ2RC$0$manual$manual$0,NEDyQAua7XGICSru9gzN,2020-07-09T12:15:06.995Z,0.145038,
no bubbles.,,manual,1594277746853,19.3,manual,mJKNBigYoaSCcQBLbejGbaJ8YJJ2RC$0$manual$manual$0,U3FED7VLEX48eAy7Q6Cl,2020-07-09T06:55:46.853Z,0.145038,
no bubbles.,,manual,1594231991800,19.5,manual,mJKNBigYoaSCcQBLbejGbaJ8YJJ2RC$0$manual$manual$0,67xVTzTdXR1qheXtbcMQ,2020-07-08T18:13:11.800Z,0.145038,
no bubbles.,,manual,1594207464800,19.3,manual,mJKNBigYoaSCcQBLbejGbaJ8YJJ2RC$0$manual$manual$0,3FnnRYhUgFSe6ksq5O3Q,2020-07-08T11:24:24.800Z,0.145038,
no bubbles.,,manual,1594190322758,19.3,manual,mJKNBigYoaSCcQBLbejGbaJ8YJJ2RC$0$manual$manual$0,ZIv0irMcfK6id8WwHNNK,2020-07-08T06:38:42.758Z,0.145038,
no bubbles.,,manual,1594149274779,19.7,manual,mJKNBigYoaSCcQBLbejGbaJ8YJJ2RC$0$manual$manual$0,knn6nIkQYioeWoPh2Ov5,2020-07-07T19:14:34.779Z,0.145038,
no bubbles.,,manual,1594128949137,19.4,manual,mJKNBigYoaSCcQBLbejGbaJ8YJJ2RC$0$manual$manual$0,suWqvpHl3oP61WcalHHF,2020-07-07T13:35:49.137Z,0.145038,
no bubbles.,,manual,1594117576824,19.6,manual,mJKNBigYoaSCcQBLbejGbaJ8YJJ2RC$0$manual$manual$0,DQnBPtw2XUb9qYMY9b9a,2020-07-07T10:26:16.824Z,0.145038,
no bubbles.,,manual,1594105221537,19.9,manual,mJKNBigYoaSCcQBLbejGbaJ8YJJ2RC$0$manual$manual$0,Kc4QzZKUbmOGT928aj6n,2020-07-07T07:00:21.537Z,14.503774,
no bubbles.,,manual,1594064326105,19.5,manual,mJKNBigYoaSCcQBLbejGbaJ8YJJ2RC$0$manual$manual$0,t0VxzJD5SrszVj6ggXnC,2020-07-06T19:38:46.105Z,14.503774,
no bubbles.,,manual,1594040125364,19,manual,mJKNBigYoaSCcQBLbejGbaJ8YJJ2RC$0$manual$manual$0,4W85nAkhXmHftEzVP2Sb,2020-07-06T12:55:25.364Z,29.007548,
no bubbles.,,manual,1594031064817,19.8,manual,mJKNBigYoaSCcQBLbejGbaJ8YJJ2RC$0$manual$manual$0,HkcYz0pLDZzC1i4kV0Wi,2020-07-06T10:24:24.817Z,14.503774,
no bubbles.,,manual,1594012876907,19.5,manual,mJKNBigYoaSCcQBLbejGbaJ8YJJ2RC$0$manual$manual$0,Fo2YXgpzHPaIXPloE5xy,2020-07-06T05:21:16.907Z,29.007548,
no bubbles.,NaN,manual,1593984276630,20.8,manual,mJKNBigYoaSCcQBLbejGbaJ8YJJ2RC$0$manual$manual$0,vrSw4Dkf9SIUBeQlL5TD,2020-07-05T21:24:36.630Z,116.03019,NaN
no bubbles.,NaN,manual,1593972233493,20,manual,mJKNBigYoaSCcQBLbejGbaJ8YJJ2RC$0$manual$manual$0,RbtCwq07StKzQuCnoMVh,2020-07-05T18:03:53.493Z,145.037738,NaN
no bubbles.,NaN,manual,1593955476194,20.9,manual,mJKNBigYoaSCcQBLbejGbaJ8YJJ2RC$0$manual$manual$0,yjp9qnFKh6QUsarxCxsU,2020-07-05T13:24:36.194Z,145.037738,NaN
"lots of bubbles, very active fermentation.",NaN,manual,1593938974682,21,manual,mJKNBigYoaSCcQBLbejGbaJ8YJJ2RC$0$manual$manual$0,7ClQ5SZbJ7uCMQtEyzXr,2020-07-05T08:49:34.682Z,725.188689,NaN
"lots of bubbles, very active fermentation.",NaN,manual,1593927498988,21.7,manual,mJKNBigYoaSCcQBLbejGbaJ8YJJ2RC$0$manual$manual$0,STKHYkc4TzIu4g7NIgWH,2020-07-05T05:38:18.988Z,725.188689,NaN
fermentation has started,NaN,manual,1593893646666,20.3,manual,mJKNBigYoaSCcQBLbejGbaJ8YJJ2RC$0$manual$manual$0,U3ukPMJ63jLvqY8ZMBbi,2020-07-04T20:14:06.666Z,0,NaN
,,manual,1593881578613,21.9,manual,mJKNBigYoaSCcQBLbejGbaJ8YJJ2RC$0$manual$manual$0,RWsVfgHNyU9rehoOkaRP,2020-07-04T16:52:58.613Z,,
,1.064,manual,1593873307574,21.5,manual,mJKNBigYoaSCcQBLbejGbaJ8YJJ2RC$0$manual$manual$0,3BW3PoWINHHf5K3lv0tx,2020-07-04T14:35:07.574Z,0,NaN