temp,type,sg,id,comment,time,__acc_reading_doc_id,__acc_reading_data_id,timepoint,pressure,ph
17,manual,,manual,,1622581740339,5YZ5KtYtGE3une93TnE5wFjHov6Oer$0$manual$manual$0,zul95MTCDdAa3mP1ztHYX0gPj8EJJu,2021-06-01T21:09:00.339Z
17.5,manual,,manual,,1622563025619,5YZ5KtYtGE3une93TnE5wFjHov6Oer$0$manual$manual$0,QjAJLl9sQnnksIssKWAZ9STU2i2r1S,2021-06-01T15:57:05.619Z
17.1,manual,,manual,,1622526605632,5YZ5KtYtGE3une93TnE5wFjHov6Oer$0$manual$manual$0,T0inlWdFR8njRMLMXQhwbcWdk9DJ20,2021-06-01T05:50:05.632Z
17.5,manual,,manual,,1622496014766,5YZ5KtYtGE3une93TnE5wFjHov6Oer$0$manual$manual$0,tY8jEcVlJHac407Zp5q3zbjvveD73v,2021-05-31T21:20:14.766Z
17.9,manual,,manual,,1622470418706,5YZ5KtYtGE3une93TnE5wFjHov6Oer$0$manual$manual$0,RAe88MIqiaoxrC8ZcVWi4zLwhReUM4,2021-05-31T14:13:38.706Z
17.7,manual,,manual,,1622443146119,5YZ5KtYtGE3une93TnE5wFjHov6Oer$0$manual$manual$0,If70M7DAtaPrC316WgK1CCsNgCTbQy,2021-05-31T06:39:06.119Z
17.2,manual,,manual,,1622407628053,5YZ5KtYtGE3une93TnE5wFjHov6Oer$0$manual$manual$0,JLwJmqeXLJgLU2m9BZRlXtg487DU9f,2021-05-30T20:47:08.053Z
17,manual,,manual,,1622385178540,5YZ5KtYtGE3une93TnE5wFjHov6Oer$0$manual$manual$0,Hzet9V93lPQygQpY1zz59MBgtQ61rv,2021-05-30T14:32:58.540Z
17,manual,,manual,,1622359445343,5YZ5KtYtGE3une93TnE5wFjHov6Oer$0$manual$manual$0,40PuFbhL6lQNCyOC3AVB5rTqK8cYkH,2021-05-30T07:24:05.343Z
17.8,manual,,manual,,1622318527212,5YZ5KtYtGE3une93TnE5wFjHov6Oer$0$manual$manual$0,09ciYXBhznnqSLJlMMzjxAJxDBq0un,2021-05-29T20:02:07.212Z
17.4,manual,,manual,,1622295919771,5YZ5KtYtGE3une93TnE5wFjHov6Oer$0$manual$manual$0,FCCG0Hi1AsVgBR0SUMFiBzXXt7zU5J,2021-05-29T13:45:19.771Z
17.1,manual,,manual,,1622274058922,5YZ5KtYtGE3une93TnE5wFjHov6Oer$0$manual$manual$0,Kv0IBKSrynaVTkXVXjhq4AkDICRTHM,2021-05-29T07:40:58.922Z
17.8,manual,,manual,,1622232579317,5YZ5KtYtGE3une93TnE5wFjHov6Oer$0$manual$manual$0,T5IseWTmgObgM6SGCORxQ5JBaT74ZB,2021-05-28T20:09:39.317Z
17.6,manual,,manual,,1622219422005,5YZ5KtYtGE3une93TnE5wFjHov6Oer$0$manual$manual$0,lggopPDhXAJNzN33rosgmLugIl0LEr,2021-05-28T16:30:22.005Z
17.2,manual,,manual,,1622184720000,5YZ5KtYtGE3une93TnE5wFjHov6Oer$0$manual$manual$0,l9FmHQJNk6B2A5t4EU5YktEEZLQOf9,2021-05-28T06:52:00.000Z
17.2,manual,,manual,,1622143742307,5YZ5KtYtGE3une93TnE5wFjHov6Oer$0$manual$manual$0,ZOBUIDEGwXHKLQWVpUyIZ8YEaLyN8x,2021-05-27T19:29:02.307Z
16.8,manual,,manual,,1622112254779,5YZ5KtYtGE3une93TnE5wFjHov6Oer$0$manual$manual$0,SN02p5rHifqWiz5zSsuCvLZtp0xypD,2021-05-27T10:44:14.779Z
16.9,manual,,manual,,1622097373929,5YZ5KtYtGE3une93TnE5wFjHov6Oer$0$manual$manual$0,zIueywPQp85mfHAAuBhVfP8yCAjzlX,2021-05-27T06:36:13.929Z
16.9,manual,,manual,,1622062989299,5YZ5KtYtGE3une93TnE5wFjHov6Oer$0$manual$manual$0,x9ieaxJuwoW0GSj3rL2BlDpSM4exWT,2021-05-26T21:03:09.299Z
17,manual,,manual,,1622033760000,5YZ5KtYtGE3une93TnE5wFjHov6Oer$0$manual$manual$0,fFjJ0udYuvVpOFXfBOgtczeM2P6536,2021-05-26T12:56:00.000Z
17,manual,,manual,,1622012202388,5YZ5KtYtGE3une93TnE5wFjHov6Oer$0$manual$manual$0,lIWIhXqcB5EVa3vJcMuEbbBR1xUY3k,2021-05-26T06:56:42.388Z
17.2,manual,,manual,,1621979625195,5YZ5KtYtGE3une93TnE5wFjHov6Oer$0$manual$manual$0,TEfqUfRTBdD7C7M5N5UME9ABGEGnCF,2021-05-25T21:53:45.195Z
17.4,manual,,manual,,1621943577244,5YZ5KtYtGE3une93TnE5wFjHov6Oer$0$manual$manual$0,ApU7nIYHY6CDbB43U6U6S29IjMvXxS,2021-05-25T11:52:57.244Z
17.3,manual,,manual,,1621930200000,5YZ5KtYtGE3une93TnE5wFjHov6Oer$0$manual$manual$0,j08386gaJWianbrrCbsHzs4lykY9Ds,2021-05-25T08:10:00.000Z
17.6,manual,,manual,,1621892611928,5YZ5KtYtGE3une93TnE5wFjHov6Oer$0$manual$manual$0,zymDyz0adNZdJgYU71apXzl1rs80CP,2021-05-24T21:43:31.928Z
17.3,manual,,manual,,1621863346534,5YZ5KtYtGE3une93TnE5wFjHov6Oer$0$manual$manual$0,c0OYduS3Ux3sDIzGMx9pYXDV6Gf4xg,2021-05-24T13:35:46.534Z
17.2,manual,,manual,,1621839120000,5YZ5KtYtGE3une93TnE5wFjHov6Oer$0$manual$manual$0,OcmvlyPYjcvRiDABxpTbKuoPm8x2Cw,2021-05-24T06:52:00.000Z
17.2,manual,,manual,,1621806784426,5YZ5KtYtGE3une93TnE5wFjHov6Oer$0$manual$manual$0,S78zvpT4uSsF11HFqoE6vIvLHkvs0v,2021-05-23T21:53:04.426Z
16.7,manual,,manual,,1621787867263,5YZ5KtYtGE3une93TnE5wFjHov6Oer$0$manual$manual$0,oTBzZYuYacy5962J9jkFKduAyNaksJ,2021-05-23T16:37:47.263Z
16.9,manual,,manual,,1621756565402,5YZ5KtYtGE3une93TnE5wFjHov6Oer$0$manual$manual$0,KX99jRL74XEMd85wOqbIkLOpiqGSBs,2021-05-23T07:56:05.402Z
17,manual,,manual,,1621717373301,5YZ5KtYtGE3une93TnE5wFjHov6Oer$0$manual$manual$0,JgKzxZWUrf7H7Om2h2olj7FMfxvpmG,2021-05-22T21:02:53.301Z
16.9,manual,,manual,,1621686203729,5YZ5KtYtGE3une93TnE5wFjHov6Oer$0$manual$manual$0,d70pWuKYR0vVjtxFf3CHiNM0H7npsc,2021-05-22T12:23:23.729Z
16.9,manual,,manual,,1621674521575,5YZ5KtYtGE3une93TnE5wFjHov6Oer$0$manual$manual$0,7ApZe1HnWNNWzQMjlB2Jx4wYcZdhB3,2021-05-22T09:08:41.575Z
17.4,manual,,manual,,1621633756096,5YZ5KtYtGE3une93TnE5wFjHov6Oer$0$manual$manual$0,wii2Bfxsywu2rOiRsHosmiWee4aCoG,2021-05-21T21:49:16.096Z
17.6,manual,,manual,,1621612555023,5YZ5KtYtGE3une93TnE5wFjHov6Oer$0$manual$manual$0,PVaFXYMf1atJCn7vAT90lKaDijF9i4,2021-05-21T15:55:55.023Z
17.9,manual,,manual,,1621593611433,5YZ5KtYtGE3une93TnE5wFjHov6Oer$0$manual$manual$0,RtZotgHoU7kjoQ0MQPKvsH5kYdHP8B,2021-05-21T10:40:11.433Z
17.2,manual,,manual,,1621575709428,5YZ5KtYtGE3une93TnE5wFjHov6Oer$0$manual$manual$0,FtRcJpNqE8zxqAfGVjV9Jmv2MvwhXS,2021-05-21T05:41:49.428Z
17.7,manual,,manual,,1621527963172,5YZ5KtYtGE3une93TnE5wFjHov6Oer$0$manual$manual$0,pJ35x8XI0OvYcBaoH6Y2cXkQLOo5MU,2021-05-20T16:26:03.172Z
17.7,manual,,manual,,1621513987073,5YZ5KtYtGE3une93TnE5wFjHov6Oer$0$manual$manual$0,KIQdXLkzw0G3VIwetZzT9lhWX1LKw4,2021-05-20T12:33:07.073Z
17.7,manual,,manual,,1621500693111,5YZ5KtYtGE3une93TnE5wFjHov6Oer$0$manual$manual$0,EygwcIn7Z45jifYNBlj4q39eNmJI7m,2021-05-20T08:51:33.111Z
17.8,manual,,manual,,1621449010944,5YZ5KtYtGE3une93TnE5wFjHov6Oer$0$manual$manual$0,IftMaIh48rnzbdzuTPYOmvCfVjOU7W,2021-05-19T18:30:10.944Z
17.5,manual,,manual,,1621421433804,5YZ5KtYtGE3une93TnE5wFjHov6Oer$0$manual$manual$0,VgdwW0GeiKlxZnEZAtYFwtMw48LXtp,2021-05-19T10:50:33.804Z
17.5,manual,,manual,,1621411102672,5YZ5KtYtGE3une93TnE5wFjHov6Oer$0$manual$manual$0,OyxinyVZAY2ADCJx7lzjZtaQOMvvEi,2021-05-19T07:58:22.672Z
17.4,manual,,manual,,1621367018145,5YZ5KtYtGE3une93TnE5wFjHov6Oer$0$manual$manual$0,XVcSDdpbUdltY3sKeVVhsOBxDTWxy6,2021-05-18T19:43:38.145Z
17.2,manual,,manual,,1621344618630,5YZ5KtYtGE3une93TnE5wFjHov6Oer$0$manual$manual$0,C026iGLdadVokfpGyQK9fTberMT2c4,2021-05-18T13:30:18.630Z
17.3,manual,,manual,,1621316422249,5YZ5KtYtGE3une93TnE5wFjHov6Oer$0$manual$manual$0,6ui8C9pf8mbo1IktVVlvxzgEqK4Jr8,2021-05-18T05:40:22.249Z
17.3,manual,,manual,,1621286620817,5YZ5KtYtGE3une93TnE5wFjHov6Oer$0$manual$manual$0,6OrG1NBwmwTgLtdQbDVaLY3AvX8deM,2021-05-17T21:23:40.817Z
17.3,manual,,manual,,1621274903210,5YZ5KtYtGE3une93TnE5wFjHov6Oer$0$manual$manual$0,P4kYlbslQDWue3sraeMGAOqcccMTlO,2021-05-17T18:08:23.210Z
17.2,manual,,manual,,1621252989196,5YZ5KtYtGE3une93TnE5wFjHov6Oer$0$manual$manual$0,jtlOT6Dlaxw2vsSVGVKzPINO1wMpll,2021-05-17T12:03:09.196Z
17.2,manual,,manual,,1621231335017,5YZ5KtYtGE3une93TnE5wFjHov6Oer$0$manual$manual$0,XmUaK1OrSvqLTOB7fWqeuyiG3xDhAX,2021-05-17T06:02:15.017Z
17.1,manual,,manual,,1621202100000,5YZ5KtYtGE3une93TnE5wFjHov6Oer$0$manual$manual$0,CHlroM732dcTHYQL0wNMF3v3BWyTJk,2021-05-16T21:55:00.000Z
17.9,manual,,manual,,1621185491732,5YZ5KtYtGE3une93TnE5wFjHov6Oer$0$manual$manual$0,ELz8xGyDx5dv1xiGczPxgDsyO3P6UD,2021-05-16T17:18:11.732Z
17.8,manual,,manual,,1621158526525,5YZ5KtYtGE3une93TnE5wFjHov6Oer$0$manual$manual$0,ci6PxMmEZMcrAPXx8dkgRXbbydmW4u,2021-05-16T09:48:46.525Z
17.2,manual,,manual,,1621112947634,5YZ5KtYtGE3une93TnE5wFjHov6Oer$0$manual$manual$0,5Nm0BZGUCv9ejXKN3KdfN09ynNFjDp,2021-05-15T21:09:07.634Z
17,manual,,manual,,1621096891217,5YZ5KtYtGE3une93TnE5wFjHov6Oer$0$manual$manual$0,aMdc90pfqjHfmY6bzfuOH7R6E3DeAZ,2021-05-15T16:41:31.217Z
17.9,manual,,manual,,1621082283792,5YZ5KtYtGE3une93TnE5wFjHov6Oer$0$manual$manual$0,NZvIlo9nfJzbp7wnvvFjNH066av4M4,2021-05-15T12:38:03.792Z
17.1,manual,,manual,,1621066038808,5YZ5KtYtGE3une93TnE5wFjHov6Oer$0$manual$manual$0,DlEFXMC01RHWIkCXqfBarkN5fvLH7H,2021-05-15T08:07:18.808Z
17.2,manual,,manual,,1621029171657,5YZ5KtYtGE3une93TnE5wFjHov6Oer$0$manual$manual$0,DRGwDWXWd246NyBYO3CDk0pznsusDc,2021-05-14T21:52:51.657Z
17.1,manual,,manual,,1621012879769,5YZ5KtYtGE3une93TnE5wFjHov6Oer$0$manual$manual$0,MOZUNFpWsh39pZLrEnOAxjpj2O3hcH,2021-05-14T17:21:19.769Z
17.2,manual,,manual,,1620991868477,5YZ5KtYtGE3une93TnE5wFjHov6Oer$0$manual$manual$0,1VKiH5JBW4kLAAfDfyhE4Q9qKAfRiF,2021-05-14T11:31:08.477Z
17.2,manual,,manual,,1620980760325,5YZ5KtYtGE3une93TnE5wFjHov6Oer$0$manual$manual$0,nl7PgO2wBqHPpUAefToQSypyD8XV3C,2021-05-14T08:26:00.325Z
17.8,manual,,manual,,1620941060376,5YZ5KtYtGE3une93TnE5wFjHov6Oer$0$manual$manual$0,efy4T7kOOyxzst6YJz8BoxBDgnpWpg,2021-05-13T21:24:20.376Z
17.2,manual,,manual,,1620921027917,5YZ5KtYtGE3une93TnE5wFjHov6Oer$0$manual$manual$0,bj20eEmydfmcjVhVNALxux9VcHyH2M,2021-05-13T15:50:27.917Z
17,manual,,manual,,1620903433226,5YZ5KtYtGE3une93TnE5wFjHov6Oer$0$manual$manual$0,lAJd842NAowuGchbfXP5XXwXhDgi6t,2021-05-13T10:57:13.226Z
17,manual,,manual,,1620891872305,5YZ5KtYtGE3une93TnE5wFjHov6Oer$0$manual$manual$0,DIMoxXXFOHw5jNB7WboRMrHt1pF9RA,2021-05-13T07:44:32.305Z
17,manual,,manual,,1620850619062,5YZ5KtYtGE3une93TnE5wFjHov6Oer$0$manual$manual$0,NpUUOMsrVYdYx2JY8Qc5ll6txlhtF3,2021-05-12T20:16:59.062Z
16.9,manual,,manual,,1620836529020,5YZ5KtYtGE3une93TnE5wFjHov6Oer$0$manual$manual$0,xymrdUAfHuPwFyuCzGv2SZgi92MtdD,2021-05-12T16:22:09.020Z
16.7,manual,,manual,,1620819682314,5YZ5KtYtGE3une93TnE5wFjHov6Oer$0$manual$manual$0,RjPMBwZ01TTKmbXbDN7K7lxFuScG0B,2021-05-12T11:41:22.314Z
16.7,manual,,manual,,1620804067544,5YZ5KtYtGE3une93TnE5wFjHov6Oer$0$manual$manual$0,3NxU6efNauaeTfjvQsqgKKPoJ0H6lr,2021-05-12T07:21:07.544Z
16.9,manual,,manual,,1620770160000,5YZ5KtYtGE3une93TnE5wFjHov6Oer$0$manual$manual$0,ZzaalYOaiJQeY9WeezxMxPHbdk98bq,2021-05-11T21:56:00.000Z
16.7,manual,,manual,,1620753661494,5YZ5KtYtGE3une93TnE5wFjHov6Oer$0$manual$manual$0,Kaf9TtTySGkecziromua4c2NUmfI35,2021-05-11T17:21:01.494Z
16.5,manual,,manual,,1620738043541,5YZ5KtYtGE3une93TnE5wFjHov6Oer$0$manual$manual$0,VnKHMReQNF44aP3ji4Dvn1Mee9vRrz,2021-05-11T13:00:43.541Z
16.2,manual,,manual,,1620720713746,5YZ5KtYtGE3une93TnE5wFjHov6Oer$0$manual$manual$0,Lkg4YTlnahUWZgpulWgZJjeQxmBgrO,2021-05-11T08:11:53.746Z
16,manual,,manual,,1620635195971,5YZ5KtYtGE3une93TnE5wFjHov6Oer$0$manual$manual$0,hpu5etrDeUD5slGY1GkYHuyOvIrgSg,2021-05-10T08:26:35.971Z
16.7,manual,,manual,,1620595153847,5YZ5KtYtGE3une93TnE5wFjHov6Oer$0$manual$manual$0,11tpE7bc0WzixitzEByxlMb2AgNBGk,2021-05-09T21:19:13.847Z
16.9,manual,,manual,,1620571587484,5YZ5KtYtGE3une93TnE5wFjHov6Oer$0$manual$manual$0,tZywOQo2AclhkrDzgrqJjWcpBOftuj,2021-05-09T14:46:27.484Z
16.2,manual,,manual,,1620546383318,5YZ5KtYtGE3une93TnE5wFjHov6Oer$0$manual$manual$0,iknTxGUiACvolDou6OZXqm8DMRKH15,2021-05-09T07:46:23.318Z
16.5,manual,,manual,,1620505783639,5YZ5KtYtGE3une93TnE5wFjHov6Oer$0$manual$manual$0,aSEv1IUXvoJvnWlOWU9pEzlvIK9hw1,2021-05-08T20:29:43.639Z
16,manual,,manual,,1620481655710,5YZ5KtYtGE3une93TnE5wFjHov6Oer$0$manual$manual$0,NUoMuLpRrexaroX9C7I46OhbktBD50,2021-05-08T13:47:35.710Z
16,manual,,manual,,1620463478664,5YZ5KtYtGE3une93TnE5wFjHov6Oer$0$manual$manual$0,uyqB0lYiUkrbDnm84FxzkUlgZMpCzd,2021-05-08T08:44:38.664Z
16.2,manual,,manual,,1620425319587,5YZ5KtYtGE3une93TnE5wFjHov6Oer$0$manual$manual$0,Unrt0FFRbZV0XXMWBgYj64HeSEpfzg,2021-05-07T22:08:39.587Z
16.8,manual,,manual,,1620408961843,5YZ5KtYtGE3une93TnE5wFjHov6Oer$0$manual$manual$0,mB1j6WpoeikjwZMHAB1DhgUNce9vk0,2021-05-07T17:36:01.843Z
16.6,manual,,manual,,1620384831281,5YZ5KtYtGE3une93TnE5wFjHov6Oer$0$manual$manual$0,Tc4Mndl2QPzb0g5wLbEuNt95Iy0h3O,2021-05-07T10:53:51.281Z
16.6,manual,,manual,,1620368520000,5YZ5KtYtGE3une93TnE5wFjHov6Oer$0$manual$manual$0,RaSSWFHtKhBR5PgdVsZL4Id2vNoP8s,2021-05-07T06:22:00.000Z
16.9,manual,,manual,,1620337555039,5YZ5KtYtGE3une93TnE5wFjHov6Oer$0$manual$manual$0,TzhcWijusSNrmdyeCAn23aQWe2KMre,2021-05-06T21:45:55.039Z
16.4,manual,,manual,,1620311160000,5YZ5KtYtGE3une93TnE5wFjHov6Oer$0$manual$manual$0,1NkPwBGd4C72S64rrxXpd3sEjoXvwg,2021-05-06T14:26:00.000Z
16.4,manual,,manual,,1620282010542,5YZ5KtYtGE3une93TnE5wFjHov6Oer$0$manual$manual$0,aGExVVMKIK2GGFN2kThMntKwERk2BZ,2021-05-06T06:20:10.542Z
16.5,manual,,manual,,1620251907181,5YZ5KtYtGE3une93TnE5wFjHov6Oer$0$manual$manual$0,GtGnBSpUCXlMxGWDAR2coltGK2Ksj5,2021-05-05T21:58:27.181Z
16,manual,,manual,,1620224863383,5YZ5KtYtGE3une93TnE5wFjHov6Oer$0$manual$manual$0,gZCjycLB1EzzhgX8HUUJ9p9BQjoLaI,2021-05-05T14:27:43.383Z
15.7,manual,,manual,,1620202122482,5YZ5KtYtGE3une93TnE5wFjHov6Oer$0$manual$manual$0,3utXOfdKYxfQ3Ni584aNrYaYur85du,2021-05-05T08:08:42.482Z
16.2,manual,,manual,,1620164640000,5YZ5KtYtGE3une93TnE5wFjHov6Oer$0$manual$manual$0,h80swMdFkg4tvF6eKm6zY0zCnoQyoK,2021-05-04T21:44:00.000Z
16.3,manual,,manual,,1620153037854,5YZ5KtYtGE3une93TnE5wFjHov6Oer$0$manual$manual$0,XXfnSCdyeZhLaJ3b1Ao0qKhuDJPyMM,2021-05-04T18:30:37.854Z
16.5,manual,,manual,,1620131452147,5YZ5KtYtGE3une93TnE5wFjHov6Oer$0$manual$manual$0,AdD85G8X0vJIZlKNPufCubTWKk7YFS,2021-05-04T12:30:52.147Z
16.2,manual,,manual,,1620108957303,5YZ5KtYtGE3une93TnE5wFjHov6Oer$0$manual$manual$0,RXp1Ju0ySqLfyXUeQidXb23ImI0hfu,2021-05-04T06:15:57.303Z
16.9,manual,,manual,,1620078708161,5YZ5KtYtGE3une93TnE5wFjHov6Oer$0$manual$manual$0,UNMqMwFBQ17IaO10JwwDaP9sv2VoFc,2021-05-03T21:51:48.161Z
16,manual,,manual,,1620065857157,5YZ5KtYtGE3une93TnE5wFjHov6Oer$0$manual$manual$0,J6I7eNG1D6hvejPOw2MndNp3XHoKlh,2021-05-03T18:17:37.157Z
16.4,manual,,manual,,1620027180000,5YZ5KtYtGE3une93TnE5wFjHov6Oer$0$manual$manual$0,fAE7v5psNccOqmH8Rg9rt0dbnF6w4M,2021-05-03T07:33:00.000Z
16.5,manual,,manual,,1619990100000,5YZ5KtYtGE3une93TnE5wFjHov6Oer$0$manual$manual$0,EXbqQ80VysyE2TXzXs000GSXKy4PYy,2021-05-02T21:15:00.000Z
17.3,manual,,manual,,1619971920000,5YZ5KtYtGE3une93TnE5wFjHov6Oer$0$manual$manual$0,SdWoaxH4lNwE7aUmqNnLeAJFXHtA0E,2021-05-02T16:12:00.000Z
19.6,manual,,manual,,1619936708316,5YZ5KtYtGE3une93TnE5wFjHov6Oer$0$manual$manual$0,PS0rv7d2mtt8Z8obDI6VxTKCYniBsJ,2021-05-02T06:25:08.316Z
19.1,manual,,manual,,1619905259878,5YZ5KtYtGE3une93TnE5wFjHov6Oer$0$manual$manual$0,26Q1E2Gt6NaxUCcsuiFw6v3RZbM1pW,2021-05-01T21:40:59.878Z
19.9,manual,,manual,,1619884405101,5YZ5KtYtGE3une93TnE5wFjHov6Oer$0$manual$manual$0,vAIxlyNYGDyLjHKBzcxQtBjb8sFjnw,2021-05-01T15:53:25.101Z
19.9,manual,,manual,,1619860186636,5YZ5KtYtGE3une93TnE5wFjHov6Oer$0$manual$manual$0,PUNFooOVbOjz6LWN807VYnMeJPDw7z,2021-05-01T09:09:46.636Z
20,manual,,manual,,1619809751289,5YZ5KtYtGE3une93TnE5wFjHov6Oer$0$manual$manual$0,jkjwB6oPDpcynrK7IhMdtk1HqjDsKN,2021-04-30T19:09:11.289Z
19.6,manual,,manual,,1619778347106,5YZ5KtYtGE3une93TnE5wFjHov6Oer$0$manual$manual$0,fprWhZqWRPE2cQG03Kc0AP0GwwZ7EX,2021-04-30T10:25:47.106Z
20,manual,,manual,,1619761620495,5YZ5KtYtGE3une93TnE5wFjHov6Oer$0$manual$manual$0,zGKuGK8Tg0tAbLWp9W0ObHnPLMDEUd,2021-04-30T05:47:00.495Z
20.1,manual,,manual,,1619733428048,5YZ5KtYtGE3une93TnE5wFjHov6Oer$0$manual$manual$0,EjbQRS8dzuI41SP09pSD87FO6S1jIa,2021-04-29T21:57:08.048Z
20,manual,,manual,,1619708960121,5YZ5KtYtGE3une93TnE5wFjHov6Oer$0$manual$manual$0,4Kw95OVxtKAX7rHCCM859pKDUeh5cr,2021-04-29T15:09:20.121Z
20,manual,,manual,,1619682253225,5YZ5KtYtGE3une93TnE5wFjHov6Oer$0$manual$manual$0,4S1Y5YT9OZLZ0LXlKLnmcoxGceWbwo,2021-04-29T07:44:13.225Z
19,manual,,manual,,1619644780042,5YZ5KtYtGE3une93TnE5wFjHov6Oer$0$manual$manual$0,2PqdRkssLPr1pNtx96a6oxFenrXpB2,2021-04-28T21:19:40.042Z
19.3,manual,,manual,,1619610388543,5YZ5KtYtGE3une93TnE5wFjHov6Oer$0$manual$manual$0,LLFVauDMrd34cE40t5s1bMJYOg7ZSc,2021-04-28T11:46:28.543Z
19.2,manual,,manual,,1619592306675,5YZ5KtYtGE3une93TnE5wFjHov6Oer$0$manual$manual$0,KAd2sTiBFNtfClJu6U1YTPlXPVGQ5i,2021-04-28T06:45:06.675Z
20,manual,,manual,,1619550986994,5YZ5KtYtGE3une93TnE5wFjHov6Oer$0$manual$manual$0,WQsG2Z9seiyzKDWGCtrmX6s6oyjOpF,2021-04-27T19:16:26.994Z
19,manual,,manual,,1619529724692,5YZ5KtYtGE3une93TnE5wFjHov6Oer$0$manual$manual$0,jJ1NCTkqkQnRDEUdhncAWaudjoZutw,2021-04-27T13:22:04.692Z
19,manual,,manual,,1619506301258,5YZ5KtYtGE3une93TnE5wFjHov6Oer$0$manual$manual$0,P5cPEOytieRygjcV7cApFGCbsSxY3w,2021-04-27T06:51:41.258Z
19,manual,,manual,,1619473356322,5YZ5KtYtGE3une93TnE5wFjHov6Oer$0$manual$manual$0,dMc0LDDbb00SYQZyDsIscRUjq8vx5R,2021-04-26T21:42:36.322Z
19.6,manual,,manual,,1619455801995,5YZ5KtYtGE3une93TnE5wFjHov6Oer$0$manual$manual$0,CI8slCVb4p54WIcpu4awiTSTUQ38Ug,2021-04-26T16:50:01.995Z
20,manual,,manual,,1619434353621,5YZ5KtYtGE3une93TnE5wFjHov6Oer$0$manual$manual$0,s9XDyZ6QBPX6zpDDWve9EA0YkMR8w8,2021-04-26T10:52:33.621Z
19,manual,,manual,,1619417696660,5YZ5KtYtGE3une93TnE5wFjHov6Oer$0$manual$manual$0,qYxPwSiUEZkkSfTNTRY3ZnrQufDpI1,2021-04-26T06:14:56.660Z
19.6,manual,,manual,,1619386860000,5YZ5KtYtGE3une93TnE5wFjHov6Oer$0$manual$manual$0,Nklaf0AXzcIa2kRShNfMFMWUwcGSzV,2021-04-25T21:41:00.000Z
19,manual,,manual,,1619372133065,5YZ5KtYtGE3une93TnE5wFjHov6Oer$0$manual$manual$0,CbE1zYRn4kilvbJBBw1M5gAXP9GN8r,2021-04-25T17:35:33.065Z
19,manual,,manual,,1619345700000,5YZ5KtYtGE3une93TnE5wFjHov6Oer$0$manual$manual$0,MMW362opQEWe6xl0HPr7bl9iREshjx,2021-04-25T10:15:00.000Z
20,manual,,manual,,1619334236740,5YZ5KtYtGE3une93TnE5wFjHov6Oer$0$manual$manual$0,bnCP5uoKyjHL3uDKYwFHagrreJuJ8P,2021-04-25T07:03:56.740Z
19.6,manual,,manual,,1619300700000,5YZ5KtYtGE3une93TnE5wFjHov6Oer$0$manual$manual$0,buqKm7u1YBnNSS5lcMtnCp60ir8iEG,2021-04-24T21:45:00.000Z
19.4,manual,,manual,,1619287505235,5YZ5KtYtGE3une93TnE5wFjHov6Oer$0$manual$manual$0,B6z3YhWbrlVmgzcoXuRnC6GN8Ioy5i,2021-04-24T18:05:05.235Z
19.1,manual,,manual,,1619267828254,5YZ5KtYtGE3une93TnE5wFjHov6Oer$0$manual$manual$0,KAqseMnERzTw5p5obm2QRfQ9PJvayi,2021-04-24T12:37:08.254Z
20,manual,,manual,,1619252180911,5YZ5KtYtGE3une93TnE5wFjHov6Oer$0$manual$manual$0,dRTURtp7aii0Za4FeVcRgkxgVIBwMH,2021-04-24T08:16:20.911Z
19,manual,,manual,,1619210552547,5YZ5KtYtGE3une93TnE5wFjHov6Oer$0$manual$manual$0,quqrkFrQvs8vqjouxlFiMZoXD9dJqU,2021-04-23T20:42:32.547Z
20,manual,,manual,,1619197057841,5YZ5KtYtGE3une93TnE5wFjHov6Oer$0$manual$manual$0,CaiZI2TIHLbU6NN1hss7RBp1DQkZr3,2021-04-23T16:57:37.841Z
19.8,manual,,manual,,1619175016592,5YZ5KtYtGE3une93TnE5wFjHov6Oer$0$manual$manual$0,Ny11TQqA9fmpWEyR077ACT0haO2cGU,2021-04-23T10:50:16.592Z
19,manual,,manual,,1619150377461,5YZ5KtYtGE3une93TnE5wFjHov6Oer$0$manual$manual$0,4ME8D5abHJlvkM0L4vG2AJzkzihPRm,2021-04-23T03:59:37.461Z
20.1,manual,,manual,,1619118120000,5YZ5KtYtGE3une93TnE5wFjHov6Oer$0$manual$manual$0,m6a3oyK6LJj8m1Da3b4ryD175fS4li,2021-04-22T19:02:00.000Z
19,manual,,manual,,1619104856326,5YZ5KtYtGE3une93TnE5wFjHov6Oer$0$manual$manual$0,Q4Ah6UEX9gvWqzyKynaJaLYtKpclwN,2021-04-22T15:20:56.326Z
20,manual,,manual,,1619088802981,5YZ5KtYtGE3une93TnE5wFjHov6Oer$0$manual$manual$0,La5F3WNj3HnrPgCEy7dt9V5jn9bzg1,2021-04-22T10:53:22.981Z
18.9,manual,,manual,,1619073300000,5YZ5KtYtGE3une93TnE5wFjHov6Oer$0$manual$manual$0,freyOxlaTbx69dmCw8jYKwbYCeJb9X,2021-04-22T06:35:00.000Z
19.8,manual,,manual,,1619026408249,5YZ5KtYtGE3une93TnE5wFjHov6Oer$0$manual$manual$0,jU1izRoA2zNOXW7ULIxlEfgavlGXXd,2021-04-21T17:33:28.249Z
19.9,manual,,manual,,1619000956907,5YZ5KtYtGE3une93TnE5wFjHov6Oer$0$manual$manual$0,idTe3E0Dgggi4X1yG6Uilwsi0yNuj5,2021-04-21T10:29:16.907Z
20.1,manual,,manual,,1618976452651,5YZ5KtYtGE3une93TnE5wFjHov6Oer$0$manual$manual$0,BNfmE7yaZ7GoxLogWPCfREHodrEU6h,2021-04-21T03:40:52.651Z
20.1,manual,,manual,,1618950063654,5YZ5KtYtGE3une93TnE5wFjHov6Oer$0$manual$manual$0,iFPbA4t6pChMuIv7HAla723B2Gd8md,2021-04-20T20:21:03.654Z
19,manual,,manual,,1618937234016,5YZ5KtYtGE3une93TnE5wFjHov6Oer$0$manual$manual$0,dgTPxrZTgQ55M5hyWqkGSsWK4H3fgS,2021-04-20T16:47:14.016Z
20,manual,,manual,,1618915411324,5YZ5KtYtGE3une93TnE5wFjHov6Oer$0$manual$manual$0,qrF3K0LC7TaSBy1sghda21mQgqo0Ov,2021-04-20T10:43:31.324Z
19.6,manual,,manual,,1618897977780,5YZ5KtYtGE3une93TnE5wFjHov6Oer$0$manual$manual$0,I3u3M6szn8oFvUDWQxf8rPhoqqnAR2,2021-04-20T05:52:57.780Z
20,manual,,manual,,1618866322681,5YZ5KtYtGE3une93TnE5wFjHov6Oer$0$manual$manual$0,Q0K7AAJNKlr5W9w39DR1kw18HDD3Jn,2021-04-19T21:05:22.681Z
19.2,manual,,manual,,1618851098554,5YZ5KtYtGE3une93TnE5wFjHov6Oer$0$manual$manual$0,MDrEIlKpSYIlMjUbp4ZBNMTnEnVaxN,2021-04-19T16:51:38.554Z
19.6,manual,,manual,,1618831520201,5YZ5KtYtGE3une93TnE5wFjHov6Oer$0$manual$manual$0,qJUhUrrWHMLsViZfV3tRFhzMCWTrvm,2021-04-19T11:25:20.201Z
19.6,manual,,manual,,1618817400000,5YZ5KtYtGE3une93TnE5wFjHov6Oer$0$manual$manual$0,CkmGs7jQA46uu9aEGulko5MpLXd5kQ,2021-04-19T07:30:00.000Z
19.6,manual,1.002,manual,,1618772280000,5YZ5KtYtGE3une93TnE5wFjHov6Oer$0$manual$manual$0,i06Xi4oossOz47bRRAjUXdBIYEGntd,2021-04-18T18:58:00.000Z,0.145038,NaN
21.6,manual,,manual,no bubbles,1618765106085,5YZ5KtYtGE3une93TnE5wFjHov6Oer$0$manual$manual$0,QcuJQoDTjxt2g8oC2QWLk6JkJ8kEhZ,2021-04-18T16:58:26.085Z,1.450377,
22.4,manual,,manual,no bubbles,1618748606664,5YZ5KtYtGE3une93TnE5wFjHov6Oer$0$manual$manual$0,hM1XmRZfZrOS2iNsEHNIsSIrDnyHmV,2021-04-18T12:23:26.664Z,580.150951,
22.8,manual,,manual,no bubbles,1618730696459,5YZ5KtYtGE3une93TnE5wFjHov6Oer$0$manual$manual$0,PQ26qMUI3nLl6tzQWfMTsSZIq7pBij,2021-04-18T07:24:56.459Z,1.450377,
22.3,manual,,manual,no bubbles,1618688978581,5YZ5KtYtGE3une93TnE5wFjHov6Oer$0$manual$manual$0,shNbGvfHwa7m0c6gynhaXS1pVeu4im,2021-04-17T19:49:38.581Z,1.450377,
23,manual,,manual,no bubbles,1618669116151,5YZ5KtYtGE3une93TnE5wFjHov6Oer$0$manual$manual$0,n4M9IcTYI7UVoPFnumWGZsBkfsWxnt,2021-04-17T14:18:36.151Z,14.503774,
23,manual,,manual,no bubbles,1618653759950,5YZ5KtYtGE3une93TnE5wFjHov6Oer$0$manual$manual$0,1uCG1UQjtbkqsDhrp2sjTQiMJa91ae,2021-04-17T10:02:39.950Z,14.503774,
22,manual,,manual,no bubbles,1618643045354,5YZ5KtYtGE3une93TnE5wFjHov6Oer$0$manual$manual$0,X9NJDamtfH0lFRz5wj4V3LcK8EyhCV,2021-04-17T07:04:05.354Z,29.007548,
22.8,manual,,manual,no bubbles,1618589246620,5YZ5KtYtGE3une93TnE5wFjHov6Oer$0$manual$manual$0,WBimg5V4E9hgj00o2UnpVwv0OtzcL5,2021-04-16T16:07:26.620Z,43.511321,
22.1,manual,,manual,no bubbles,1618569503213,5YZ5KtYtGE3une93TnE5wFjHov6Oer$0$manual$manual$0,QhEVZZ5GFMmMoEg6bDgMTd1sfqMPIT,2021-04-16T10:38:23.213Z,217.556607,
22,manual,NaN,manual,no bubbles,1618551019572,5YZ5KtYtGE3une93TnE5wFjHov6Oer$0$manual$manual$0,V5E2UvikVXlVdRPQadTpZIEvSDQOYN,2021-04-16T05:30:19.572Z,14.503774,NaN
22,manual,,manual,no bubbles,1618520996262,5YZ5KtYtGE3une93TnE5wFjHov6Oer$0$manual$manual$0,MC7mq3CkZZu8nSQy7zTpnSRHATBZxk,2021-04-15T21:09:56.262Z,43.511321,
22.1,manual,,manual,no bubbles,1618494051691,5YZ5KtYtGE3une93TnE5wFjHov6Oer$0$manual$manual$0,fyfnCwsmQVpT7w60GiXp7nwZZGzoYk,2021-04-15T13:40:51.691Z,43.511321,
22.7,manual,,manual,no bubbles,1618464459390,5YZ5KtYtGE3une93TnE5wFjHov6Oer$0$manual$manual$0,EFdkbiIRe13SzYQQcNOG76mlyPt5zR,2021-04-15T05:27:39.390Z,43.511321,
23,manual,,manual,no bubbles,1618435312725,5YZ5KtYtGE3une93TnE5wFjHov6Oer$0$manual$manual$0,XWnhiXgLPMTmg1fekpnMxAq38vt8ZT,2021-04-14T21:21:52.725Z,290.075476,
22.3,manual,,manual,no bubbles,1618423255611,5YZ5KtYtGE3une93TnE5wFjHov6Oer$0$manual$manual$0,LRte7QAutOuKiwUoWu5LYnqhBEsbEQ,2021-04-14T18:00:55.611Z,14.503774,
21.7,manual,,manual,no bubbles,1618395046782,5YZ5KtYtGE3une93TnE5wFjHov6Oer$0$manual$manual$0,MVeSWoKOT8uOAnC8h0TpI6WuR2Wo8C,2021-04-14T10:10:46.782Z,58.015095,
19.4,manual,,manual,no bubbles,1618380953542,5YZ5KtYtGE3une93TnE5wFjHov6Oer$0$manual$manual$0,kw97lwXUTzNj1Kd01sioBNwmw0Hc7i,2021-04-14T06:15:53.542Z,29.007548,
19.1,manual,,manual,no bubbles,1618347843380,5YZ5KtYtGE3une93TnE5wFjHov6Oer$0$manual$manual$0,aSDDkYao4lMqVllTesJTlDtEUxYjfH,2021-04-13T21:04:03.380Z,14.503774,
19.2,manual,,manual,no bubbles,1618333207412,5YZ5KtYtGE3une93TnE5wFjHov6Oer$0$manual$manual$0,ijFOph0MMPhkvPYmHXRweL07gIbzjw,2021-04-13T17:00:07.412Z,14.503774,
19.8,manual,,manual,no bubbles,1618308621492,5YZ5KtYtGE3une93TnE5wFjHov6Oer$0$manual$manual$0,QEVV19gkKuYS6dtpJMTz1PLk4WBdKv,2021-04-13T10:10:21.492Z,652.66982,
19.7,manual,,manual,no bubbles,1618293136154,5YZ5KtYtGE3une93TnE5wFjHov6Oer$0$manual$manual$0,udryh1B0KgFiK2CDHAFKRWuQcGxedu,2021-04-13T05:52:16.154Z,29.007548,
19,manual,,manual,no bubbles,1618259253006,5YZ5KtYtGE3une93TnE5wFjHov6Oer$0$manual$manual$0,jFExmvinybdfsKhF4L56aMhej4IjBX,2021-04-12T20:27:33.006Z,290.075476,
19.1,manual,,manual,no bubbles,1618242025563,5YZ5KtYtGE3une93TnE5wFjHov6Oer$0$manual$manual$0,JdDgbwYDrzHuhi3fZvEBMpEoF8tSyx,2021-04-12T15:40:25.563Z,217.556607,
19,manual,,manual,no bubbles,1618227595445,5YZ5KtYtGE3une93TnE5wFjHov6Oer$0$manual$manual$0,3qkbig7Yw2oIfrjIGvnvkFlWnTJd3v,2021-04-12T11:39:55.445Z,290.075476,
19.4,manual,NaN,manual,no bubbles,1618207999908,5YZ5KtYtGE3une93TnE5wFjHov6Oer$0$manual$manual$0,fbo327wJU7R6Aj1vOQ28yIlLRW7ZcV,2021-04-12T06:13:19.908Z,14.503774,NaN
19.2,manual,,manual,no bubbles,1618170600000,5YZ5KtYtGE3une93TnE5wFjHov6Oer$0$manual$manual$0,ueYDIdytFj5p2eysJeTOS1qj5asSwU,2021-04-11T19:50:00.000Z,29.007548,
18.8,manual,,manual,no bubbles,1618159200000,5YZ5KtYtGE3une93TnE5wFjHov6Oer$0$manual$manual$0,rFY6yNrtxJD2nKRFyGTSknpMijA1MX,2021-04-11T16:40:00.000Z,72.518869,
19.5,manual,,manual,no bubbles,1618154972165,5YZ5KtYtGE3une93TnE5wFjHov6Oer$0$manual$manual$0,aY7Bf9ZP2ZAhyzCjLILhRF6Lw30qRQ,2021-04-11T15:29:32.165Z,652.66982,
19,manual,,manual,no bubbles,1618141329402,5YZ5KtYtGE3une93TnE5wFjHov6Oer$0$manual$manual$0,49oRLvSDgpQvd2nSDAoStYQJEdfoO5,2021-04-11T11:42:09.402Z,696.181141,
19.5,manual,,manual,no bubbles,1618125828205,5YZ5KtYtGE3une93TnE5wFjHov6Oer$0$manual$manual$0,xzkdtg9Bpa77IgDZgpnV5nJBxnVGy8,2021-04-11T07:23:48.205Z,725.188689,
19.4,manual,,manual,many bubbles,1618085810418,5YZ5KtYtGE3une93TnE5wFjHov6Oer$0$manual$manual$0,cBiODKncRcmJUKktAhII8pScXK97H4,2021-04-10T20:16:50.418Z,725.188689,
18.9,manual,NaN,manual,few bubbles,1618061212644,5YZ5KtYtGE3une93TnE5wFjHov6Oer$0$manual$manual$0,16PBkq9lJWxdL5VIFyGO0aRDZliMEq,2021-04-10T13:26:52.644Z,725.188689,NaN
19.6,manual,,manual,few bubbles,1618040353914,5YZ5KtYtGE3une93TnE5wFjHov6Oer$0$manual$manual$0,TS9kMwAHbKirMFDecHyoypW40c7WfM,2021-04-10T07:39:13.914Z,725.188689,
19.8,manual,,manual,few bubbles,1617999440639,5YZ5KtYtGE3une93TnE5wFjHov6Oer$0$manual$manual$0,gwvmXrwScRzKa9Djgw7Y2cpv1MKsB8,2021-04-09T20:17:20.639Z,725.188689,
19.9,manual,,manual,few bubbles,1617970787480,5YZ5KtYtGE3une93TnE5wFjHov6Oer$0$manual$manual$0,BWAZOGzZNf6MVa8C9USJit7KhrNcly,2021-04-09T12:19:47.480Z,725.188689,
19.7,manual,,manual,many bubbles,1617944422529,5YZ5KtYtGE3une93TnE5wFjHov6Oer$0$manual$manual$0,dJGSbNqu8rV7PRVOnXFRh9qscfovP3,2021-04-09T05:00:22.529Z,725.188689,
19.3,manual,,manual,many bubbles,1617916491047,5YZ5KtYtGE3une93TnE5wFjHov6Oer$0$manual$manual$0,fJphUCNKGiRp6QAt25ElL6yuzD2pC5,2021-04-08T21:14:51.047Z,725.188689,
19.9,manual,,manual,many bubbles,1617894734336,5YZ5KtYtGE3une93TnE5wFjHov6Oer$0$manual$manual$0,bfG1943erDr4V7iBylp9sbm8m8dUjJ,2021-04-08T15:12:14.336Z,725.188689,
20,manual,,manual,many bubbles,1617880320000,5YZ5KtYtGE3une93TnE5wFjHov6Oer$0$manual$manual$0,ykU8n66bHMOCLyjQ2PEfgu96eAbNPk,2021-04-08T11:12:00.000Z,725.188689,
19,manual,,manual,many bubbles,1617861060000,5YZ5KtYtGE3une93TnE5wFjHov6Oer$0$manual$manual$0,H60ZpOnWHfZ1mS4foccGni7dF0Daew,2021-04-08T05:51:00.000Z,725.188689,
20,manual,,manual,many bubbles,1617829088464,5YZ5KtYtGE3une93TnE5wFjHov6Oer$0$manual$manual$0,ptPs66tieP9HkL8fVVpHgeOVbdt0uP,2021-04-07T20:58:08.464Z,725.188689,
19.5,manual,,manual,many bubbles,1617806220000,5YZ5KtYtGE3une93TnE5wFjHov6Oer$0$manual$manual$0,AaJFmrqgGO1e1F5ikyPKTSyXGcQ7IO,2021-04-07T14:37:00.000Z,725.188689,
19.5,manual,,manual,many bubbles,1617787920000,5YZ5KtYtGE3une93TnE5wFjHov6Oer$0$manual$manual$0,DQbj6d0VZPLnIJsrK8qWoxZRiOpDeb,2021-04-07T09:32:00.000Z,725.188689,
19.9,manual,,manual,many bubbles,1617780562370,5YZ5KtYtGE3une93TnE5wFjHov6Oer$0$manual$manual$0,Ma0ZC9fygcsl4Mx7cV40jAbJ4TcKu4,2021-04-07T07:29:22.370Z,725.188689,
20,manual,,manual,many bubbles.,1617742200134,5YZ5KtYtGE3une93TnE5wFjHov6Oer$0$manual$manual$0,PUfTZ2fqqTCGQoN61rE7n7sxwjbA8R,2021-04-06T20:50:00.134Z,725.188689,
19.5,manual,,manual,many bubbles,1617733320000,5YZ5KtYtGE3une93TnE5wFjHov6Oer$0$manual$manual$0,90jeNVNFEj9KwxrZYjE06qsl0KJNnH,2021-04-06T18:22:00.000Z,725.188689,
19.9,manual,,manual,many bubbles,1617715347460,5YZ5KtYtGE3une93TnE5wFjHov6Oer$0$manual$manual$0,OWSUXiEykNLUuwomV1EyMJtMaLAJDx,2021-04-06T13:22:27.460Z,725.188689,
19.8,manual,,manual,many bubbles,1617705765819,5YZ5KtYtGE3une93TnE5wFjHov6Oer$0$manual$manual$0,HAV1TPgRuCWgKCGyoIcPwYAScHLKIR,2021-04-06T10:42:45.819Z,725.188689,
19.7,manual,,manual,many bubbles,1617690100190,5YZ5KtYtGE3une93TnE5wFjHov6Oer$0$manual$manual$0,ohzv6kSSyrasZFp1yWsoKoNJGgu2Y6,2021-04-06T06:21:40.190Z,725.188689,
19.7,manual,,manual,many bubbles,1617658851971,5YZ5KtYtGE3une93TnE5wFjHov6Oer$0$manual$manual$0,mwQr9ucjlHjBsdpu6AexLra7teNPNj,2021-04-05T21:40:51.971Z,725.188689,
19.3,manual,,manual,many bubbles,1617635668303,5YZ5KtYtGE3une93TnE5wFjHov6Oer$0$manual$manual$0,NRek47xrzwZ1ddCYivalMT3qTCvS9s,2021-04-05T15:14:28.303Z,725.188689,
19.5,manual,,manual,many bubbles,1617621319576,5YZ5KtYtGE3une93TnE5wFjHov6Oer$0$manual$manual$0,5hM5tOmhm1nUEzYfRE0hlZyAENcJHx,2021-04-05T11:15:19.576Z,725.188689,
19.8,manual,,manual,many bubbles,1617614605791,5YZ5KtYtGE3une93TnE5wFjHov6Oer$0$manual$manual$0,aJmBX8MoGekgHYTk5bZjAAT6aml26T,2021-04-05T09:23:25.791Z,725.188689,
19.5,manual,,manual,few bubbles,1617605942718,5YZ5KtYtGE3une93TnE5wFjHov6Oer$0$manual$manual$0,pGkyHaebemmPr3IGME38FPYuARgrXN,2021-04-05T06:59:02.718Z,725.188689,
19.5,manual,,manual,no bubbles.,1617566027514,5YZ5KtYtGE3une93TnE5wFjHov6Oer$0$manual$manual$0,bxQA2u2xNVpRRObmyobDL9mqxxSgka,2021-04-04T19:53:47.514Z,435.113213,
19.2,manual,NaN,manual,no bubbles.,1617553981511,5YZ5KtYtGE3une93TnE5wFjHov6Oer$0$manual$manual$0,OTsL0Spmi6YqBMdSG3JCcL54htGrYl,2021-04-04T16:33:01.511Z,1.450377,NaN
22.7,manual,1.051,manual,pitched 5 grams US-05 yeast,1617543900000,5YZ5KtYtGE3une93TnE5wFjHov6Oer$0$manual$manual$0,2uQB2NcS1TTi8M0d6AexyBD7IS4pU6,2021-04-04T13:45:00.000Z,1.450377,