type,time,comment,sg,temp,id,__acc_reading_doc_id,__acc_reading_data_id,timepoint,ph,pressure
manual,1667160000000,,,18,manual,fVLjpcZC0ycJ3Ja2KN3WH1jtQJu0bv$0$manual$manual$0,R0phBcmgw4Qs4ewSMwgIhQH5rfVRuV,2022-10-30T20:00:00.000Z
manual,1667149200000,,,18,manual,fVLjpcZC0ycJ3Ja2KN3WH1jtQJu0bv$0$manual$manual$0,tc2apRaigfENI13YZlqNvYvCkXw1rn,2022-10-30T17:00:00.000Z
manual,1666927800000,,,18.4,manual,fVLjpcZC0ycJ3Ja2KN3WH1jtQJu0bv$0$manual$manual$0,c6wFksTvhCNbYCL9QpurtxlWEPL6Ac,2022-10-28T03:30:00.000Z
manual,1666899900000,,,18.2,manual,fVLjpcZC0ycJ3Ja2KN3WH1jtQJu0bv$0$manual$manual$0,I02dDRpGFNd0nXky56gWtRBViYi0xH,2022-10-27T19:45:00.000Z
manual,1666881000000,,,18.8,manual,fVLjpcZC0ycJ3Ja2KN3WH1jtQJu0bv$0$manual$manual$0,6BOQjBoC84tJky4pNb1GIlAJEE0Oov,2022-10-27T14:30:00.000Z
manual,1666849500000,,,18.7,manual,fVLjpcZC0ycJ3Ja2KN3WH1jtQJu0bv$0$manual$manual$0,NgC0LmDKTw4JWTqZSVKogN8pUAjI2A,2022-10-27T05:45:00.000Z
manual,1666819800000,,,18.5,manual,fVLjpcZC0ycJ3Ja2KN3WH1jtQJu0bv$0$manual$manual$0,nOXerJlcLILngvHDDPcKD6A7dOej1A,2022-10-26T21:30:00.000Z
manual,1666795500000,,,18.4,manual,fVLjpcZC0ycJ3Ja2KN3WH1jtQJu0bv$0$manual$manual$0,wQ149VSYsch4aaUNv1cpMMA4BJKf7z,2022-10-26T14:45:00.000Z
manual,1666760400000,,,18.5,manual,fVLjpcZC0ycJ3Ja2KN3WH1jtQJu0bv$0$manual$manual$0,nH6vOfvhfAvdMIfI9suSBcDSRiHKUj,2022-10-26T05:00:00.000Z
manual,1666733400000,,,18.5,manual,fVLjpcZC0ycJ3Ja2KN3WH1jtQJu0bv$0$manual$manual$0,7iOU1hGsVucWb2e1RrXFFMCh6v3y5T,2022-10-25T21:30:00.000Z
manual,1666711800000,,,18.4,manual,fVLjpcZC0ycJ3Ja2KN3WH1jtQJu0bv$0$manual$manual$0,l9z4UAg6jT3JiTJcBepthnam21MUbw,2022-10-25T15:30:00.000Z
manual,1666674900000,,,18.7,manual,fVLjpcZC0ycJ3Ja2KN3WH1jtQJu0bv$0$manual$manual$0,LXKAn5TGYqsshAhjRAXbz9Nf8DheHI,2022-10-25T05:15:00.000Z
manual,1666636200000,,,18.9,manual,fVLjpcZC0ycJ3Ja2KN3WH1jtQJu0bv$0$manual$manual$0,eXAKF1L8GsfDZLbOqq6we7h7bWR4eV,2022-10-24T18:30:00.000Z
manual,1666615503535,,,18.9,manual,fVLjpcZC0ycJ3Ja2KN3WH1jtQJu0bv$0$manual$manual$0,PNKJbSpei72unSC9LbGYxo7TJol5vA,2022-10-24T12:45:03.535Z
manual,1666591200000,,,18,manual,fVLjpcZC0ycJ3Ja2KN3WH1jtQJu0bv$0$manual$manual$0,zox4EnntLxca9bfxbLzVJZPQwnSLCG,2022-10-24T06:00:00.000Z
manual,1666560600000,,,18,manual,fVLjpcZC0ycJ3Ja2KN3WH1jtQJu0bv$0$manual$manual$0,wdwVy8SUl8DC4G4jgvSss37nmwpg4J,2022-10-23T21:30:00.000Z
manual,1666517400000,,,18.1,manual,fVLjpcZC0ycJ3Ja2KN3WH1jtQJu0bv$0$manual$manual$0,iCQJIWqaFaShXnImuK2BpnDcYPJraA,2022-10-23T09:30:00.000Z
manual,1666476900000,,,18.7,manual,fVLjpcZC0ycJ3Ja2KN3WH1jtQJu0bv$0$manual$manual$0,pwVWV9QTHlbHfiKDL5RHxhEAQtrGa2,2022-10-22T22:15:00.000Z
manual,1666445400000,,,18.4,manual,fVLjpcZC0ycJ3Ja2KN3WH1jtQJu0bv$0$manual$manual$0,EyjTXr6yaj9ZTcYaCnbJcUXLxjqjnd,2022-10-22T13:30:00.000Z
manual,1666421100000,,,18.3,manual,fVLjpcZC0ycJ3Ja2KN3WH1jtQJu0bv$0$manual$manual$0,TLmBlZZpdHQ8Fm180KYgGwnNBPAO3M,2022-10-22T06:45:00.000Z
manual,1666375200000,,,18.1,manual,fVLjpcZC0ycJ3Ja2KN3WH1jtQJu0bv$0$manual$manual$0,6jE5Y4hCq3n4Rjky1bomDme98IJYoJ,2022-10-21T18:00:00.000Z
manual,1665888300000,,,18.9,manual,fVLjpcZC0ycJ3Ja2KN3WH1jtQJu0bv$0$manual$manual$0,WdYBwIYmI1ZsJXQ8St9FM3rE7k6OKe,2022-10-16T02:45:00.000Z
manual,1665862237330,,,18.9,manual,fVLjpcZC0ycJ3Ja2KN3WH1jtQJu0bv$0$manual$manual$0,4CgxUu2vDtM4t5YpXCCr9n86Ybbyri,2022-10-15T19:30:37.330Z
manual,1665841500000,,,18.7,manual,fVLjpcZC0ycJ3Ja2KN3WH1jtQJu0bv$0$manual$manual$0,IMze6kS8na7XV9t8AvtPRNUvQ1dS8z,2022-10-15T13:45:00.000Z
manual,1665815400000,,,18.8,manual,fVLjpcZC0ycJ3Ja2KN3WH1jtQJu0bv$0$manual$manual$0,4j7X4XXF97BjQ6OxYqmEN2v6v4G6TU,2022-10-15T06:30:00.000Z
manual,1665759600000,,,18.7,manual,fVLjpcZC0ycJ3Ja2KN3WH1jtQJu0bv$0$manual$manual$0,FxY199axjRfHHh17BLVaJXyBI836q2,2022-10-14T15:00:00.000Z
manual,1665743400000,,,18.8,manual,fVLjpcZC0ycJ3Ja2KN3WH1jtQJu0bv$0$manual$manual$0,LxIEoN6MtuSI31obOdsJJGKjRsquF0,2022-10-14T10:30:00.000Z
manual,1665725400000,,,18.8,manual,fVLjpcZC0ycJ3Ja2KN3WH1jtQJu0bv$0$manual$manual$0,GfO7gVZuFGiGW8tAAiBeYDO2F7R83f,2022-10-14T05:30:00.000Z
manual,1665693000000,,,18.2,manual,fVLjpcZC0ycJ3Ja2KN3WH1jtQJu0bv$0$manual$manual$0,Yw23AVsPrSgTFAMUptsxYxSsO5x81J,2022-10-13T20:30:00.000Z
manual,1665680400000,,,18.2,manual,fVLjpcZC0ycJ3Ja2KN3WH1jtQJu0bv$0$manual$manual$0,DMFtx4h39rvsrjOdTKNgblX4Y5acvV,2022-10-13T17:00:00.000Z
manual,1665639000000,,,18.2,manual,fVLjpcZC0ycJ3Ja2KN3WH1jtQJu0bv$0$manual$manual$0,bwP7QNQPtN2L5SG3yXcpFb3ebcxHnh,2022-10-13T05:30:00.000Z
manual,1665606600000,,,18.4,manual,fVLjpcZC0ycJ3Ja2KN3WH1jtQJu0bv$0$manual$manual$0,ovNAfnICZzDRRUap2ZbZ4OcqPEQbty,2022-10-12T20:30:00.000Z
manual,1665592200000,,,18.4,manual,fVLjpcZC0ycJ3Ja2KN3WH1jtQJu0bv$0$manual$manual$0,a9W1k9kSCS7v1MUECzPHhlLNdyNgwZ,2022-10-12T16:30:00.000Z
manual,1665552600000,,,18.9,manual,fVLjpcZC0ycJ3Ja2KN3WH1jtQJu0bv$0$manual$manual$0,HrU6wRc4EKSs1pGdJD1HrOhWMnCXen,2022-10-12T05:30:00.000Z
manual,1665523800000,,,18.2,manual,fVLjpcZC0ycJ3Ja2KN3WH1jtQJu0bv$0$manual$manual$0,2pZm2yVDRSUHOuhbrSLIG6XduZ1fs0,2022-10-11T21:30:00.000Z
manual,1665505800000,,,18.2,manual,fVLjpcZC0ycJ3Ja2KN3WH1jtQJu0bv$0$manual$manual$0,2MnlWeOZpL2TCDleSbLSN8bHsryj8f,2022-10-11T16:30:00.000Z
manual,1665466200000,,,18.7,manual,fVLjpcZC0ycJ3Ja2KN3WH1jtQJu0bv$0$manual$manual$0,QJF2GmMMJ8KnuFgVzDXdPCQKgNFJXg,2022-10-11T05:30:00.000Z
manual,1665434700000,,,18.2,manual,fVLjpcZC0ycJ3Ja2KN3WH1jtQJu0bv$0$manual$manual$0,kFRPJZfdAVPLztDbEn9GaJ05MbeNGb,2022-10-10T20:45:00.000Z
manual,1665394200000,,,18.4,manual,fVLjpcZC0ycJ3Ja2KN3WH1jtQJu0bv$0$manual$manual$0,VA50P0moBES1oXhzrUwUJHVimF3NTU,2022-10-10T09:30:00.000Z
manual,1665381600000,,,18.5,manual,fVLjpcZC0ycJ3Ja2KN3WH1jtQJu0bv$0$manual$manual$0,6eg4AbpcE0X76O1SDJaDYrhFW4N1D9,2022-10-10T06:00:00.000Z
manual,1665344700000,,,18.6,manual,fVLjpcZC0ycJ3Ja2KN3WH1jtQJu0bv$0$manual$manual$0,420kC4OzImQMIBE8PZn4goReBsHrYu,2022-10-09T19:45:00.000Z
manual,1665321300000,,,18.5,manual,fVLjpcZC0ycJ3Ja2KN3WH1jtQJu0bv$0$manual$manual$0,87mbbBogMQTV3aRvq8p2kIeLT36OT9,2022-10-09T13:15:00.000Z
manual,1665298800000,,,18.8,manual,fVLjpcZC0ycJ3Ja2KN3WH1jtQJu0bv$0$manual$manual$0,5bCZfoVTCpPeEqEfGNp7KkNGMWTybd,2022-10-09T07:00:00.000Z
manual,1665261000000,,,18.1,manual,fVLjpcZC0ycJ3Ja2KN3WH1jtQJu0bv$0$manual$manual$0,s00v3PijMgHND4UEKqb2SVPIjL3Auj,2022-10-08T20:30:00.000Z
manual,1665207000000,,,18.2,manual,fVLjpcZC0ycJ3Ja2KN3WH1jtQJu0bv$0$manual$manual$0,nxMt5FKphuZ3XGy34d0UHsGiSEN5ji,2022-10-08T05:30:00.000Z
manual,1665174600000,,,18.4,manual,fVLjpcZC0ycJ3Ja2KN3WH1jtQJu0bv$0$manual$manual$0,sYFSPzdnECMSsgpsCIQjU8eW2N7wI2,2022-10-07T20:30:00.000Z
manual,1665162000000,,,18.5,manual,fVLjpcZC0ycJ3Ja2KN3WH1jtQJu0bv$0$manual$manual$0,77nz52mVn8HIx30j5SkWULjKrtmkQu,2022-10-07T17:00:00.000Z
manual,1665118800000,,,19,manual,fVLjpcZC0ycJ3Ja2KN3WH1jtQJu0bv$0$manual$manual$0,Dcz7YeYJCzTsh7IYkQmsITeGuVre2E,2022-10-07T05:00:00.000Z
manual,1665091800000,,,19,manual,fVLjpcZC0ycJ3Ja2KN3WH1jtQJu0bv$0$manual$manual$0,R9ObTHWx08BeXDpAkaoIZWXrfJ3N8x,2022-10-06T21:30:00.000Z
manual,1665076500000,,,18.9,manual,fVLjpcZC0ycJ3Ja2KN3WH1jtQJu0bv$0$manual$manual$0,esCIQGFbMbEOBBXPnyBCbA4X7FaEs5,2022-10-06T17:15:00.000Z
manual,1665030600000,,,19.2,manual,fVLjpcZC0ycJ3Ja2KN3WH1jtQJu0bv$0$manual$manual$0,kiM3YIeg7KPXfgvshsuwu2rkgLxAjj,2022-10-06T04:30:00.000Z
manual,1664992800000,,,19.4,manual,fVLjpcZC0ycJ3Ja2KN3WH1jtQJu0bv$0$manual$manual$0,7pJ2SHBoACQc2SbGvaBX4uYzmdZE2t,2022-10-05T18:00:00.000Z
manual,1664948705961,,,19.9,manual,fVLjpcZC0ycJ3Ja2KN3WH1jtQJu0bv$0$manual$manual$0,sChorpGIwp76SZV8JodbycC7q4sx9j,2022-10-05T05:45:05.961Z
manual,1664906400000,,,19.2,manual,fVLjpcZC0ycJ3Ja2KN3WH1jtQJu0bv$0$manual$manual$0,mkQagPTXh0aWIzveXylomBdjfB12TF,2022-10-04T18:00:00.000Z
manual,1664901000000,,,19,manual,fVLjpcZC0ycJ3Ja2KN3WH1jtQJu0bv$0$manual$manual$0,eobfgAxHYTUc6Umb2rBNuI4YhtSwXa,2022-10-04T16:30:00.000Z
manual,1664861422360,,,18.9,manual,fVLjpcZC0ycJ3Ja2KN3WH1jtQJu0bv$0$manual$manual$0,SD3xwBWOTUrir0U3VKCacoQkj6NOPO,2022-10-04T05:30:22.360Z
manual,1664821800000,,,19.2,manual,fVLjpcZC0ycJ3Ja2KN3WH1jtQJu0bv$0$manual$manual$0,LSO0NEerhI4eEWX8QUYNIA1aHhk3zt,2022-10-03T18:30:00.000Z
manual,1664805600000,,,19.2,manual,fVLjpcZC0ycJ3Ja2KN3WH1jtQJu0bv$0$manual$manual$0,Lf8iIdqcDpIJp6csQACWpIJAq8X7gE,2022-10-03T14:00:00.000Z
manual,1664793900000,,,19.2,manual,fVLjpcZC0ycJ3Ja2KN3WH1jtQJu0bv$0$manual$manual$0,ZoEZuY2EESiBdKLeCpGFMuNjB2oAgA,2022-10-03T10:45:00.000Z
manual,1664779500000,,,19.4,manual,fVLjpcZC0ycJ3Ja2KN3WH1jtQJu0bv$0$manual$manual$0,vrNfJNN4AEGt8gTexeiUGmt1Ukd3bd,2022-10-03T06:45:00.000Z
manual,1664733600000,,,19.7,manual,fVLjpcZC0ycJ3Ja2KN3WH1jtQJu0bv$0$manual$manual$0,IpBWLckIjmlQrbKvDjKz91e6SIkigR,2022-10-02T18:00:00.000Z
manual,1664720100000,,,19,manual,fVLjpcZC0ycJ3Ja2KN3WH1jtQJu0bv$0$manual$manual$0,WhAAegq76b7pOp3RGnHI97b0HdPhLK,2022-10-02T14:15:00.000Z
manual,1664704800000,,,18.7,manual,fVLjpcZC0ycJ3Ja2KN3WH1jtQJu0bv$0$manual$manual$0,ZtActBUq573krPCNkyTTHWYFpASzTX,2022-10-02T10:00:00.000Z
manual,1664695800000,,,18.7,manual,fVLjpcZC0ycJ3Ja2KN3WH1jtQJu0bv$0$manual$manual$0,hUt1ZNtKgq0cKMqYpcaNBT0NTIYcVq,2022-10-02T07:30:00.000Z
manual,1664647200000,,,18.6,manual,fVLjpcZC0ycJ3Ja2KN3WH1jtQJu0bv$0$manual$manual$0,vaxRsRMSv9fIBr0mphC6OPM2FvZueC,2022-10-01T18:00:00.000Z
manual,1664632800000,,,18.9,manual,fVLjpcZC0ycJ3Ja2KN3WH1jtQJu0bv$0$manual$manual$0,p5f7MORI7Vw1WG6xx3y2wzXCKDm4GB,2022-10-01T14:00:00.000Z
manual,1664617500000,,,18.4,manual,fVLjpcZC0ycJ3Ja2KN3WH1jtQJu0bv$0$manual$manual$0,QanGXIjHNJH2qI9lOUyWcqQRhDuNWE,2022-10-01T09:45:00.000Z
manual,1664608500000,,,18.5,manual,fVLjpcZC0ycJ3Ja2KN3WH1jtQJu0bv$0$manual$manual$0,BebMdzf1vh9uTuvyhUwoPIdSbBkRQh,2022-10-01T07:15:00.000Z
manual,1664564400000,,,18,manual,fVLjpcZC0ycJ3Ja2KN3WH1jtQJu0bv$0$manual$manual$0,NlGsnOZ4koy8NsyLITy6DjnymF9Xx2,2022-09-30T19:00:00.000Z
manual,1664550900000,,,18.5,manual,fVLjpcZC0ycJ3Ja2KN3WH1jtQJu0bv$0$manual$manual$0,7VY3CeIa6qB1PygZK8lxGx9ATKdWb6,2022-09-30T15:15:00.000Z
manual,1664515800000,,,18.4,manual,fVLjpcZC0ycJ3Ja2KN3WH1jtQJu0bv$0$manual$manual$0,jq0C8CycTrXlf0uNsJgdCpF10K8Fhh,2022-09-30T05:30:00.000Z
manual,1664470800000,,,18,manual,fVLjpcZC0ycJ3Ja2KN3WH1jtQJu0bv$0$manual$manual$0,vznUjIPg5xAMQCsklaylwfQCjsZNz2,2022-09-29T17:00:00.000Z
manual,1664429804495,,,18.5,manual,fVLjpcZC0ycJ3Ja2KN3WH1jtQJu0bv$0$manual$manual$0,EaHAiK9WxYOnNch3FrVhBhwwgolaNQ,2022-09-29T05:36:44.495Z
manual,1664388000000,,,19.1,manual,fVLjpcZC0ycJ3Ja2KN3WH1jtQJu0bv$0$manual$manual$0,Ry9PNeWIZT5v6dAFToGobtuaMEigUn,2022-09-28T18:00:00.000Z
manual,1664343900000,,,18.4,manual,fVLjpcZC0ycJ3Ja2KN3WH1jtQJu0bv$0$manual$manual$0,mUqAFC0Dv2FV0pRq0oerfUu4abuEWU,2022-09-28T05:45:00.000Z
manual,1664301600000,,,19.5,manual,fVLjpcZC0ycJ3Ja2KN3WH1jtQJu0bv$0$manual$manual$0,0f9XIMPhDVpg9R9tPlob5JdXSUNR6D,2022-09-27T18:00:00.000Z
manual,1664258417803,,,19.7,manual,fVLjpcZC0ycJ3Ja2KN3WH1jtQJu0bv$0$manual$manual$0,dFmCNSWs2OQkWAaWj8vXUNSiQND8Ax,2022-09-27T06:00:17.803Z
manual,1664215200000,,,19.4,manual,fVLjpcZC0ycJ3Ja2KN3WH1jtQJu0bv$0$manual$manual$0,Re5PLuwo1WGD50lFoKzYKsbRSx7mxO,2022-09-26T18:00:00.000Z
manual,1664202613596,,,19.1,manual,fVLjpcZC0ycJ3Ja2KN3WH1jtQJu0bv$0$manual$manual$0,Fm0RfGWEazrTna2RzG83fmztctF3OI,2022-09-26T14:30:13.596Z
manual,1664186400000,,,19.2,manual,fVLjpcZC0ycJ3Ja2KN3WH1jtQJu0bv$0$manual$manual$0,BCd16SkPscaRVqR5uTj3ZMHLCkTav9,2022-09-26T10:00:00.000Z
manual,1664172000000,,,19.9,manual,fVLjpcZC0ycJ3Ja2KN3WH1jtQJu0bv$0$manual$manual$0,5Gqva4uGshVdYSR3BBl5YDY3trKewa,2022-09-26T06:00:00.000Z
manual,1664128800000,,,19.5,manual,fVLjpcZC0ycJ3Ja2KN3WH1jtQJu0bv$0$manual$manual$0,QqBYZp1XvFQeJtXZEn8XmSt32HFOdu,2022-09-25T18:00:00.000Z
manual,1664115300000,,,19.9,manual,fVLjpcZC0ycJ3Ja2KN3WH1jtQJu0bv$0$manual$manual$0,FKJeCfz3RMc0chzjUpWBafqGjcteRI,2022-09-25T14:15:00.000Z
manual,1664103600000,,,19.6,manual,fVLjpcZC0ycJ3Ja2KN3WH1jtQJu0bv$0$manual$manual$0,tYPxRNZtpoVvPbc7TOxRZoNuTYd9pS,2022-09-25T11:00:00.000Z
manual,1664089200000,,,19.9,manual,fVLjpcZC0ycJ3Ja2KN3WH1jtQJu0bv$0$manual$manual$0,fr9v4HD6ybfsLVOa9DL17tQRsfHklD,2022-09-25T07:00:00.000Z
manual,1664032500000,,,19.5,manual,fVLjpcZC0ycJ3Ja2KN3WH1jtQJu0bv$0$manual$manual$0,RsZVRhcym2qnXxlHxTxVPKQPUfxnYE,2022-09-24T15:15:00.000Z
manual,1664002800000,,,19,manual,fVLjpcZC0ycJ3Ja2KN3WH1jtQJu0bv$0$manual$manual$0,QXYJcFiFSOQtRcHC2exGl8E5iUxBrN,2022-09-24T07:00:00.000Z
manual,1663965000000,,,19.4,manual,fVLjpcZC0ycJ3Ja2KN3WH1jtQJu0bv$0$manual$manual$0,ZVW9StYsxlNOl6diAUxJ7LmTzu21ea,2022-09-23T20:30:00.000Z
manual,1663952400000,,,19.5,manual,fVLjpcZC0ycJ3Ja2KN3WH1jtQJu0bv$0$manual$manual$0,avLSUA9zkjacX2rtMiadkJ5lspC3XD,2022-09-23T17:00:00.000Z
manual,1663938000000,,,19,manual,fVLjpcZC0ycJ3Ja2KN3WH1jtQJu0bv$0$manual$manual$0,UgtdT3SF53xVeo6BDPSqz68lJSHSZh,2022-09-23T13:00:00.000Z
manual,1663912800000,,,19.3,manual,fVLjpcZC0ycJ3Ja2KN3WH1jtQJu0bv$0$manual$manual$0,DBpA1dV75yiHd7fUWPq1VInBuycriS,2022-09-23T06:00:00.000Z
manual,1663875900000,,,19.7,manual,fVLjpcZC0ycJ3Ja2KN3WH1jtQJu0bv$0$manual$manual$0,QSzmGpz38tjV4W4XSoQ17jqlYgEwR2,2022-09-22T19:45:00.000Z
manual,1663864200000,,,19.4,manual,fVLjpcZC0ycJ3Ja2KN3WH1jtQJu0bv$0$manual$manual$0,urRFkMo7kKA2gY76eeZvA4MZI1om6m,2022-09-22T16:30:00.000Z
manual,1663823707537,,,19.5,manual,fVLjpcZC0ycJ3Ja2KN3WH1jtQJu0bv$0$manual$manual$0,0Yw7fEmCOeHrsST2p3vVN3BUgsYBKt,2022-09-22T05:15:07.537Z
manual,1663786800000,,,19.5,manual,fVLjpcZC0ycJ3Ja2KN3WH1jtQJu0bv$0$manual$manual$0,DocEcnmpJhoOXPFvBbc5xbyVSp7cOl,2022-09-21T19:00:00.000Z
manual,1663652425190,,,20.4,manual,fVLjpcZC0ycJ3Ja2KN3WH1jtQJu0bv$0$manual$manual$0,c26Tv3velGBc9VkOTJJ18npPlb75Yy,2022-09-20T05:40:25.190Z
manual,1663610400000,,,20.8,manual,fVLjpcZC0ycJ3Ja2KN3WH1jtQJu0bv$0$manual$manual$0,koeNI15JyjA8Wgkz5j2lidlqbF8Fn8,2022-09-19T18:00:00.000Z
manual,1663585200000,,,19.8,manual,fVLjpcZC0ycJ3Ja2KN3WH1jtQJu0bv$0$manual$manual$0,VrI28uBAV99lTbKdS7CK6mbwBmwtBo,2022-09-19T11:00:00.000Z
manual,1663570800000,,,19.5,manual,fVLjpcZC0ycJ3Ja2KN3WH1jtQJu0bv$0$manual$manual$0,U3eVlsDxk8E2yoLsvWeWbAGBX3ugoz,2022-09-19T07:00:00.000Z
manual,1663528500000,,,19.5,manual,fVLjpcZC0ycJ3Ja2KN3WH1jtQJu0bv$0$manual$manual$0,QerIpOfJlD68yTjkGzHb7XVFOXxPUi,2022-09-18T19:15:00.000Z
manual,1663523400000,,1.008,19.5,manual,fVLjpcZC0ycJ3Ja2KN3WH1jtQJu0bv$0$manual$manual$0,Y4nV6lzyAv9mVoCZxMssVN62DNeBBU,2022-09-18T17:50:00.000Z,4.37,0.014504
manual,1663521300000,no bubbles.,,20.5,manual,fVLjpcZC0ycJ3Ja2KN3WH1jtQJu0bv$0$manual$manual$0,x2NDtT5yS2dobDfjwqNFyFA9tyl7jF,2022-09-18T17:15:00.000Z,,652.66982
manual,1663509600000,no bubbles.,,20.2,manual,fVLjpcZC0ycJ3Ja2KN3WH1jtQJu0bv$0$manual$manual$0,e31MRwo1h48lhF53JtL1EiqwXYtAu4,2022-09-18T14:00:00.000Z,,652.66982
manual,1663495200000,no bubbles.,,20.6,manual,fVLjpcZC0ycJ3Ja2KN3WH1jtQJu0bv$0$manual$manual$0,I2vumWmhXXthDZm1e8h2YHMfR2HVT4,2022-09-18T10:00:00.000Z,,652.66982
manual,1663480800000,,,21,manual,fVLjpcZC0ycJ3Ja2KN3WH1jtQJu0bv$0$manual$manual$0,mbFNJ4RinDM2s4QfLmeaS5Yh8fFFOa,2022-09-18T06:00:00.000Z,,
manual,1663466400000,,,21,manual,fVLjpcZC0ycJ3Ja2KN3WH1jtQJu0bv$0$manual$manual$0,2B8gX0bNtIgtHTI0nSHdvGxiTALdLf,2022-09-18T02:00:00.000Z,,
manual,1663452000000,,,20.1,manual,fVLjpcZC0ycJ3Ja2KN3WH1jtQJu0bv$0$manual$manual$0,DqgvwBzyipEX7Hgfq37JxFTv5JnosT,2022-09-17T22:00:00.000Z,,
manual,1663437600000,no bubbles.,,20,manual,fVLjpcZC0ycJ3Ja2KN3WH1jtQJu0bv$0$manual$manual$0,JIZb9YM6U0jIXBUJILeBoFwYHwhln9,2022-09-17T18:00:00.000Z,,652.66982
manual,1663423200000,no bubbles.,,20.2,manual,fVLjpcZC0ycJ3Ja2KN3WH1jtQJu0bv$0$manual$manual$0,gLHZMt1zKgRzbIjUJEte0KzQ0YCZRf,2022-09-17T14:00:00.000Z,,652.66982
manual,1663408800000,no bubbles.,,20.1,manual,fVLjpcZC0ycJ3Ja2KN3WH1jtQJu0bv$0$manual$manual$0,q6zvP2u0xQYoCwcq08K8hrQKF1A69I,2022-09-17T10:00:00.000Z,,652.66982
manual,1663394400000,no bubbles.,,21.1,manual,fVLjpcZC0ycJ3Ja2KN3WH1jtQJu0bv$0$manual$manual$0,JUHAL7SmdqT9cJKdorV4nv7rRg0Tuo,2022-09-17T06:00:00.000Z,,652.66982
manual,1663380000000,,,20.2,manual,fVLjpcZC0ycJ3Ja2KN3WH1jtQJu0bv$0$manual$manual$0,XydBu8MWIMvB9XHq3KMbNcw5xBPfIr,2022-09-17T02:00:00.000Z,,
manual,1663365600000,,,20.1,manual,fVLjpcZC0ycJ3Ja2KN3WH1jtQJu0bv$0$manual$manual$0,Y4D7gFJafQgi0JzZvx7NQSl0fAjx4T,2022-09-16T22:00:00.000Z,,
manual,1663362000000,no bubbles.,,20,manual,fVLjpcZC0ycJ3Ja2KN3WH1jtQJu0bv$0$manual$manual$0,cc8xXmKsd9X3nUKWvEC76oiZMAH4qh,2022-09-16T21:00:00.000Z,,652.66982
manual,1663351200000,,,20.1,manual,fVLjpcZC0ycJ3Ja2KN3WH1jtQJu0bv$0$manual$manual$0,FksxNeUuZrp5EBROcr54zz6dc9MEAa,2022-09-16T18:00:00.000Z,,
manual,1663346700000,no bubbles.,,20.2,manual,fVLjpcZC0ycJ3Ja2KN3WH1jtQJu0bv$0$manual$manual$0,nnlAWQNBctG4xa4BSzBoqu8h6RVrqW,2022-09-16T16:45:00.000Z,,652.66982
manual,1663336800000,,,20.4,manual,fVLjpcZC0ycJ3Ja2KN3WH1jtQJu0bv$0$manual$manual$0,BdUpVdlpCoSiVvOozaS9km6OJu5xkY,2022-09-16T14:00:00.000Z,,
manual,1663330500000,no bubbles.,,20.7,manual,fVLjpcZC0ycJ3Ja2KN3WH1jtQJu0bv$0$manual$manual$0,LrTUwaS4WBEWyXVikjsrj2YZjwq7l3,2022-09-16T12:15:00.000Z,,652.66982
manual,1663322400000,no bubbles.,,19.5,manual,fVLjpcZC0ycJ3Ja2KN3WH1jtQJu0bv$0$manual$manual$0,ksNx6Rk8qI1LaBn38UG8KUdom3cVQp,2022-09-16T10:00:00.000Z,,652.66982
manual,1663308000000,no bubbles.,,19,manual,fVLjpcZC0ycJ3Ja2KN3WH1jtQJu0bv$0$manual$manual$0,bYbYKS3lWSNPazK9tafM7bKJ1QIZod,2022-09-16T06:00:00.000Z,,652.66982
manual,1663293600000,,,19.2,manual,fVLjpcZC0ycJ3Ja2KN3WH1jtQJu0bv$0$manual$manual$0,6lC6uYk6GjirdSIi6X9ZNf5xPhEpoB,2022-09-16T02:00:00.000Z,,
manual,1663279200000,,,19.2,manual,fVLjpcZC0ycJ3Ja2KN3WH1jtQJu0bv$0$manual$manual$0,m41x7ocsoxwNwu9hP3xViAQKpsSDcW,2022-09-15T22:00:00.000Z,,
manual,1663270200000,no bubbles.,,19.3,manual,fVLjpcZC0ycJ3Ja2KN3WH1jtQJu0bv$0$manual$manual$0,JT8glSltH8NKqh7wcIG4SARIX2HzBX,2022-09-15T19:30:00.000Z,,174.045285
manual,1663264800000,no bubbles.,,19.5,manual,fVLjpcZC0ycJ3Ja2KN3WH1jtQJu0bv$0$manual$manual$0,7ZYcBqDa4Zce299wMeki0By8HveNRO,2022-09-15T18:00:00.000Z,,145.037738
manual,1663257600000,no bubbles.,,18.1,manual,fVLjpcZC0ycJ3Ja2KN3WH1jtQJu0bv$0$manual$manual$0,AT96YQp4NUk4mTD1YQkYI4u9OQOH5b,2022-09-15T16:00:00.000Z,,29.007548
manual,1663250400000,,,18.1,manual,fVLjpcZC0ycJ3Ja2KN3WH1jtQJu0bv$0$manual$manual$0,OALyArrimy24koxrM3FRZVr65HXx3j,2022-09-15T14:00:00.000Z,,
manual,1663236000000,,,17.9,manual,fVLjpcZC0ycJ3Ja2KN3WH1jtQJu0bv$0$manual$manual$0,z4j2cM2dKoiehkSbNT13PYfWvIqnt5,2022-09-15T10:00:00.000Z,,
manual,1663221600000,no bubbles.,,18.2,manual,fVLjpcZC0ycJ3Ja2KN3WH1jtQJu0bv$0$manual$manual$0,yco5VQc0pqLM3zaUiEH7zxZr7EpWTv,2022-09-15T06:00:00.000Z,,72.518869
manual,1663207200000,,,18.2,manual,fVLjpcZC0ycJ3Ja2KN3WH1jtQJu0bv$0$manual$manual$0,O8gobYmjARiQjWwcMbUW12JDIeEGBX,2022-09-15T02:00:00.000Z,,
manual,1663192800000,,,18.3,manual,fVLjpcZC0ycJ3Ja2KN3WH1jtQJu0bv$0$manual$manual$0,ARhqigkAun32pSooq5NgQDl0yEQmIS,2022-09-14T22:00:00.000Z,,
manual,1663178400000,no bubbles.,,18.3,manual,fVLjpcZC0ycJ3Ja2KN3WH1jtQJu0bv$0$manual$manual$0,7uPITzhUFVBiPELcY0hxw3uDwntFju,2022-09-14T18:00:00.000Z,,145.037738
manual,1663164000000,,,18.3,manual,fVLjpcZC0ycJ3Ja2KN3WH1jtQJu0bv$0$manual$manual$0,Zd04d0SpxEVFUXoKNB8jwfecxFlJII,2022-09-14T14:00:00.000Z,,
manual,1663149600000,no bubbles.,,18.3,manual,fVLjpcZC0ycJ3Ja2KN3WH1jtQJu0bv$0$manual$manual$0,rE4qMVnDv8cUaoGfbEZspC4PKeHYKz,2022-09-14T10:00:00.000Z,,435.113213
manual,1663135200000,no bubbles.,,18.3,manual,fVLjpcZC0ycJ3Ja2KN3WH1jtQJu0bv$0$manual$manual$0,jHZds4xhDrFa1OZEPFJ64jclfYuu8f,2022-09-14T06:00:00.000Z,,507.632082
manual,1663120800000,,,18.3,manual,fVLjpcZC0ycJ3Ja2KN3WH1jtQJu0bv$0$manual$manual$0,nTBEdi0FUZluHT82SQfskm3gJpmCQD,2022-09-14T02:00:00.000Z,,
manual,1663106400000,,,18.3,manual,fVLjpcZC0ycJ3Ja2KN3WH1jtQJu0bv$0$manual$manual$0,gEFycgprzHq0DgFj2dCUBrcpJtdRgq,2022-09-13T22:00:00.000Z,,
manual,1663101000000,no bubbles.,,18.2,manual,fVLjpcZC0ycJ3Ja2KN3WH1jtQJu0bv$0$manual$manual$0,F4f05QgTh7asvLh3MXebdDSth2guDL,2022-09-13T20:30:00.000Z,,652.66982
manual,1663097400000,no bubbles.,,18.1,manual,fVLjpcZC0ycJ3Ja2KN3WH1jtQJu0bv$0$manual$manual$0,wzffFG86Pfmlwxa7940L2dhD4F5MKm,2022-09-13T19:30:00.000Z,,652.66982
manual,1663092000000,no bubbles.,,18,manual,fVLjpcZC0ycJ3Ja2KN3WH1jtQJu0bv$0$manual$manual$0,8QqxyCjYr0BUQreRsZwu5uB7twnIn2,2022-09-13T18:00:00.000Z,,652.66982
manual,1663077600000,,,17.5,manual,fVLjpcZC0ycJ3Ja2KN3WH1jtQJu0bv$0$manual$manual$0,pAGO0pSXt8ZgTvU1aQFxzXq2eJIVN2,2022-09-13T14:00:00.000Z,,
manual,1663063200000,,,18.2,manual,fVLjpcZC0ycJ3Ja2KN3WH1jtQJu0bv$0$manual$manual$0,r1EDXdXkx9kg1ihXJ8Y2pLxJHPowx4,2022-09-13T10:00:00.000Z,,
manual,1663048800000,,,18.1,manual,fVLjpcZC0ycJ3Ja2KN3WH1jtQJu0bv$0$manual$manual$0,X4KZZjS5iJHWRPx5sRo9lGxrlV9GZV,2022-09-13T06:00:00.000Z,,
manual,1663041600000,no bubbles.,,17.9,manual,fVLjpcZC0ycJ3Ja2KN3WH1jtQJu0bv$0$manual$manual$0,Yv92KyTobuLnzM1Fn9RKceSvai0wgP,2022-09-13T04:00:00.000Z,,29.007548
manual,1663034400000,,,17.8,manual,fVLjpcZC0ycJ3Ja2KN3WH1jtQJu0bv$0$manual$manual$0,aN4O1OxpmrrB1f60t2mhawMHyPtBzC,2022-09-13T02:00:00.000Z,,
manual,1663020000000,,,17.5,manual,fVLjpcZC0ycJ3Ja2KN3WH1jtQJu0bv$0$manual$manual$0,zpRuGTplte6rs6Z8nVIeKxNjG8jemm,2022-09-12T22:00:00.000Z,,
manual,1663005600000,,,18.2,manual,fVLjpcZC0ycJ3Ja2KN3WH1jtQJu0bv$0$manual$manual$0,Q7soDxgEYlQ88TYLHcBh3ewp7SDLTN,2022-09-12T18:00:00.000Z,,
manual,1663002000000,no bubbles.,,18.2,manual,fVLjpcZC0ycJ3Ja2KN3WH1jtQJu0bv$0$manual$manual$0,rBLQHBZ8Z9NjlP8Bjl3MYIMy312DYp,2022-09-12T17:00:00.000Z,,29.007548
manual,1662991200000,,,17.9,manual,fVLjpcZC0ycJ3Ja2KN3WH1jtQJu0bv$0$manual$manual$0,LzLZDFZ1pTOKj18VQubmH3CyrA6FNj,2022-09-12T14:00:00.000Z,,
manual,1662976800000,,,17.8,manual,fVLjpcZC0ycJ3Ja2KN3WH1jtQJu0bv$0$manual$manual$0,3cE0Jp1M322ua8Myzy1i7s01JwqWKj,2022-09-12T10:00:00.000Z,,
manual,1662966000000,no bubbles.,,17.8,manual,fVLjpcZC0ycJ3Ja2KN3WH1jtQJu0bv$0$manual$manual$0,mtJcRkyLdzY24FCWNqVxoAxfj48UOO,2022-09-12T07:00:00.000Z,,29.007548
manual,1662962400000,,,17.8,manual,fVLjpcZC0ycJ3Ja2KN3WH1jtQJu0bv$0$manual$manual$0,ggmaFABXfnStKbWyD49D5YphQZJtFH,2022-09-12T06:00:00.000Z,,
manual,1662948000000,,,17.7,manual,fVLjpcZC0ycJ3Ja2KN3WH1jtQJu0bv$0$manual$manual$0,zLj8k6BRDXGD5KXOLKWpSSyiEHLf99,2022-09-12T02:00:00.000Z,,
manual,1662933600000,,,17.5,manual,fVLjpcZC0ycJ3Ja2KN3WH1jtQJu0bv$0$manual$manual$0,6CmtRfoDaqteim6sj8bx5qvcRESGzh,2022-09-11T22:00:00.000Z,,
manual,1662919200000,no bubbles.,,18.4,manual,fVLjpcZC0ycJ3Ja2KN3WH1jtQJu0bv$0$manual$manual$0,7BpybUhVUGKPdyX3Cu54O4264aDAQp,2022-09-11T18:00:00.000Z,,29.007548
manual,1662904800000,,,18.1,manual,fVLjpcZC0ycJ3Ja2KN3WH1jtQJu0bv$0$manual$manual$0,ZPjtuXpASFE1Zc4MTOZCPsxzj1hxXR,2022-09-11T14:00:00.000Z,,
manual,1662894000000,no bubbles.,,18.1,manual,fVLjpcZC0ycJ3Ja2KN3WH1jtQJu0bv$0$manual$manual$0,8P6tFjgWm3314ZhyjrreE6RegpUVhm,2022-09-11T11:00:00.000Z,,29.007548
manual,1662890400000,,,18.1,manual,fVLjpcZC0ycJ3Ja2KN3WH1jtQJu0bv$0$manual$manual$0,pOMJqTKp7AoHRL9E002gcK14QV4Y8e,2022-09-11T10:00:00.000Z,,
manual,1662886800000,no bubbles.,,18.1,manual,fVLjpcZC0ycJ3Ja2KN3WH1jtQJu0bv$0$manual$manual$0,ARDqiqtklfio0tMX8psN19EN4FBs0s,2022-09-11T09:00:00.000Z,,29.007548
manual,1662876000000,,,18.3,manual,fVLjpcZC0ycJ3Ja2KN3WH1jtQJu0bv$0$manual$manual$0,M7VSDCyWGRsdqcjXxKgtQXuxt5rTFO,2022-09-11T06:00:00.000Z,,
manual,1662861600000,,,18.4,manual,fVLjpcZC0ycJ3Ja2KN3WH1jtQJu0bv$0$manual$manual$0,27rFyr3Av0kcfWwHHWRrRFgzGNZaV1,2022-09-11T02:00:00.000Z,,
manual,1662847200000,,,18.3,manual,fVLjpcZC0ycJ3Ja2KN3WH1jtQJu0bv$0$manual$manual$0,zAPxFeFnLe3G0vWsGSt5p2UEzeVoTa,2022-09-10T22:00:00.000Z,,
manual,1662832800000,no bubbles.,,18.1,manual,fVLjpcZC0ycJ3Ja2KN3WH1jtQJu0bv$0$manual$manual$0,AkGcXWw815d3EnvAYWIzzudLmwdhZ1,2022-09-10T18:00:00.000Z,,72.518869
manual,1662818400000,,,18,manual,fVLjpcZC0ycJ3Ja2KN3WH1jtQJu0bv$0$manual$manual$0,hPBhX5LUehdYJGHbLuVFn0HYsuIt76,2022-09-10T14:00:00.000Z,,
manual,1662804000000,,,18,manual,fVLjpcZC0ycJ3Ja2KN3WH1jtQJu0bv$0$manual$manual$0,nzgSdGEEWYy7Q0RTXa9rQWluqxqfRm,2022-09-10T10:00:00.000Z,,
manual,1662789600000,,,18,manual,fVLjpcZC0ycJ3Ja2KN3WH1jtQJu0bv$0$manual$manual$0,HOVa0RN6T5VTEC6CGGS7Qz1as5r972,2022-09-10T06:00:00.000Z,,
manual,1662782400000,no bubbles.,,18,manual,fVLjpcZC0ycJ3Ja2KN3WH1jtQJu0bv$0$manual$manual$0,RUb4TAYl5qxI1TFa3sC9L7NEv9ham0,2022-09-10T04:00:00.000Z,,652.66982
manual,1662775200000,,,18,manual,fVLjpcZC0ycJ3Ja2KN3WH1jtQJu0bv$0$manual$manual$0,WUaEShLpX2oTIs9pI7EMZeMXa5Oc50,2022-09-10T02:00:00.000Z,,
manual,1662760800000,,,18,manual,fVLjpcZC0ycJ3Ja2KN3WH1jtQJu0bv$0$manual$manual$0,Gu5gb67lufVygAyGO3vEFK0XiwIy7k,2022-09-09T22:00:00.000Z,,
manual,1662748200000,no bubbles.,,18,manual,fVLjpcZC0ycJ3Ja2KN3WH1jtQJu0bv$0$manual$manual$0,7r4U1zPavZsl4FW5rRKqCyYkjKiZIY,2022-09-09T18:30:00.000Z,,652.66982
manual,1662746400000,,,18,manual,fVLjpcZC0ycJ3Ja2KN3WH1jtQJu0bv$0$manual$manual$0,Tcnh8ll1dbKcfkNgl24IPWJ8v4YaC1,2022-09-09T18:00:00.000Z,,
manual,1662735600000,no bubbles.,,17.9,manual,fVLjpcZC0ycJ3Ja2KN3WH1jtQJu0bv$0$manual$manual$0,RVjyU4i2T6I2HK32SPE5LqPofC1wvn,2022-09-09T15:00:00.000Z,,652.66982
manual,1662732000000,,,17.9,manual,fVLjpcZC0ycJ3Ja2KN3WH1jtQJu0bv$0$manual$manual$0,xsRFWqzlWqnIvEjGpZ8tGP3wLgpFlS,2022-09-09T14:00:00.000Z,,
manual,1662723000000,no bubbles.,,17.9,manual,fVLjpcZC0ycJ3Ja2KN3WH1jtQJu0bv$0$manual$manual$0,nrObiY6tYWWJZd3m5t588o6U2vo5tX,2022-09-09T11:30:00.000Z,,652.66982
manual,1662717600000,,,17.9,manual,fVLjpcZC0ycJ3Ja2KN3WH1jtQJu0bv$0$manual$manual$0,dBERtcyRictmJOxCMDR3LGrb3z6esr,2022-09-09T10:00:00.000Z,,
manual,1662703200000,no bubbles.,,17.9,manual,fVLjpcZC0ycJ3Ja2KN3WH1jtQJu0bv$0$manual$manual$0,SwjgyQ31y6wYUNk7364f5LWIKMImyN,2022-09-09T06:00:00.000Z,,580.150951
manual,1662688800000,,,17.8,manual,fVLjpcZC0ycJ3Ja2KN3WH1jtQJu0bv$0$manual$manual$0,itwDnarckLTMyYE1SMgITYnEhqEb4a,2022-09-09T02:00:00.000Z,,
manual,1662674400000,,,17.6,manual,fVLjpcZC0ycJ3Ja2KN3WH1jtQJu0bv$0$manual$manual$0,upiqObZW6TPI0cOINKhqw5SXuSQGIK,2022-09-08T22:00:00.000Z,,
manual,1662660000000,one bubble.,,18.3,manual,fVLjpcZC0ycJ3Ja2KN3WH1jtQJu0bv$0$manual$manual$0,3BIw7C14fGFnJRSDv5GdhKL5a6eCPu,2022-09-08T18:00:00.000Z,,725.188689
manual,1662645600000,no bubbles.,,17.9,manual,fVLjpcZC0ycJ3Ja2KN3WH1jtQJu0bv$0$manual$manual$0,GwYrmvjCYHkgFXIEE8ZLWbyeVRbutd,2022-09-08T14:00:00.000Z,,652.66982
manual,1662631200000,,,18.3,manual,fVLjpcZC0ycJ3Ja2KN3WH1jtQJu0bv$0$manual$manual$0,dWkN2Wx3NCRdWogwVFF2zJ4JdP4cYS,2022-09-08T10:00:00.000Z,,
manual,1662616800000,one bubble.,,17.9,manual,fVLjpcZC0ycJ3Ja2KN3WH1jtQJu0bv$0$manual$manual$0,2I2cqKJUOS1F6v3cqiYAACGiFII0Md,2022-09-08T06:00:00.000Z,,725.188689
manual,1662602400000,,,17.5,manual,fVLjpcZC0ycJ3Ja2KN3WH1jtQJu0bv$0$manual$manual$0,V7wjSd8ehmJs7YxtfRzfqS1nlWVW6N,2022-09-08T02:00:00.000Z,,
manual,1662588000000,,,18.1,manual,fVLjpcZC0ycJ3Ja2KN3WH1jtQJu0bv$0$manual$manual$0,wPsw8ibpY3u14TjeRUbv2SBiAE1un8,2022-09-07T22:00:00.000Z,,
manual,1662577200000,one bubble.,,18.3,manual,fVLjpcZC0ycJ3Ja2KN3WH1jtQJu0bv$0$manual$manual$0,3RBbjmIbLSRIV2JgQLUpXsFW3aBxxg,2022-09-07T19:00:00.000Z,,725.188689
manual,1662573600000,,,18,manual,fVLjpcZC0ycJ3Ja2KN3WH1jtQJu0bv$0$manual$manual$0,atpnshgAbFj2J4K0oQnGkPSCSEumTT,2022-09-07T18:00:00.000Z,,
manual,1662570000000,one bubble.,,17.9,manual,fVLjpcZC0ycJ3Ja2KN3WH1jtQJu0bv$0$manual$manual$0,dJuF26f3Xpbd8JfmoYCr5TftiDdhu2,2022-09-07T17:00:00.000Z,,725.188689
manual,1662559200000,,,18.4,manual,fVLjpcZC0ycJ3Ja2KN3WH1jtQJu0bv$0$manual$manual$0,wdU3ChAIpGuB5rbNsG1eJzGdrM1XDn,2022-09-07T14:00:00.000Z,,
manual,1662544800000,,,17.6,manual,fVLjpcZC0ycJ3Ja2KN3WH1jtQJu0bv$0$manual$manual$0,JEyWOfojDpFSDymhYvJZaJgll6V3mX,2022-09-07T10:00:00.000Z,,
manual,1662530400000,,,17.9,manual,fVLjpcZC0ycJ3Ja2KN3WH1jtQJu0bv$0$manual$manual$0,t24KZCPxfz7bmTcdOkSDbLnSzLbIMy,2022-09-07T06:00:00.000Z,,
manual,1662525900000,two bubbles.,,17.7,manual,fVLjpcZC0ycJ3Ja2KN3WH1jtQJu0bv$0$manual$manual$0,qeb8NoWHo7nvyHvyc6E4wm3rFbVg0X,2022-09-07T04:45:00.000Z,,725.188689
manual,1662516000000,,,18.4,manual,fVLjpcZC0ycJ3Ja2KN3WH1jtQJu0bv$0$manual$manual$0,otX8ILyk9tfQFVkZvWtj1QmYwi0Q2T,2022-09-07T02:00:00.000Z,,
manual,1662501600000,,,17.9,manual,fVLjpcZC0ycJ3Ja2KN3WH1jtQJu0bv$0$manual$manual$0,lElTXlMMit0M4aHgEFD6FcvBd7Zx87,2022-09-06T22:00:00.000Z,,
manual,1662490800000,many bubbles.,,17.6,manual,fVLjpcZC0ycJ3Ja2KN3WH1jtQJu0bv$0$manual$manual$0,sbpqKDbIHbGleqlcsIZH4QAw52yvAy,2022-09-06T19:00:00.000Z,,725.188689
manual,1662487200000,,,18.4,manual,fVLjpcZC0ycJ3Ja2KN3WH1jtQJu0bv$0$manual$manual$0,w8jkoRYrOhSlhiD5Q0SOwp2Ge8xWIN,2022-09-06T18:00:00.000Z,,
manual,1662472800000,,,17.6,manual,fVLjpcZC0ycJ3Ja2KN3WH1jtQJu0bv$0$manual$manual$0,jGPAzcmusMIFzNGtRQ256Ou0tMiicB,2022-09-06T14:00:00.000Z,,
manual,1662458400000,many bubbles.,,18,manual,fVLjpcZC0ycJ3Ja2KN3WH1jtQJu0bv$0$manual$manual$0,aWwpe2TEzLWlfMy2dkY3zWETzzx8lU,2022-09-06T10:00:00.000Z,,725.188689
manual,1662444000000,many bubbles.,,17.9,manual,fVLjpcZC0ycJ3Ja2KN3WH1jtQJu0bv$0$manual$manual$0,eXknBHVvKrsEVQ5XUqTVi8OKuCsJuq,2022-09-06T06:00:00.000Z,,725.188689
manual,1662429600000,,,17.8,manual,fVLjpcZC0ycJ3Ja2KN3WH1jtQJu0bv$0$manual$manual$0,6pBfGMazgKS0oKxVFyRJhomw9e0lOI,2022-09-06T02:00:00.000Z,,
manual,1662415200000,,,17.6,manual,fVLjpcZC0ycJ3Ja2KN3WH1jtQJu0bv$0$manual$manual$0,QxzvRDYXsPMucRCom8IEGnYu2JgyYt,2022-09-05T22:00:00.000Z,,
manual,1662413400000,many bubbles.,,18.5,manual,fVLjpcZC0ycJ3Ja2KN3WH1jtQJu0bv$0$manual$manual$0,rH54VMWsM0Wn3TxEJoLK5SALJhAQfj,2022-09-05T21:30:00.000Z,,725.188689
manual,1662401700000,many bubbles.,,18.1,manual,fVLjpcZC0ycJ3Ja2KN3WH1jtQJu0bv$0$manual$manual$0,E9E4hahZyPIU6FPE1SpPmZL6pDfQfu,2022-09-05T18:15:00.000Z,,725.188689
manual,1662386400000,,,17.6,manual,fVLjpcZC0ycJ3Ja2KN3WH1jtQJu0bv$0$manual$manual$0,KvIT9nlsNtPtoq6zvnrjvAuYBwDBQ9,2022-09-05T14:00:00.000Z,,
manual,1662371100000,,,18.3,manual,fVLjpcZC0ycJ3Ja2KN3WH1jtQJu0bv$0$manual$manual$0,71vOFxCrWGWzutdSVqROAG2glhF2xi,2022-09-05T09:45:00.000Z,,
manual,1662361620000,,1.041,18.4,manual,fVLjpcZC0ycJ3Ja2KN3WH1jtQJu0bv$0$manual$manual$0,4NzQn05pFWsjtBQH6VZvtIivYtl9xJ,2022-09-05T07:07:00.000Z,5.21,0.145038