type,time,temp,id,comment,sg,__acc_reading_doc_id,__acc_reading_data_id,timepoint,pressure,ph
manual,1673208000000,14.6,manual,,,jE4F45yPZR2qzOdA4G8iCHxwdkQUU6$0$manual$manual$0,jiqecH9uoi2rF4x22pR3vPUc2N2HXU,2023-01-08T20:00:00.000Z
manual,1673110800000,15.2,manual,,,jE4F45yPZR2qzOdA4G8iCHxwdkQUU6$0$manual$manual$0,BLb2J33VAVNi1NLutgZxuFku4D78R7,2023-01-07T17:00:00.000Z
manual,1672956000000,15.6,manual,,,jE4F45yPZR2qzOdA4G8iCHxwdkQUU6$0$manual$manual$0,5jbVhxj4OMG5DT4MmhX0iVNknXQBVE,2023-01-05T22:00:00.000Z
manual,1672840800000,15.5,manual,,,jE4F45yPZR2qzOdA4G8iCHxwdkQUU6$0$manual$manual$0,TDU4s1BClhOnIOfvKw7GqoPest7Yuu,2023-01-04T14:00:00.000Z
manual,1672813800000,15.4,manual,,,jE4F45yPZR2qzOdA4G8iCHxwdkQUU6$0$manual$manual$0,MBgYkdXu870rvOjekJSCR7pKOg5ZuA,2023-01-04T06:30:00.000Z
manual,1672786800000,15.5,manual,,,jE4F45yPZR2qzOdA4G8iCHxwdkQUU6$0$manual$manual$0,k7yTBc7XcZeTxjhjjATPJAg2LBmjmR,2023-01-03T23:00:00.000Z
manual,1672772400000,15.5,manual,,,jE4F45yPZR2qzOdA4G8iCHxwdkQUU6$0$manual$manual$0,4D7SjK50qyQqgluslF03OKEcAQ65gL,2023-01-03T19:00:00.000Z
manual,1672686000000,15.7,manual,,,jE4F45yPZR2qzOdA4G8iCHxwdkQUU6$0$manual$manual$0,5pgdta7N5Kfdsc65gXXBkUkkkHxg1w,2023-01-02T19:00:00.000Z
manual,1672639200000,15.7,manual,,,jE4F45yPZR2qzOdA4G8iCHxwdkQUU6$0$manual$manual$0,cE7eNQPN8khmUH1EgUD9pnofOQJqDu,2023-01-02T06:00:00.000Z
manual,1672610400000,15.2,manual,,,jE4F45yPZR2qzOdA4G8iCHxwdkQUU6$0$manual$manual$0,EiOcZuk3qwjj7pFHWufID5KQaLbwzJ,2023-01-01T22:00:00.000Z
manual,1672480800000,14.1,manual,,,jE4F45yPZR2qzOdA4G8iCHxwdkQUU6$0$manual$manual$0,ZbfJkSe9mwL74zI9Z59AdREwcvt7Jm,2022-12-31T10:00:00.000Z
manual,1672390817475,14.7,manual,,,jE4F45yPZR2qzOdA4G8iCHxwdkQUU6$0$manual$manual$0,4nBCcKMdMx5m0psThb8IUmfyjjhRNS,2022-12-30T09:00:17.475Z
manual,1672354800000,14.1,manual,,,jE4F45yPZR2qzOdA4G8iCHxwdkQUU6$0$manual$manual$0,ug7Yagp5reJCqzw7BJrS6yAKu4bHgY,2022-12-29T23:00:00.000Z
manual,1672297200000,14.1,manual,,,jE4F45yPZR2qzOdA4G8iCHxwdkQUU6$0$manual$manual$0,bUPeUzF8J9rv38KOcRsexp9mklY4ix,2022-12-29T07:00:00.000Z
manual,1671775200000,14.4,manual,,,jE4F45yPZR2qzOdA4G8iCHxwdkQUU6$0$manual$manual$0,BgjMBQF9r613MtxK4BJZiBDEI89zYg,2022-12-23T06:00:00.000Z
manual,1671692400000,14.5,manual,,,jE4F45yPZR2qzOdA4G8iCHxwdkQUU6$0$manual$manual$0,MrEixVnDYoyZdf5nx1pZPzdqliHPym,2022-12-22T07:00:00.000Z
manual,1671651000000,14.5,manual,,,jE4F45yPZR2qzOdA4G8iCHxwdkQUU6$0$manual$manual$0,kBw2R7QBVVSHTVUIr9H5hZecsjQKIm,2022-12-21T19:30:00.000Z
manual,1671606000000,14,manual,,,jE4F45yPZR2qzOdA4G8iCHxwdkQUU6$0$manual$manual$0,o2pqkc2c0fbNURUiLM7HkXGhIaH8bU,2022-12-21T07:00:00.000Z
manual,1671570000000,14.2,manual,,,jE4F45yPZR2qzOdA4G8iCHxwdkQUU6$0$manual$manual$0,LKNIzrhDnsW0XF3VA8qlqSwZCO6Aly,2022-12-20T21:00:00.000Z
manual,1671399000000,13.6,manual,,,jE4F45yPZR2qzOdA4G8iCHxwdkQUU6$0$manual$manual$0,X3wpmr4pi69RUgRbmoePKBC8THVdxp,2022-12-18T21:30:00.000Z
manual,1671368400000,13.7,manual,,,jE4F45yPZR2qzOdA4G8iCHxwdkQUU6$0$manual$manual$0,TNDXpswOlawCngk5NloGdNmk1LOYC9,2022-12-18T13:00:00.000Z
manual,1671133680000,16.8,manual,,,jE4F45yPZR2qzOdA4G8iCHxwdkQUU6$0$manual$manual$0,Lws9vddSkQqCxG2uJoNzK2NmyIr7z5,2022-12-15T19:48:00.000Z
manual,1670958000000,15.8,manual,,,jE4F45yPZR2qzOdA4G8iCHxwdkQUU6$0$manual$manual$0,yFUHlM8KpKu5ypTPYn4kIYN5delbFX,2022-12-13T19:00:00.000Z
manual,1670943600000,16,manual,,,jE4F45yPZR2qzOdA4G8iCHxwdkQUU6$0$manual$manual$0,oO15FVVKj79N71YgTHSM8x85rmnxnV,2022-12-13T15:00:00.000Z
manual,1670929200000,16.1,manual,,,jE4F45yPZR2qzOdA4G8iCHxwdkQUU6$0$manual$manual$0,qAXfoiBDnOCHCbvCql5E9xC6aomIZD,2022-12-13T11:00:00.000Z
manual,1670914800000,16.7,manual,,,jE4F45yPZR2qzOdA4G8iCHxwdkQUU6$0$manual$manual$0,ddiwPkXgcvskxP0I9EAQ1UoI0QztRG,2022-12-13T07:00:00.000Z
manual,1670900400000,17.3,manual,,,jE4F45yPZR2qzOdA4G8iCHxwdkQUU6$0$manual$manual$0,JLfuVz0VsUVoxKG4RVAxiMJyRaoVUr,2022-12-13T03:00:00.000Z
manual,1670886000000,17.8,manual,,,jE4F45yPZR2qzOdA4G8iCHxwdkQUU6$0$manual$manual$0,NhGQkaufPYPPRRs99nMUlolmVNvFCf,2022-12-12T23:00:00.000Z
manual,1670871600000,18.1,manual,,,jE4F45yPZR2qzOdA4G8iCHxwdkQUU6$0$manual$manual$0,C9olNVMxA9rfk2symLJDnCqziIlzY9,2022-12-12T19:00:00.000Z
manual,1670857200000,18.3,manual,,,jE4F45yPZR2qzOdA4G8iCHxwdkQUU6$0$manual$manual$0,vg0jm5RQzsz6NibIIf9Qi2AdXTL1LV,2022-12-12T15:00:00.000Z
manual,1670842800000,18.3,manual,,,jE4F45yPZR2qzOdA4G8iCHxwdkQUU6$0$manual$manual$0,GTTbp0p43LJ8vMURZlT6aG1LmQhkoq,2022-12-12T11:00:00.000Z
manual,1670828400000,18.3,manual,,,jE4F45yPZR2qzOdA4G8iCHxwdkQUU6$0$manual$manual$0,HFmTiFVxAD1T5FwirCun5Q9iwsoaxX,2022-12-12T07:00:00.000Z
manual,1670814000000,18.3,manual,,,jE4F45yPZR2qzOdA4G8iCHxwdkQUU6$0$manual$manual$0,cHWMNwFSsdUMVqM4p3z0LJA3vFP1ve,2022-12-12T03:00:00.000Z
manual,1670799600000,18.3,manual,,,jE4F45yPZR2qzOdA4G8iCHxwdkQUU6$0$manual$manual$0,qgCodZXMimwgwvOOQfEjzQeAJNyfWL,2022-12-11T23:00:00.000Z
manual,1670785200000,18.2,manual,,,jE4F45yPZR2qzOdA4G8iCHxwdkQUU6$0$manual$manual$0,FqivPqJOoWUOOfRdWj7metl6KbywM5,2022-12-11T19:00:00.000Z
manual,1670770800000,18.2,manual,,,jE4F45yPZR2qzOdA4G8iCHxwdkQUU6$0$manual$manual$0,nugAbxLCkcMMEf6Js4gnafuL6luXNt,2022-12-11T15:00:00.000Z
manual,1670756400000,18.2,manual,,,jE4F45yPZR2qzOdA4G8iCHxwdkQUU6$0$manual$manual$0,2WtMIRKWrDYcJ6WWp0i3ltk4zRfDIs,2022-12-11T11:00:00.000Z
manual,1670742000000,18.2,manual,,,jE4F45yPZR2qzOdA4G8iCHxwdkQUU6$0$manual$manual$0,LEfH91IqQb6h6VxXx5AAM0NAgcC1RC,2022-12-11T07:00:00.000Z
manual,1670727600000,18.2,manual,,,jE4F45yPZR2qzOdA4G8iCHxwdkQUU6$0$manual$manual$0,9b0qWIz6K6psgPtd8Jqhua7M4CBiWZ,2022-12-11T03:00:00.000Z
manual,1670713200000,18.2,manual,,,jE4F45yPZR2qzOdA4G8iCHxwdkQUU6$0$manual$manual$0,MSiw6kKLX6olRQ0U5ZU2PZIs9iGZbI,2022-12-10T23:00:00.000Z
manual,1670698800000,18.2,manual,,,jE4F45yPZR2qzOdA4G8iCHxwdkQUU6$0$manual$manual$0,sxwBHnOxldzwt4yVg5BzgGVNYPu9DE,2022-12-10T19:00:00.000Z
manual,1670684400000,18.3,manual,,,jE4F45yPZR2qzOdA4G8iCHxwdkQUU6$0$manual$manual$0,WBysVXdCkJKJdeqkKJJilcIGvZg1Q4,2022-12-10T15:00:00.000Z
manual,1670670000000,18.4,manual,,,jE4F45yPZR2qzOdA4G8iCHxwdkQUU6$0$manual$manual$0,l4XMXKm1YxkDGtWbD6f3k8KaUapsZZ,2022-12-10T11:00:00.000Z
manual,1670655600000,18.6,manual,,,jE4F45yPZR2qzOdA4G8iCHxwdkQUU6$0$manual$manual$0,Er7dLHRMsHABGqDznpeeLpVZA6c6yx,2022-12-10T07:00:00.000Z
manual,1670641200000,18.7,manual,,,jE4F45yPZR2qzOdA4G8iCHxwdkQUU6$0$manual$manual$0,eRnjSn0ovD88Zhk5lnXH9ScBeba32y,2022-12-10T03:00:00.000Z
manual,1670626800000,18.9,manual,,,jE4F45yPZR2qzOdA4G8iCHxwdkQUU6$0$manual$manual$0,cYre4POxitif3emmGkRIkkDO6duczP,2022-12-09T23:00:00.000Z
manual,1670613300000,19,manual,,,jE4F45yPZR2qzOdA4G8iCHxwdkQUU6$0$manual$manual$0,g5ggGnv9qZaak0YPgRVuS2dLJNLs7S,2022-12-09T19:15:00.000Z
manual,1670598000000,19.1,manual,,,jE4F45yPZR2qzOdA4G8iCHxwdkQUU6$0$manual$manual$0,Cp4Czu6gwUWdEl1mr3FebTeP83eXs0,2022-12-09T15:00:00.000Z
manual,1670583600000,19.1,manual,,,jE4F45yPZR2qzOdA4G8iCHxwdkQUU6$0$manual$manual$0,FeO22QIWkBk6c4CU10SfAfEZ8AazAR,2022-12-09T11:00:00.000Z
manual,1670569200000,19.1,manual,,,jE4F45yPZR2qzOdA4G8iCHxwdkQUU6$0$manual$manual$0,yMEMvUJd1V1NyLB9we56ASexdPdnEq,2022-12-09T07:00:00.000Z
manual,1670554800000,19.1,manual,,,jE4F45yPZR2qzOdA4G8iCHxwdkQUU6$0$manual$manual$0,qGkAhU1iNk6L2VY8CcRGWeEbs3F1do,2022-12-09T03:00:00.000Z
manual,1670540400000,19.1,manual,,,jE4F45yPZR2qzOdA4G8iCHxwdkQUU6$0$manual$manual$0,RViCiaowDZ3u10r9UCPGQWDfWfHID4,2022-12-08T23:00:00.000Z
manual,1670526000000,19.1,manual,,,jE4F45yPZR2qzOdA4G8iCHxwdkQUU6$0$manual$manual$0,n6dMpbYV4y2EwoWGVMx2LW7f0k31lP,2022-12-08T19:00:00.000Z
manual,1670512500000,18.7,manual,,,jE4F45yPZR2qzOdA4G8iCHxwdkQUU6$0$manual$manual$0,hGWgFa50daH0ryaYxhKiWifdxx2uRG,2022-12-08T15:15:00.000Z
manual,1670498100000,18.2,manual,,,jE4F45yPZR2qzOdA4G8iCHxwdkQUU6$0$manual$manual$0,ZWoYlx8JHDCcBJ41RGN93nj47I90T1,2022-12-08T11:15:00.000Z
manual,1670482800000,18.1,manual,,,jE4F45yPZR2qzOdA4G8iCHxwdkQUU6$0$manual$manual$0,1hhyjT2QMF8D15EzzwtJjDdmkVj39G,2022-12-08T07:00:00.000Z
manual,1670468400000,19.3,manual,,,jE4F45yPZR2qzOdA4G8iCHxwdkQUU6$0$manual$manual$0,MjsOh8t70F6JV1MYcPZkxKOkj1NyVr,2022-12-08T03:00:00.000Z
manual,1670454000000,19,manual,,,jE4F45yPZR2qzOdA4G8iCHxwdkQUU6$0$manual$manual$0,GEUSZ3WHgoumm6XTA8gWw8RNzdBAB3,2022-12-07T23:00:00.000Z
manual,1670439600000,18.5,manual,,,jE4F45yPZR2qzOdA4G8iCHxwdkQUU6$0$manual$manual$0,6PBUrAzwPotVsOfL85BHRadMl7Tf6p,2022-12-07T19:00:00.000Z
manual,1670425200000,18,manual,,,jE4F45yPZR2qzOdA4G8iCHxwdkQUU6$0$manual$manual$0,mtnZr4lEno0cyXpg3vXJJaI6rFqrqG,2022-12-07T15:00:00.000Z
manual,1670410800000,19.5,manual,,,jE4F45yPZR2qzOdA4G8iCHxwdkQUU6$0$manual$manual$0,6yx41B9e4fsSs2gjLf43Tu97a1YA1P,2022-12-07T11:00:00.000Z
manual,1670396400000,19.3,manual,,,jE4F45yPZR2qzOdA4G8iCHxwdkQUU6$0$manual$manual$0,Py6NR43lTiBbTyxi13zaUIQC5ac9Rt,2022-12-07T07:00:00.000Z
manual,1670382000000,19,manual,,,jE4F45yPZR2qzOdA4G8iCHxwdkQUU6$0$manual$manual$0,WHN4VvbvxGZ2aqZdDxWdeazkNqopGU,2022-12-07T03:00:00.000Z
manual,1670367600000,18.3,manual,,,jE4F45yPZR2qzOdA4G8iCHxwdkQUU6$0$manual$manual$0,lM6WqKywY9MeC5ON0partZEr8a1Udx,2022-12-06T23:00:00.000Z
manual,1670353200000,18.4,manual,,,jE4F45yPZR2qzOdA4G8iCHxwdkQUU6$0$manual$manual$0,ApMaXSm0CKeTRqN1UbjrBC2V93TxSp,2022-12-06T19:00:00.000Z
manual,1670338800000,19.3,manual,,,jE4F45yPZR2qzOdA4G8iCHxwdkQUU6$0$manual$manual$0,oveeeyGX0URDbx1xuqH6LKx9vRYehf,2022-12-06T15:00:00.000Z
manual,1670324400000,18.5,manual,,,jE4F45yPZR2qzOdA4G8iCHxwdkQUU6$0$manual$manual$0,nWmyMcqGQw2vilX17z2wsZMI9e6Yba,2022-12-06T11:00:00.000Z
manual,1670310000000,18.1,manual,,,jE4F45yPZR2qzOdA4G8iCHxwdkQUU6$0$manual$manual$0,toaPiKkeXehWWljFNd9lX1UgYvzkPD,2022-12-06T07:00:00.000Z
manual,1670295600000,19.6,manual,,,jE4F45yPZR2qzOdA4G8iCHxwdkQUU6$0$manual$manual$0,x2BGlHzdj235OFn3LWRjZzibLNquoj,2022-12-06T03:00:00.000Z
manual,1670281200000,18.9,manual,,,jE4F45yPZR2qzOdA4G8iCHxwdkQUU6$0$manual$manual$0,MFo6LSuOmZ4IerybvMfouGxxaUYy9D,2022-12-05T23:00:00.000Z
manual,1670266800000,18.2,manual,,,jE4F45yPZR2qzOdA4G8iCHxwdkQUU6$0$manual$manual$0,X72VokfDjCWXtUopGeZwOkjc6GDRF2,2022-12-05T19:00:00.000Z
manual,1670252400000,18.8,manual,,,jE4F45yPZR2qzOdA4G8iCHxwdkQUU6$0$manual$manual$0,zqIBj478cEicAm8XkiqfO0XAJgyO97,2022-12-05T15:00:00.000Z
manual,1670238000000,19.3,manual,,,jE4F45yPZR2qzOdA4G8iCHxwdkQUU6$0$manual$manual$0,Kwv5c5BR7isRJpoupnyuKWk6LfG8Ah,2022-12-05T11:00:00.000Z
manual,1670223600000,18.9,manual,,,jE4F45yPZR2qzOdA4G8iCHxwdkQUU6$0$manual$manual$0,1NqodlaI8uqIj6X3GHqMlzvfrmajYv,2022-12-05T07:00:00.000Z
manual,1670209200000,18.5,manual,,,jE4F45yPZR2qzOdA4G8iCHxwdkQUU6$0$manual$manual$0,cb1Nqu8qRzgwf8iY6gVvtxJoxM0EyJ,2022-12-05T03:00:00.000Z
manual,1670194800000,18.3,manual,,,jE4F45yPZR2qzOdA4G8iCHxwdkQUU6$0$manual$manual$0,k6MbfvCXj6OCBQkyG144OLMTj0UIyl,2022-12-04T23:00:00.000Z
manual,1670180400000,18.3,manual,,,jE4F45yPZR2qzOdA4G8iCHxwdkQUU6$0$manual$manual$0,kohKeamrCoxPMarffAbXhWTqQQAhQn,2022-12-04T19:00:00.000Z
manual,1670166000000,18.3,manual,,,jE4F45yPZR2qzOdA4G8iCHxwdkQUU6$0$manual$manual$0,CKDVHdmuwNVwAyi8DnMosTkS8Kg9wa,2022-12-04T15:00:00.000Z
manual,1670151600000,18.3,manual,,,jE4F45yPZR2qzOdA4G8iCHxwdkQUU6$0$manual$manual$0,JRQnrcRwpsad6DkUgw9X54HUTUpNGs,2022-12-04T11:00:00.000Z
manual,1670137200000,18.3,manual,,,jE4F45yPZR2qzOdA4G8iCHxwdkQUU6$0$manual$manual$0,heo75k5Dm3C56fSsjodTgAU9v3afEI,2022-12-04T07:00:00.000Z
manual,1670122800000,18.3,manual,,,jE4F45yPZR2qzOdA4G8iCHxwdkQUU6$0$manual$manual$0,SW4tRvtGCGMssJpdrsJCfUkOTmdJu5,2022-12-04T03:00:00.000Z
manual,1670108400000,18.1,manual,,,jE4F45yPZR2qzOdA4G8iCHxwdkQUU6$0$manual$manual$0,gOJGGlg4kuKCPMVfpCh2Qj56HXLy4U,2022-12-03T23:00:00.000Z
manual,1670094000000,17.9,manual,,,jE4F45yPZR2qzOdA4G8iCHxwdkQUU6$0$manual$manual$0,WUjB5pUmfbT3Vd2UD3pBAbEv1N72lc,2022-12-03T19:00:00.000Z
manual,1670079600000,17.6,manual,,,jE4F45yPZR2qzOdA4G8iCHxwdkQUU6$0$manual$manual$0,XhtiI07jYCDrAmvmQOesaUnMpJSBoz,2022-12-03T15:00:00.000Z
manual,1670065200000,17.6,manual,,,jE4F45yPZR2qzOdA4G8iCHxwdkQUU6$0$manual$manual$0,yHF2GHUbdQe4IHdi1jlE8iZbDr5TXz,2022-12-03T11:00:00.000Z
manual,1670050800000,18.9,manual,,,jE4F45yPZR2qzOdA4G8iCHxwdkQUU6$0$manual$manual$0,IBRpiGb0H6v7AlpfLkFm0Yj5xS2d3E,2022-12-03T07:00:00.000Z
manual,1670036400000,18.8,manual,,,jE4F45yPZR2qzOdA4G8iCHxwdkQUU6$0$manual$manual$0,qCx30nUVgLfxBApAseGPl3aBsTSaUg,2022-12-03T03:00:00.000Z
manual,1670022000000,18.6,manual,,,jE4F45yPZR2qzOdA4G8iCHxwdkQUU6$0$manual$manual$0,Y7emNasGvmGKI4i00DDkLrTLw9h6Nc,2022-12-02T23:00:00.000Z
manual,1670007600000,18.2,manual,,,jE4F45yPZR2qzOdA4G8iCHxwdkQUU6$0$manual$manual$0,RF3nxN6iZhymqsThFVqN544JA6fBxO,2022-12-02T19:00:00.000Z
manual,1669993200000,17.7,manual,,,jE4F45yPZR2qzOdA4G8iCHxwdkQUU6$0$manual$manual$0,kKoq2yWSOA2olaIZj165NZpp47rTb3,2022-12-02T15:00:00.000Z
manual,1669978800000,18.8,manual,,,jE4F45yPZR2qzOdA4G8iCHxwdkQUU6$0$manual$manual$0,WsZd9JWJyI5PODHNkmSRRqUyqqqMCy,2022-12-02T11:00:00.000Z
manual,1669964400000,18.4,manual,,,jE4F45yPZR2qzOdA4G8iCHxwdkQUU6$0$manual$manual$0,RlpfZQVdiIickdpQkhkwEoveChx8sc,2022-12-02T07:00:00.000Z
manual,1669950000000,17.7,manual,,,jE4F45yPZR2qzOdA4G8iCHxwdkQUU6$0$manual$manual$0,aVnBXK0t5vUYzx58hjRVJGLsymvpXf,2022-12-02T03:00:00.000Z
manual,1669935600000,19,manual,,,jE4F45yPZR2qzOdA4G8iCHxwdkQUU6$0$manual$manual$0,EtgkWAbmyksmGsrv5rWsDXC6WEtytS,2022-12-01T23:00:00.000Z
manual,1669921200000,18.1,manual,,,jE4F45yPZR2qzOdA4G8iCHxwdkQUU6$0$manual$manual$0,VkvCNLEL26596Zm3ZPcPKA8DeSPZhA,2022-12-01T19:00:00.000Z
manual,1669906800000,18,manual,,,jE4F45yPZR2qzOdA4G8iCHxwdkQUU6$0$manual$manual$0,P48EUMd0PNr2n5YHkOJgiOhO8zZeaD,2022-12-01T15:00:00.000Z
manual,1669892400000,18.5,manual,,,jE4F45yPZR2qzOdA4G8iCHxwdkQUU6$0$manual$manual$0,m7WE2j0N0S3QfF3IBNSA31nLlC6m2o,2022-12-01T11:00:00.000Z
manual,1669878000000,17.8,manual,,,jE4F45yPZR2qzOdA4G8iCHxwdkQUU6$0$manual$manual$0,0hHDFoqUOJhbUy9eLbDe0ljC08PeIz,2022-12-01T07:00:00.000Z
manual,1669863600000,19,manual,,,jE4F45yPZR2qzOdA4G8iCHxwdkQUU6$0$manual$manual$0,81B8XccmaRmJWZMFdfV0XJA3CoeKjz,2022-12-01T03:00:00.000Z
manual,1669849200000,17.8,manual,,,jE4F45yPZR2qzOdA4G8iCHxwdkQUU6$0$manual$manual$0,CVeAw5CVurCa4d6qMaVYQjyborhr5f,2022-11-30T23:00:00.000Z
manual,1669834800000,18.6,manual,,,jE4F45yPZR2qzOdA4G8iCHxwdkQUU6$0$manual$manual$0,BjMKCYXAdALZcE5QikyRlzdeU3Kf15,2022-11-30T19:00:00.000Z
manual,1669820400000,18.2,manual,,,jE4F45yPZR2qzOdA4G8iCHxwdkQUU6$0$manual$manual$0,zhBuBLyEIF7mQvPwxGmUiTjz3QwCzS,2022-11-30T15:00:00.000Z
manual,1669806000000,18.3,manual,,,jE4F45yPZR2qzOdA4G8iCHxwdkQUU6$0$manual$manual$0,JkHHmr8zPdASIbk3EcgNTPRHfoZiCA,2022-11-30T11:00:00.000Z
manual,1669791600000,18.4,manual,,,jE4F45yPZR2qzOdA4G8iCHxwdkQUU6$0$manual$manual$0,mlhhWN5PzhiULY3P9eywYBKaNMXctj,2022-11-30T07:00:00.000Z
manual,1669777200000,17.8,manual,,,jE4F45yPZR2qzOdA4G8iCHxwdkQUU6$0$manual$manual$0,n44mkPJnGczRePg245VbNarXQvixnl,2022-11-30T03:00:00.000Z
manual,1669762800000,18.6,manual,,,jE4F45yPZR2qzOdA4G8iCHxwdkQUU6$0$manual$manual$0,W7YW5Uu8Gts4OGmmDv1XQUJbIVpSsG,2022-11-29T23:00:00.000Z
manual,1669748400000,17.8,manual,,,jE4F45yPZR2qzOdA4G8iCHxwdkQUU6$0$manual$manual$0,oNFLFOfSxgfmPX8DgVDE5dBG7idBLp,2022-11-29T19:00:00.000Z
manual,1669734000000,18.9,manual,,,jE4F45yPZR2qzOdA4G8iCHxwdkQUU6$0$manual$manual$0,c2tIuwMbwW7xOtsmJIepAkOBos7qM8,2022-11-29T15:00:00.000Z
manual,1669719600000,17.8,manual,,,jE4F45yPZR2qzOdA4G8iCHxwdkQUU6$0$manual$manual$0,Hhll6gy4VhKy2IrMSwdsI5jJyKJSMI,2022-11-29T11:00:00.000Z
manual,1669705200000,18.8,manual,,,jE4F45yPZR2qzOdA4G8iCHxwdkQUU6$0$manual$manual$0,1DIIzLeJvTZBxOFIlvKre4HlEUukAP,2022-11-29T07:00:00.000Z
manual,1669689900000,17.8,manual,,,jE4F45yPZR2qzOdA4G8iCHxwdkQUU6$0$manual$manual$0,yY9nmbBTAA13fl5VcaUYQpWoWTvg3p,2022-11-29T02:45:00.000Z
manual,1669686300000,18.1,manual,,,jE4F45yPZR2qzOdA4G8iCHxwdkQUU6$0$manual$manual$0,NbAphfy5l0YzvTuOWn55THUGPjhAb6,2022-11-29T01:45:00.000Z
manual,1669662000000,17.8,manual,,,jE4F45yPZR2qzOdA4G8iCHxwdkQUU6$0$manual$manual$0,r3ftdyRvKNklQdG0FeQLLu0LuldriG,2022-11-28T19:00:00.000Z
manual,1669647600000,19,manual,,,jE4F45yPZR2qzOdA4G8iCHxwdkQUU6$0$manual$manual$0,xA7QCeaOkm69Az4JFjqpGLtOyHM9ZL,2022-11-28T15:00:00.000Z
manual,1669633200000,17.9,manual,,,jE4F45yPZR2qzOdA4G8iCHxwdkQUU6$0$manual$manual$0,HDs45dHaUi7HuDp43srDHQSgeYMd6R,2022-11-28T11:00:00.000Z
manual,1669618800000,19,manual,,,jE4F45yPZR2qzOdA4G8iCHxwdkQUU6$0$manual$manual$0,ha9hySLjd9S0L1EiILFM2gfoS8bZL4,2022-11-28T07:00:00.000Z
manual,1669604400000,17.8,manual,,,jE4F45yPZR2qzOdA4G8iCHxwdkQUU6$0$manual$manual$0,gTKX55PGzEeTdgVuWPUDjAiNjiU3Qb,2022-11-28T03:00:00.000Z
manual,1669590000000,19,manual,,,jE4F45yPZR2qzOdA4G8iCHxwdkQUU6$0$manual$manual$0,KMzdtllHvDTaWqu7thj3NPuwuwuFaI,2022-11-27T23:00:00.000Z
manual,1669575600000,17.9,manual,,,jE4F45yPZR2qzOdA4G8iCHxwdkQUU6$0$manual$manual$0,K3TKMLk8nHHmkw1o2YZgKqtA6MgDHL,2022-11-27T19:00:00.000Z
manual,1669561200000,16,manual,,,jE4F45yPZR2qzOdA4G8iCHxwdkQUU6$0$manual$manual$0,9M6nXzuFFMesILg5arnzTH2DY22UJc,2022-11-27T15:00:00.000Z
manual,1669553700000,17.9,manual,,1.011,jE4F45yPZR2qzOdA4G8iCHxwdkQUU6$0$manual$manual$0,KO8n4sbWBO3z6LCmcRsUlD1HdK5qr7,2022-11-27T12:55:00.000Z,0.145038,4.67
manual,1669546800000,19,manual,,,jE4F45yPZR2qzOdA4G8iCHxwdkQUU6$0$manual$manual$0,sF8edqa3hIiAGZpCgghY5TPJfnuDNo,2022-11-27T11:00:00.000Z,,
manual,1669532400000,18.4,manual,,,jE4F45yPZR2qzOdA4G8iCHxwdkQUU6$0$manual$manual$0,tzddy0pLW0w58tPEHZ19q7WAtOIwpc,2022-11-27T07:00:00.000Z,,
manual,1669518000000,18.2,manual,,,jE4F45yPZR2qzOdA4G8iCHxwdkQUU6$0$manual$manual$0,FLhURWLRiPScxNJY6t29sECPAnwrJ6,2022-11-27T03:00:00.000Z,,
manual,1669503600000,19,manual,,,jE4F45yPZR2qzOdA4G8iCHxwdkQUU6$0$manual$manual$0,MZaBqzUBoyUwHsT3bHrlX856fQvuLq,2022-11-26T23:00:00.000Z,,
manual,1669489200000,18.9,manual,,,jE4F45yPZR2qzOdA4G8iCHxwdkQUU6$0$manual$manual$0,Way4sEZPdkcxL52kv9LZFksi7XxWPb,2022-11-26T19:00:00.000Z,,
manual,1669474800000,18,manual,,,jE4F45yPZR2qzOdA4G8iCHxwdkQUU6$0$manual$manual$0,RhplbcmZhFF7uJulIsDF0eZxG6IsX2,2022-11-26T15:00:00.000Z,,
manual,1669460400000,18.8,manual,,,jE4F45yPZR2qzOdA4G8iCHxwdkQUU6$0$manual$manual$0,JuqQDNdToqDcdZc4fhW2YdcK18ZKap,2022-11-26T11:00:00.000Z,,
manual,1669453200000,18,manual,no bubbles.,,jE4F45yPZR2qzOdA4G8iCHxwdkQUU6$0$manual$manual$0,QKsow4pdxFv0IcHRxSLLL4vvDe2bau,2022-11-26T09:00:00.000Z,-652.66982,
manual,1669447800000,19,manual,,,jE4F45yPZR2qzOdA4G8iCHxwdkQUU6$0$manual$manual$0,OGlKuP30ALxWR9mvkjDkG4yLDfaDMX,2022-11-26T07:30:00.000Z,,
manual,1669416300000,18.9,manual,,,jE4F45yPZR2qzOdA4G8iCHxwdkQUU6$0$manual$manual$0,QRKWvhHJo3twrL3HHF56rjblmoD947,2022-11-25T22:45:00.000Z,,
manual,1669404600000,18.9,manual,,,jE4F45yPZR2qzOdA4G8iCHxwdkQUU6$0$manual$manual$0,yL7kbFwdeB9pVY1c1m1Jo8OC94kwOb,2022-11-25T19:30:00.000Z,,
manual,1669395600000,18.4,manual,no bubbles.,,jE4F45yPZR2qzOdA4G8iCHxwdkQUU6$0$manual$manual$0,QAfySUTJWHLZlmxdf00PeWfaXs0JEp,2022-11-25T17:00:00.000Z,-652.66982,
manual,1669388400000,18.8,manual,,,jE4F45yPZR2qzOdA4G8iCHxwdkQUU6$0$manual$manual$0,XIQGvSwQfS4uMo9R3bSkunzDrweCbI,2022-11-25T15:00:00.000Z,,
manual,1669374000000,18,manual,,,jE4F45yPZR2qzOdA4G8iCHxwdkQUU6$0$manual$manual$0,kJhNPBGWs9nc3gJoW8CZT6z6Hl8CIF,2022-11-25T11:00:00.000Z,,
manual,1669356000000,18.4,manual,no comments.,,jE4F45yPZR2qzOdA4G8iCHxwdkQUU6$0$manual$manual$0,nUMldzFKy15X2xbfI7dAT6x2RC13NE,2022-11-25T06:00:00.000Z,-580.150951,
manual,1669332600000,18.3,manual,,,jE4F45yPZR2qzOdA4G8iCHxwdkQUU6$0$manual$manual$0,h1oTBmiQjgnqcIMdZe80LJmIovACm9,2022-11-24T23:30:00.000Z,,
manual,1669312800000,19,manual,no bubbles.,,jE4F45yPZR2qzOdA4G8iCHxwdkQUU6$0$manual$manual$0,IlbljKBYdALrowlZlovcWlW7dv4MTj,2022-11-24T18:00:00.000Z,-580.150951,
manual,1669302000000,19,manual,,,jE4F45yPZR2qzOdA4G8iCHxwdkQUU6$0$manual$manual$0,gaHQpKbe8mJQ0ni5IXPPhBwdJJI8pN,2022-11-24T15:00:00.000Z,,
manual,1669287600000,18.2,manual,,,jE4F45yPZR2qzOdA4G8iCHxwdkQUU6$0$manual$manual$0,u1iETX6z2XWwhyD8Y8o9wpkhVTWzMP,2022-11-24T11:00:00.000Z,,
manual,1669274100000,18,manual,,,jE4F45yPZR2qzOdA4G8iCHxwdkQUU6$0$manual$manual$0,2X3QTpenisw8TSazXm3GQi124C4Tq9,2022-11-24T07:15:00.000Z,,
manual,1669258800000,18.9,manual,,,jE4F45yPZR2qzOdA4G8iCHxwdkQUU6$0$manual$manual$0,gWpgeqZt9yFjMAyTNj0nSdqjBEAbPa,2022-11-24T03:00:00.000Z,,
manual,1669244400000,18.9,manual,,,jE4F45yPZR2qzOdA4G8iCHxwdkQUU6$0$manual$manual$0,VToF1Wxm5szjX1rQlLqhP0ywRLhVXv,2022-11-23T23:00:00.000Z,,
manual,1669239000000,17,manual,no bubbles.,,jE4F45yPZR2qzOdA4G8iCHxwdkQUU6$0$manual$manual$0,iKVMcWVjNnzics4vJghTbNMjORNch0,2022-11-23T21:30:00.000Z,-580.150951,
manual,1669226400000,17.5,manual,no bubbles.,,jE4F45yPZR2qzOdA4G8iCHxwdkQUU6$0$manual$manual$0,YIr7XQWzj9DaD5hXgTUAGCVYdu9g5H,2022-11-23T18:00:00.000Z,-652.66982,
manual,1669215600000,17,manual,,,jE4F45yPZR2qzOdA4G8iCHxwdkQUU6$0$manual$manual$0,fJSmDIF6c2GY1UaeE2tosUQHrPl5aB,2022-11-23T15:00:00.000Z,,
manual,1669200300000,17.3,manual,,,jE4F45yPZR2qzOdA4G8iCHxwdkQUU6$0$manual$manual$0,7CQ9f94kR3qvjcbc2WugwdclTkZCj5,2022-11-23T10:45:00.000Z,,
manual,1669185000000,17.9,manual,no bubbles.,,jE4F45yPZR2qzOdA4G8iCHxwdkQUU6$0$manual$manual$0,c5l1RFUyWc3vpOCnW1foJoqxA0IXwd,2022-11-23T06:30:00.000Z,-652.66982,
manual,1669173300000,18,manual,,,jE4F45yPZR2qzOdA4G8iCHxwdkQUU6$0$manual$manual$0,XcRwXRMQvZUK6xL45hbkhwucFrqjcM,2022-11-23T03:15:00.000Z,,
manual,1669159800000,18,manual,,,jE4F45yPZR2qzOdA4G8iCHxwdkQUU6$0$manual$manual$0,JCFj53Um9Yq93YM5nWbe1y6gcSApuy,2022-11-22T23:30:00.000Z,,
manual,1669143600000,19.1,manual,no bubbles.,,jE4F45yPZR2qzOdA4G8iCHxwdkQUU6$0$manual$manual$0,9taJaefQ5Nhb5KItnYOWQ9aaC2844A,2022-11-22T19:00:00.000Z,507.632082,
manual,1669129200000,19.6,manual,,,jE4F45yPZR2qzOdA4G8iCHxwdkQUU6$0$manual$manual$0,sLUhMdD4EJfTCNTyQFbnTVyVIcvlmA,2022-11-22T15:00:00.000Z,,
manual,1669114800000,20,manual,,,jE4F45yPZR2qzOdA4G8iCHxwdkQUU6$0$manual$manual$0,Kzrg9h1Gr5BmW8pn9rqLDPYQih0uJh,2022-11-22T11:00:00.000Z,,
manual,1669098600000,19,manual,no bubbles.,,jE4F45yPZR2qzOdA4G8iCHxwdkQUU6$0$manual$manual$0,GUFYj3qhSYsMikVgM1LmpaNz3pJ2Ah,2022-11-22T06:30:00.000Z,580.150951,
manual,1669086000000,19,manual,,,jE4F45yPZR2qzOdA4G8iCHxwdkQUU6$0$manual$manual$0,QBbpHxOfwZpQ2sNbI98OAEKLzSFkzl,2022-11-22T03:00:00.000Z,,
manual,1669071600000,19.9,manual,,,jE4F45yPZR2qzOdA4G8iCHxwdkQUU6$0$manual$manual$0,qYn2SBqq7eu7IHFLl3DErjymr6AdTB,2022-11-21T23:00:00.000Z,,
manual,1669057200000,20,manual,no bubbles.,,jE4F45yPZR2qzOdA4G8iCHxwdkQUU6$0$manual$manual$0,YvzCpDS9CULG6TbiG8LzJsycSdDCph,2022-11-21T19:00:00.000Z,652.66982,
manual,1669042800000,19.3,manual,no bubbles.,,jE4F45yPZR2qzOdA4G8iCHxwdkQUU6$0$manual$manual$0,i4fQBWQ0bhZzY9DMxjNTBIn1sgfVA7,2022-11-21T15:00:00.000Z,580.150951,
manual,1669028400000,19.1,manual,,,jE4F45yPZR2qzOdA4G8iCHxwdkQUU6$0$manual$manual$0,0kPXjSPeIEIqW7OQkzGXSntQhgiILv,2022-11-21T11:00:00.000Z,,
manual,1669014000000,20,manual,,,jE4F45yPZR2qzOdA4G8iCHxwdkQUU6$0$manual$manual$0,ZLlpD5otn7pZ9kwXrbQ8nnNLGqzDwO,2022-11-21T07:00:00.000Z,,
manual,1668999600000,19.8,manual,,,jE4F45yPZR2qzOdA4G8iCHxwdkQUU6$0$manual$manual$0,1y5qgmGzuXtPLBgsaf556vYZh4qqUy,2022-11-21T03:00:00.000Z,,
manual,1668985200000,19.1,manual,,,jE4F45yPZR2qzOdA4G8iCHxwdkQUU6$0$manual$manual$0,xfT4zPHKellqGZ1JHXNWusq1yO7hhR,2022-11-20T23:00:00.000Z,,
manual,1668970800000,19.3,manual,,,jE4F45yPZR2qzOdA4G8iCHxwdkQUU6$0$manual$manual$0,zg3b5XR02o2LdXlUGmrgFxalDXpxHs,2022-11-20T19:00:00.000Z,,
manual,1668956400000,19.8,manual,,,jE4F45yPZR2qzOdA4G8iCHxwdkQUU6$0$manual$manual$0,Y6doqljuxO5xXEUhUoRCQyWwN8SHWo,2022-11-20T15:00:00.000Z,,
manual,1668942000000,19.8,manual,,,jE4F45yPZR2qzOdA4G8iCHxwdkQUU6$0$manual$manual$0,Nd1Khc2lQwce3PdBGxAfvpllC10Pg2,2022-11-20T11:00:00.000Z,,
manual,1668927600000,19.2,manual,,,jE4F45yPZR2qzOdA4G8iCHxwdkQUU6$0$manual$manual$0,FQsQgg8M7TA10HvrCwy1LhBNXZNxMR,2022-11-20T07:00:00.000Z,,
manual,1668913200000,19,manual,,,jE4F45yPZR2qzOdA4G8iCHxwdkQUU6$0$manual$manual$0,mj5CmjzYQEuOTk1SQPVMOttPdHCkMr,2022-11-20T03:00:00.000Z,,
manual,1668898800000,19.7,manual,,,jE4F45yPZR2qzOdA4G8iCHxwdkQUU6$0$manual$manual$0,6R9v0NcGIYxJTOtwvYeC70c3izBNO6,2022-11-19T23:00:00.000Z,,
manual,1668884400000,20,manual,,,jE4F45yPZR2qzOdA4G8iCHxwdkQUU6$0$manual$manual$0,qUubgrc004jOzvVbyCGptOww4yH9iT,2022-11-19T19:00:00.000Z,,
manual,1668870000000,19.3,manual,,,jE4F45yPZR2qzOdA4G8iCHxwdkQUU6$0$manual$manual$0,GypY4kYtymiJ6I56gxLV5Bm71FKRa4,2022-11-19T15:00:00.000Z,,
manual,1668856500000,19,manual,,,jE4F45yPZR2qzOdA4G8iCHxwdkQUU6$0$manual$manual$0,B2JvdNgBDMFdQ4idIVpMQyFA7qp4sF,2022-11-19T11:15:00.000Z,,
manual,1668841200000,19.6,manual,,,jE4F45yPZR2qzOdA4G8iCHxwdkQUU6$0$manual$manual$0,bD9j8LGZgZbL4C9kotmm6wUYZ1STBS,2022-11-19T07:00:00.000Z,,
manual,1668826800000,20,manual,,,jE4F45yPZR2qzOdA4G8iCHxwdkQUU6$0$manual$manual$0,7oLA1AatI5kcVx9xDuVjLhAn4IQvwb,2022-11-19T03:00:00.000Z,,
manual,1668812400000,19.3,manual,,,jE4F45yPZR2qzOdA4G8iCHxwdkQUU6$0$manual$manual$0,O0nSrcwSVmp7RPZDmGGXAirib4DWcM,2022-11-18T23:00:00.000Z,,
manual,1668798000000,19.1,manual,,,jE4F45yPZR2qzOdA4G8iCHxwdkQUU6$0$manual$manual$0,q5wbyVn59HMJVQAieFgM13d1M8I7e6,2022-11-18T19:00:00.000Z,,
manual,1668783600000,19.6,manual,,,jE4F45yPZR2qzOdA4G8iCHxwdkQUU6$0$manual$manual$0,0j66OpWJNfLnCTeQuNyLLsvyFFOFYj,2022-11-18T15:00:00.000Z,,
manual,1668769200000,19.9,manual,,,jE4F45yPZR2qzOdA4G8iCHxwdkQUU6$0$manual$manual$0,PUvvPwmvJQlCx5srd6hnCADErsZCXi,2022-11-18T11:00:00.000Z,,
manual,1668754800000,19.9,manual,,,jE4F45yPZR2qzOdA4G8iCHxwdkQUU6$0$manual$manual$0,yCEMbHmirZlsdI621sLyUOWETnGqiA,2022-11-18T07:00:00.000Z,,
manual,1668740400000,19.1,manual,,,jE4F45yPZR2qzOdA4G8iCHxwdkQUU6$0$manual$manual$0,rA4QzW8Rr5SeKkuGoll8gRkcBsEnAb,2022-11-18T03:00:00.000Z,,
manual,1668726000000,19.4,manual,,,jE4F45yPZR2qzOdA4G8iCHxwdkQUU6$0$manual$manual$0,1W3FsL3ZgK4rB2iIFslUvqUOmEwEVu,2022-11-17T23:00:00.000Z,,
manual,1668711600000,19.7,manual,,,jE4F45yPZR2qzOdA4G8iCHxwdkQUU6$0$manual$manual$0,MSNgJjdZwzgHTe6hUEa6bHJd57avv2,2022-11-17T19:00:00.000Z,,
manual,1668697200000,20,manual,,,jE4F45yPZR2qzOdA4G8iCHxwdkQUU6$0$manual$manual$0,5ons9riNDwXmANV32jaqDwHpJM9cxp,2022-11-17T15:00:00.000Z,,
manual,1668690000000,18.1,manual,no bubbles.,,jE4F45yPZR2qzOdA4G8iCHxwdkQUU6$0$manual$manual$0,mD8kn7HEvzVuymmURK77JlVh97eDzu,2022-11-17T13:00:00.000Z,580.150951,
manual,1668664800000,18.2,manual,no bubbles.,,jE4F45yPZR2qzOdA4G8iCHxwdkQUU6$0$manual$manual$0,mRd8MuqBOJ7rDE6L5dVBo9BZx5OLrg,2022-11-17T06:00:00.000Z,652.66982,
manual,1668654000000,18.5,manual,,,jE4F45yPZR2qzOdA4G8iCHxwdkQUU6$0$manual$manual$0,6NmmE0epF6IhXTJ9iQ06cnBofT5p79,2022-11-17T03:00:00.000Z,,
manual,1668625200000,18.4,manual,no bubbles.,,jE4F45yPZR2qzOdA4G8iCHxwdkQUU6$0$manual$manual$0,QAC6rCr576P0M6mmhNUPWUcH4KhVl0,2022-11-16T19:00:00.000Z,580.150951,
manual,1668610800000,18.6,manual,,,jE4F45yPZR2qzOdA4G8iCHxwdkQUU6$0$manual$manual$0,5JUzs7hu1fci2pWXbUl5q874YgqhDB,2022-11-16T15:00:00.000Z,,
manual,1668596400000,18.8,manual,,,jE4F45yPZR2qzOdA4G8iCHxwdkQUU6$0$manual$manual$0,X8DqXTp3yoAPVfog6DmJQYrW6NkLnF,2022-11-16T11:00:00.000Z,,
manual,1668578400000,18.8,manual,no bubbles.,,jE4F45yPZR2qzOdA4G8iCHxwdkQUU6$0$manual$manual$0,rln01BJBt2IRvPEBRbA0pdaEEQDM98,2022-11-16T06:00:00.000Z,652.66982,
manual,1668547800000,18.1,manual,no bubbles.,,jE4F45yPZR2qzOdA4G8iCHxwdkQUU6$0$manual$manual$0,l9LNwLDInaYxt8hno5zNtDw40yY4tR,2022-11-15T21:30:00.000Z,580.150951,
manual,1668535200000,18.1,manual,no bubbles.,,jE4F45yPZR2qzOdA4G8iCHxwdkQUU6$0$manual$manual$0,SsNuqE6Uh0CidnyHKe23PufJWNKbmF,2022-11-15T18:00:00.000Z,580.150951,
manual,1668524400000,18.3,manual,,,jE4F45yPZR2qzOdA4G8iCHxwdkQUU6$0$manual$manual$0,y0V1pyonjbJdSTXCUfX8FlkNqDTrRs,2022-11-15T15:00:00.000Z,,
manual,1668510000000,18,manual,,,jE4F45yPZR2qzOdA4G8iCHxwdkQUU6$0$manual$manual$0,rV1DhoIcPAvcysnozt6wQV48JdL4rX,2022-11-15T11:00:00.000Z,,
manual,1668493800000,18.8,manual,no bubbles.,,jE4F45yPZR2qzOdA4G8iCHxwdkQUU6$0$manual$manual$0,rbRm4yUt69gBMlJtZGAtsmAQYnwKPf,2022-11-15T06:30:00.000Z,580.150951,
manual,1668474000000,18.3,manual,,,jE4F45yPZR2qzOdA4G8iCHxwdkQUU6$0$manual$manual$0,4yc8aIqXPdwLx7pSDQ4ETu9HmQNLmX,2022-11-15T01:00:00.000Z,,
manual,1668454200000,18.1,manual,no bubbles.,,jE4F45yPZR2qzOdA4G8iCHxwdkQUU6$0$manual$manual$0,XcPiHLrfZxBEf48IWt7dXkHTUEFtNX,2022-11-14T19:30:00.000Z,580.150951,
manual,1668440700000,18.2,manual,no bubbles.,,jE4F45yPZR2qzOdA4G8iCHxwdkQUU6$0$manual$manual$0,9tIXQ9T39xXP6kNWStY7qwBVkUNyIj,2022-11-14T15:45:00.000Z,580.150951,
manual,1668426300000,18.7,manual,no bubbles.,,jE4F45yPZR2qzOdA4G8iCHxwdkQUU6$0$manual$manual$0,sAz7gqHyQ9MOQ3vyVP2h8mw454CB5C,2022-11-14T11:45:00.000Z,652.66982,
manual,1668409200000,18.3,manual,no bubbles.,,jE4F45yPZR2qzOdA4G8iCHxwdkQUU6$0$manual$manual$0,khT9FPgujviZq6WDfsm9Y8KvB02gSX,2022-11-14T07:00:00.000Z,652.66982,
manual,1668394800000,18.2,manual,,,jE4F45yPZR2qzOdA4G8iCHxwdkQUU6$0$manual$manual$0,v5sCn13uCqfleZazNn4HuqdnfrjN2g,2022-11-14T03:00:00.000Z,,
manual,1668380400000,18.7,manual,,,jE4F45yPZR2qzOdA4G8iCHxwdkQUU6$0$manual$manual$0,N6EvAW7VPRzv4btglRK8UHlK9gcMkU,2022-11-13T23:00:00.000Z,,
manual,1668375000000,18.8,manual,no bubbles.,,jE4F45yPZR2qzOdA4G8iCHxwdkQUU6$0$manual$manual$0,5OFZ3YJxmuYpmkpxJLqlbRs4IWfQz2,2022-11-13T21:30:00.000Z,652.66982,
manual,1668358800000,18,manual,no bubbles.,,jE4F45yPZR2qzOdA4G8iCHxwdkQUU6$0$manual$manual$0,SSuVzrJhUpozLWCPYcE9xSyWXZDgaV,2022-11-13T17:00:00.000Z,580.150951,
manual,1668351600000,19,manual,,,jE4F45yPZR2qzOdA4G8iCHxwdkQUU6$0$manual$manual$0,FdQ3Vmx3wDC5UmH8mIzykXxhGVNid2,2022-11-13T15:00:00.000Z,,
manual,1668337200000,19,manual,,,jE4F45yPZR2qzOdA4G8iCHxwdkQUU6$0$manual$manual$0,4RWIkQzg1OoYcm6quk20AzCCYFlaR8,2022-11-13T11:00:00.000Z,,
manual,1668322800000,18.3,manual,no bubbles.,,jE4F45yPZR2qzOdA4G8iCHxwdkQUU6$0$manual$manual$0,SBe6WJP1uBpwnVaRxnp4kGEbALF7DP,2022-11-13T07:00:00.000Z,652.66982,
manual,1668308400000,18.3,manual,,,jE4F45yPZR2qzOdA4G8iCHxwdkQUU6$0$manual$manual$0,A0eiptWXiVUcLa97xnWpLD59jbgoPT,2022-11-13T03:00:00.000Z,,
manual,1668294000000,18.9,manual,,,jE4F45yPZR2qzOdA4G8iCHxwdkQUU6$0$manual$manual$0,28yToD78QCSZ7pkL1s89xFpS4vXfXB,2022-11-12T23:00:00.000Z,,
manual,1668281400000,19,manual,no bubbles.,,jE4F45yPZR2qzOdA4G8iCHxwdkQUU6$0$manual$manual$0,Gl5CF0vOiHQHkz76I9GhALyfbqdY64,2022-11-12T19:30:00.000Z,710.684915,
manual,1668265200000,18.2,manual,no bubbles.,,jE4F45yPZR2qzOdA4G8iCHxwdkQUU6$0$manual$manual$0,RcnbSEXJbkyND1BdaErYE8TML3L5dt,2022-11-12T15:00:00.000Z,652.66982,
manual,1668250800000,18.3,manual,,,jE4F45yPZR2qzOdA4G8iCHxwdkQUU6$0$manual$manual$0,9CSJfuo6DvTDeGsQ9aHTr4A7YtG6CO,2022-11-12T11:00:00.000Z,,
manual,1668243600000,18.3,manual,no bubbles.,,jE4F45yPZR2qzOdA4G8iCHxwdkQUU6$0$manual$manual$0,B2F7yocBz5SGH0gExUpwYHypWLHzKC,2022-11-12T09:00:00.000Z,652.66982,
manual,1668236400000,18.9,manual,,,jE4F45yPZR2qzOdA4G8iCHxwdkQUU6$0$manual$manual$0,RTppvrr4MXC5dJd6e06qOaEqaZcwnj,2022-11-12T07:00:00.000Z,,
manual,1668222000000,18.2,manual,,,jE4F45yPZR2qzOdA4G8iCHxwdkQUU6$0$manual$manual$0,ji6S61XL1JTwIqXmlEIzs9QbaApzGt,2022-11-12T03:00:00.000Z,,
manual,1668207600000,18.5,manual,,,jE4F45yPZR2qzOdA4G8iCHxwdkQUU6$0$manual$manual$0,c2MyjbUkFWWIsP9zFh0pZvoKNij33r,2022-11-11T23:00:00.000Z,,
manual,1668193200000,19,manual,,,jE4F45yPZR2qzOdA4G8iCHxwdkQUU6$0$manual$manual$0,Ic6IRIkhdmHxLVQ74gIxURCREJ1x8b,2022-11-11T19:00:00.000Z,,
manual,1668186000000,18.4,manual,no bubbles.,,jE4F45yPZR2qzOdA4G8iCHxwdkQUU6$0$manual$manual$0,ykjBZYIGFifvyDdk2hGdgJk1FItbZv,2022-11-11T17:00:00.000Z,580.150951,
manual,1668173400000,18.7,manual,no bubbles.,,jE4F45yPZR2qzOdA4G8iCHxwdkQUU6$0$manual$manual$0,7zpaaanfiRM49PVjOOfpRPOgZ7UYsh,2022-11-11T13:30:00.000Z,580.150951,
manual,1668146400000,18.7,manual,no bubbles.,,jE4F45yPZR2qzOdA4G8iCHxwdkQUU6$0$manual$manual$0,IEWbenYpNIcaQ0Vfpn3T3lkps7GcxY,2022-11-11T06:00:00.000Z,652.66982,
manual,1668135600000,19,manual,,,jE4F45yPZR2qzOdA4G8iCHxwdkQUU6$0$manual$manual$0,ktLadUA8MElpm9M2UysIDtFFaKjEwf,2022-11-11T03:00:00.000Z,,
manual,1668121200000,18.6,manual,,,jE4F45yPZR2qzOdA4G8iCHxwdkQUU6$0$manual$manual$0,DM86iHHcF0zFnspIppPrIiFShWVe9s,2022-11-10T23:00:00.000Z,,
manual,1668115800000,18.5,manual,no bubbles.,,jE4F45yPZR2qzOdA4G8iCHxwdkQUU6$0$manual$manual$0,uGOt4PltpoMtxZUYNdo8j0Tyn6xZIs,2022-11-10T21:30:00.000Z,652.66982,
manual,1668103200000,16.4,manual,no bubbles.,,jE4F45yPZR2qzOdA4G8iCHxwdkQUU6$0$manual$manual$0,oQRpqIBEDwB1gzoNg92dvKd40oVvQW,2022-11-10T18:00:00.000Z,652.66982,
manual,1668092400000,17,manual,,,jE4F45yPZR2qzOdA4G8iCHxwdkQUU6$0$manual$manual$0,jIMZ7HQbC5cmzDUfCmAjk31mTdP4Ed,2022-11-10T15:00:00.000Z,,
manual,1668078000000,16.8,manual,,,jE4F45yPZR2qzOdA4G8iCHxwdkQUU6$0$manual$manual$0,mUun558uqz64mOIAoFnxthEpMfntbh,2022-11-10T11:00:00.000Z,,
manual,1668063600000,16.6,manual,no bubbles.,,jE4F45yPZR2qzOdA4G8iCHxwdkQUU6$0$manual$manual$0,Iv6utRRkhaRrc7xWmbepE61AIZJM7A,2022-11-10T07:00:00.000Z,652.66982,
manual,1668049200000,16.3,manual,,,jE4F45yPZR2qzOdA4G8iCHxwdkQUU6$0$manual$manual$0,6hYlLNiOOQNr6U9tonYZbADhtqh5QY,2022-11-10T03:00:00.000Z,,
manual,1668034800000,16.1,manual,two bubbles.,,jE4F45yPZR2qzOdA4G8iCHxwdkQUU6$0$manual$manual$0,d4ZvTM5imnsRJlEofjyIisabxKFTH1,2022-11-09T23:00:00.000Z,725.188689,
manual,1668018600000,16.7,manual,many bubbles.,,jE4F45yPZR2qzOdA4G8iCHxwdkQUU6$0$manual$manual$0,hqS4jGLqoUCKhsu6w21hIABmeXji8P,2022-11-09T18:30:00.000Z,725.188689,
manual,1668006000000,16.7,manual,,,jE4F45yPZR2qzOdA4G8iCHxwdkQUU6$0$manual$manual$0,AP2Vk6We3nxaAKkRSZw3TDqmFTQqKi,2022-11-09T15:00:00.000Z,,
manual,1667991600000,16.6,manual,,,jE4F45yPZR2qzOdA4G8iCHxwdkQUU6$0$manual$manual$0,2sJGPugQuvfHC19boIYZyxEr8GV6sm,2022-11-09T11:00:00.000Z,,
manual,1667977200000,16.2,manual,many bubbles.,,jE4F45yPZR2qzOdA4G8iCHxwdkQUU6$0$manual$manual$0,wROOec5Jjl8pqAtC4VKksDDfF2BywC,2022-11-09T07:00:00.000Z,725.188689,
manual,1667971800000,16.2,manual,,,jE4F45yPZR2qzOdA4G8iCHxwdkQUU6$0$manual$manual$0,VpjDccuAXpSzCi6SHhW13I6qLP4EbD,2022-11-09T05:30:00.000Z,,
manual,1667952000000,16.3,manual,,,jE4F45yPZR2qzOdA4G8iCHxwdkQUU6$0$manual$manual$0,rQ1riONG8M1QEtAuZGiRh2htkyJojI,2022-11-09T00:00:00.000Z,,
manual,1667934000000,16.7,manual,many bubbles.,,jE4F45yPZR2qzOdA4G8iCHxwdkQUU6$0$manual$manual$0,j937L11MvqC1fXaiQizqENYpGH8Ntn,2022-11-08T19:00:00.000Z,725.188689,
manual,1667919600000,15.9,manual,many bubbles.,,jE4F45yPZR2qzOdA4G8iCHxwdkQUU6$0$manual$manual$0,gBJ4r7wgVN7K3jeXGcBZXdusrXfZ7s,2022-11-08T15:00:00.000Z,725.188689,
manual,1667905200000,16.4,manual,one bubble.,,jE4F45yPZR2qzOdA4G8iCHxwdkQUU6$0$manual$manual$0,aX4WjXPNKB9ibklQkUkgCi2q90qQ5f,2022-11-08T11:00:00.000Z,725.188689,
manual,1667890800000,16.2,manual,no bubbles.,,jE4F45yPZR2qzOdA4G8iCHxwdkQUU6$0$manual$manual$0,CIp2MZN8gpKYcGgk5421tBv62nKzhX,2022-11-08T07:00:00.000Z,652.66982,
manual,1667876400000,16.1,manual,,,jE4F45yPZR2qzOdA4G8iCHxwdkQUU6$0$manual$manual$0,HhD4XvXMWoY9LMgLuAqM3vOyyVYRZE,2022-11-08T03:00:00.000Z,,
manual,1667862000000,16.1,manual,,,jE4F45yPZR2qzOdA4G8iCHxwdkQUU6$0$manual$manual$0,cDovA4rb3HfogUtSmbwYMahKW1mgdh,2022-11-07T23:00:00.000Z,,
manual,1667845800000,18.7,manual,,,jE4F45yPZR2qzOdA4G8iCHxwdkQUU6$0$manual$manual$0,KygLxGnFkn87f8kGlC1W2YPmsXOwDf,2022-11-07T18:30:00.000Z,0.145038,