temp,time,type,comment,id,sg,__acc_reading_doc_id,__acc_reading_data_id,timepoint,ph,pressure
16.5,1619990111110,manual,,manual,,iZrIJAf5RTwZYDQweya2G0qVpRoHr0$0$manual$manual$0,CIszKrrD3iVxJXgzRSr6fsyqanX5OB,2021-05-02T21:15:11.110Z
17.3,1619971972565,manual,,manual,,iZrIJAf5RTwZYDQweya2G0qVpRoHr0$0$manual$manual$0,QVuWWnjedb81Rfk3hiKYoqfszESDr4,2021-05-02T16:12:52.565Z
16.2,1619939847842,manual,,manual,,iZrIJAf5RTwZYDQweya2G0qVpRoHr0$0$manual$manual$0,hk7QQ1ZaTcT99mOFO1150vmyKZn4yC,2021-05-02T07:17:27.842Z
16.9,1619905136145,manual,,manual,,iZrIJAf5RTwZYDQweya2G0qVpRoHr0$0$manual$manual$0,fS5chTlqz8uckdsnsSXZglyvOocQhM,2021-05-01T21:38:56.145Z
16.9,1619885081299,manual,,manual,,iZrIJAf5RTwZYDQweya2G0qVpRoHr0$0$manual$manual$0,Eq13UfPPAuQ9CvnUYY6PBIrnvBoxN9,2021-05-01T16:04:41.299Z
16.6,1619860107975,manual,,manual,,iZrIJAf5RTwZYDQweya2G0qVpRoHr0$0$manual$manual$0,Ns9mQU0myxLxSQlZBPzBbJaOUXvWOm,2021-05-01T09:08:27.975Z
16.6,1619809661038,manual,,manual,,iZrIJAf5RTwZYDQweya2G0qVpRoHr0$0$manual$manual$0,r0lif3m0IZbNo2AdBIfKltu7u7BMmX,2021-04-30T19:07:41.038Z
16.5,1619778282051,manual,,manual,,iZrIJAf5RTwZYDQweya2G0qVpRoHr0$0$manual$manual$0,HkbQxbaHX3n0atlID1iNW8BvZWcBJw,2021-04-30T10:24:42.051Z
16.4,1619762801841,manual,,manual,,iZrIJAf5RTwZYDQweya2G0qVpRoHr0$0$manual$manual$0,PBwvCljPyMivCfU3zqAAFsX3rCpbWp,2021-04-30T06:06:41.841Z
16.4,1619733346682,manual,,manual,,iZrIJAf5RTwZYDQweya2G0qVpRoHr0$0$manual$manual$0,RPXAR0Sj8KEz36EpGtwofGUiw5T2rM,2021-04-29T21:55:46.682Z
16.5,1619708905080,manual,,manual,,iZrIJAf5RTwZYDQweya2G0qVpRoHr0$0$manual$manual$0,NFVuHoYZMeDl84RlqghBbTyc3eOcxc,2021-04-29T15:08:25.080Z
16.4,1619682315570,manual,,manual,NaN,iZrIJAf5RTwZYDQweya2G0qVpRoHr0$0$manual$manual$0,e1jPTHsTS812Qn7vJl0REjjKnUf1f2,2021-04-29T07:45:15.570Z,NaN
16.3,1619645085962,manual,,manual,,iZrIJAf5RTwZYDQweya2G0qVpRoHr0$0$manual$manual$0,owal5W5d18Nw7hdtZ9vPkFdkYolz0M,2021-04-28T21:24:45.962Z,
16.4,1619610333895,manual,,manual,,iZrIJAf5RTwZYDQweya2G0qVpRoHr0$0$manual$manual$0,aNXFZ3vpP7DddDNWBX2RakY7fDBptQ,2021-04-28T11:45:33.895Z,
16.3,1619590728797,manual,,manual,,iZrIJAf5RTwZYDQweya2G0qVpRoHr0$0$manual$manual$0,iHFNpAtSADFLZSbWzMLsKL1CYdNZzj,2021-04-28T06:18:48.797Z,
16.2,1619555918829,manual,,manual,,iZrIJAf5RTwZYDQweya2G0qVpRoHr0$0$manual$manual$0,1R3BlxSIsQv6PQp04TRoYrcvCb1kyL,2021-04-27T20:38:38.829Z,
16.7,1619529937165,manual,,manual,,iZrIJAf5RTwZYDQweya2G0qVpRoHr0$0$manual$manual$0,gmkEUPqMC3NfI46R1z30eDuZeFsmOP,2021-04-27T13:25:37.165Z,
16.7,1619507345154,manual,,manual,,iZrIJAf5RTwZYDQweya2G0qVpRoHr0$0$manual$manual$0,CzQi7PHUW6cuTWj9qnToE5qvciDTtd,2021-04-27T07:09:05.154Z,
16.4,1619473200960,manual,,manual,,iZrIJAf5RTwZYDQweya2G0qVpRoHr0$0$manual$manual$0,hxpnXKmmuLGVvs6Wl3BEXH5kvHIty8,2021-04-26T21:40:00.960Z,
16,1619455750171,manual,,manual,,iZrIJAf5RTwZYDQweya2G0qVpRoHr0$0$manual$manual$0,t6geCuiOsR4WbYGwJQ9B2HeW4p6MlD,2021-04-26T16:49:10.171Z,
16.9,1619434315704,manual,,manual,,iZrIJAf5RTwZYDQweya2G0qVpRoHr0$0$manual$manual$0,hkymwORSSPRgRIhdXXvIecZZ0xqcvF,2021-04-26T10:51:55.704Z,
16.7,1619418513175,manual,,manual,,iZrIJAf5RTwZYDQweya2G0qVpRoHr0$0$manual$manual$0,wUWJi8itVeJlMDDPB9bspn7ALgaYmb,2021-04-26T06:28:33.175Z,
16.9,1619387114456,manual,,manual,,iZrIJAf5RTwZYDQweya2G0qVpRoHr0$0$manual$manual$0,t3ZPEmKKQ0UIjffMDSoJXvzeupvPod,2021-04-25T21:45:14.456Z,
16.7,1619372097365,manual,,manual,,iZrIJAf5RTwZYDQweya2G0qVpRoHr0$0$manual$manual$0,TF866tXLF8m5GQrfQceOOMy79zmUSn,2021-04-25T17:34:57.365Z,
16.2,1619346447477,manual,,manual,,iZrIJAf5RTwZYDQweya2G0qVpRoHr0$0$manual$manual$0,h7U4QbjhadBbg13SmhTsofMZAMRcmf,2021-04-25T10:27:27.477Z,
16.4,1619334146480,manual,,manual,,iZrIJAf5RTwZYDQweya2G0qVpRoHr0$0$manual$manual$0,UFoh1I5AIWNEvgFfmEgLGzmSjYOVDA,2021-04-25T07:02:26.480Z,
16.4,1619268025126,manual,,manual,,iZrIJAf5RTwZYDQweya2G0qVpRoHr0$0$manual$manual$0,dbdu67i0vK8dP9qYvtA5WlUv9Simjp,2021-04-24T12:40:25.126Z,
16.3,1619251921079,manual,,manual,,iZrIJAf5RTwZYDQweya2G0qVpRoHr0$0$manual$manual$0,r4ssol0AnkqNJcxdaJFiLIkch1piuZ,2021-04-24T08:12:01.079Z,
16.6,1619210861992,manual,,manual,,iZrIJAf5RTwZYDQweya2G0qVpRoHr0$0$manual$manual$0,OC0Gs4oZxi0g27cOZGCSV3BgSb8zTU,2021-04-23T20:47:41.992Z,
16.7,1619196905790,manual,,manual,,iZrIJAf5RTwZYDQweya2G0qVpRoHr0$0$manual$manual$0,SlueKeWrZyKiAtSCh2lhzxgVIZ6kWZ,2021-04-23T16:55:05.790Z,
16.7,1619174667703,manual,,manual,,iZrIJAf5RTwZYDQweya2G0qVpRoHr0$0$manual$manual$0,AckRgu9lj1XBq9kuHU1TSHVQegR9Gw,2021-04-23T10:44:27.703Z,
16.6,1619150301635,manual,,manual,,iZrIJAf5RTwZYDQweya2G0qVpRoHr0$0$manual$manual$0,FDUjJueAGn5artdD6A9qobd0uZj7xT,2021-04-23T03:58:21.635Z,
16.2,1619125308918,manual,,manual,,iZrIJAf5RTwZYDQweya2G0qVpRoHr0$0$manual$manual$0,g1H5cCs3gfOBJ10tk4G3latjKG772d,2021-04-22T21:01:48.918Z,
16.1,1619104631917,manual,,manual,,iZrIJAf5RTwZYDQweya2G0qVpRoHr0$0$manual$manual$0,ZPhzwozVkOixGXRc4hWfUVAIhMisWa,2021-04-22T15:17:11.917Z,
16.9,1619088840019,manual,,manual,,iZrIJAf5RTwZYDQweya2G0qVpRoHr0$0$manual$manual$0,ALTWUOlacrY6vqn95LFhEoVUfOwdec,2021-04-22T10:54:00.019Z,
16.7,1619026524648,manual,,manual,,iZrIJAf5RTwZYDQweya2G0qVpRoHr0$0$manual$manual$0,qKsBIpqTcPo7TMMOjTWhRNp23ecbpz,2021-04-21T17:35:24.648Z,
16.1,1619000740757,manual,,manual,,iZrIJAf5RTwZYDQweya2G0qVpRoHr0$0$manual$manual$0,faNiLpVVm5DbF2QNfrgdEnMfjryERY,2021-04-21T10:25:40.757Z,
16.9,1618976913974,manual,,manual,,iZrIJAf5RTwZYDQweya2G0qVpRoHr0$0$manual$manual$0,S7kKYn0z5xfm5EHqDGXsv1yJAx1eaX,2021-04-21T03:48:33.974Z,
16,1618950013246,manual,,manual,,iZrIJAf5RTwZYDQweya2G0qVpRoHr0$0$manual$manual$0,3cP1KMTVUOKmsddlHPwzAxcuEkOU96,2021-04-20T20:20:13.246Z,
16.7,1618938175017,manual,,manual,,iZrIJAf5RTwZYDQweya2G0qVpRoHr0$0$manual$manual$0,D5GZy1kKc5vH0vxdEqRiBjixPoP3LC,2021-04-20T17:02:55.017Z,
16.1,1618915475702,manual,,manual,,iZrIJAf5RTwZYDQweya2G0qVpRoHr0$0$manual$manual$0,Hp9VPXTXh1FheTuSUi67WEj3oENz9f,2021-04-20T10:44:35.702Z,
16.7,1618897771267,manual,,manual,,iZrIJAf5RTwZYDQweya2G0qVpRoHr0$0$manual$manual$0,M5jUAAPNAvW9eUmCxka4iHiGkHxzzg,2021-04-20T05:49:31.267Z,
16.7,1618866577896,manual,,manual,,iZrIJAf5RTwZYDQweya2G0qVpRoHr0$0$manual$manual$0,WHArVSmIDc8vCgD9Uf5AbhHF9ZaBda,2021-04-19T21:09:37.896Z,
16.3,1618850747319,manual,,manual,,iZrIJAf5RTwZYDQweya2G0qVpRoHr0$0$manual$manual$0,g6SwMsDrHhYZBsiXtv6hNAAI1RCJab,2021-04-19T16:45:47.319Z,
15.4,1618831681228,manual,,manual,,iZrIJAf5RTwZYDQweya2G0qVpRoHr0$0$manual$manual$0,fXa3j95c3WNBjOwDdGxJ7uUKOfnhbX,2021-04-19T11:28:01.228Z,
15.2,1618813543719,manual,,manual,,iZrIJAf5RTwZYDQweya2G0qVpRoHr0$0$manual$manual$0,SMTiCfyrQTTE26vObLdPuZqAGYSzW3,2021-04-19T06:25:43.719Z,
15.7,1618765032096,manual,,manual,,iZrIJAf5RTwZYDQweya2G0qVpRoHr0$0$manual$manual$0,mU52rZErRJ5fyJemdetyvltrrIMjCF,2021-04-18T16:57:12.096Z,
15.9,1618748707226,manual,,manual,,iZrIJAf5RTwZYDQweya2G0qVpRoHr0$0$manual$manual$0,R1K0GDpkYeOZUyRtx9I1EA0ctrI0Qo,2021-04-18T12:25:07.226Z,
15.1,1618733594405,manual,,manual,,iZrIJAf5RTwZYDQweya2G0qVpRoHr0$0$manual$manual$0,2KNRGWsWzSLhuLkOlgaXP3DZ4wS9zu,2021-04-18T08:13:14.405Z,
15.9,1618698496432,manual,,manual,,iZrIJAf5RTwZYDQweya2G0qVpRoHr0$0$manual$manual$0,VJP88FrDpPzOTKacBxMSl5oxTP8mXX,2021-04-17T22:28:16.432Z,
15,1618666245979,manual,,manual,,iZrIJAf5RTwZYDQweya2G0qVpRoHr0$0$manual$manual$0,UDlio6MHwvZ4zgBDRO24gtGHVcWGhu,2021-04-17T13:30:45.979Z,
15.7,1618643474544,manual,,manual,,iZrIJAf5RTwZYDQweya2G0qVpRoHr0$0$manual$manual$0,ByC9C8XLDAVD4NuqqMfK9nskx5a1uH,2021-04-17T07:11:14.544Z,
15.3,1618594551532,manual,,manual,,iZrIJAf5RTwZYDQweya2G0qVpRoHr0$0$manual$manual$0,7sYHTCFG5qzZxlWwxNbqek6heI5T2n,2021-04-16T17:35:51.532Z,
15.6,1618569651540,manual,,manual,NaN,iZrIJAf5RTwZYDQweya2G0qVpRoHr0$0$manual$manual$0,inOVIGDqLhqNm9bO2tS5x8WCrG411N,2021-04-16T10:40:51.540Z,NaN,
15.7,1618554300000,manual,,manual,,iZrIJAf5RTwZYDQweya2G0qVpRoHr0$0$manual$manual$0,kVG8nxgTLKXxiBhpTMcjyMMrwQvMrL,2021-04-16T06:25:00.000Z,,
15.9,1618521499213,manual,,manual,,iZrIJAf5RTwZYDQweya2G0qVpRoHr0$0$manual$manual$0,XP8Sq8qVWwndbCmcRanOgPrIHbjvdY,2021-04-15T21:18:19.213Z,,
15.6,1618494600000,manual,,manual,,iZrIJAf5RTwZYDQweya2G0qVpRoHr0$0$manual$manual$0,69VlzIobp6hWhmY7SqTSl0LuH8jOLu,2021-04-15T13:50:00.000Z,,
15.7,1618463655140,manual,,manual,,iZrIJAf5RTwZYDQweya2G0qVpRoHr0$0$manual$manual$0,zojG5cPdTezG5bw4vjs9LNXwvMqoCk,2021-04-15T05:14:15.140Z,,
15.9,1618436345597,manual,,manual,,iZrIJAf5RTwZYDQweya2G0qVpRoHr0$0$manual$manual$0,MTHJpKuZK7keQPq0vcUmSnpD30DoI8,2021-04-14T21:39:05.597Z,,
15.4,1618380809108,manual,,manual,,iZrIJAf5RTwZYDQweya2G0qVpRoHr0$0$manual$manual$0,4IH9LDHcwB5NFcMKUrOAlJZ5xqsEbl,2021-04-14T06:13:29.108Z,,
15.2,1618341813621,manual,,manual,,iZrIJAf5RTwZYDQweya2G0qVpRoHr0$0$manual$manual$0,hXQVirmFJUzd391oMZ1rItcUAsqOgl,2021-04-13T19:23:33.621Z,,
15.9,1618308782760,manual,,manual,,iZrIJAf5RTwZYDQweya2G0qVpRoHr0$0$manual$manual$0,GyDAQRtXxtTjtvRfp8ZTwyvN5AkzQC,2021-04-13T10:13:02.760Z,,
15.4,1618293354663,manual,,manual,,iZrIJAf5RTwZYDQweya2G0qVpRoHr0$0$manual$manual$0,1ruwt6wcFNWQM2TcaiEfzr4xyqAQ9U,2021-04-13T05:55:54.663Z,,
15.7,1618260812702,manual,,manual,,iZrIJAf5RTwZYDQweya2G0qVpRoHr0$0$manual$manual$0,ACf2qqntpXJ2XBTDR7tN7mFMoRSslC,2021-04-12T20:53:32.702Z,,
15.7,1618242201707,manual,,manual,,iZrIJAf5RTwZYDQweya2G0qVpRoHr0$0$manual$manual$0,09lZcg0Z0kWJV7RjgDn2P8cbhbQWOg,2021-04-12T15:43:21.707Z,,
15.6,1618227849609,manual,,manual,,iZrIJAf5RTwZYDQweya2G0qVpRoHr0$0$manual$manual$0,mrrj53oikolsYwPYo7hDXEfvQANOYw,2021-04-12T11:44:09.609Z,,
15.2,1618207610595,manual,,manual,,iZrIJAf5RTwZYDQweya2G0qVpRoHr0$0$manual$manual$0,4MXqwrKZYDRLzuJn61qhs9JMeRohuY,2021-04-12T06:06:50.595Z,,
15.3,1618168356476,manual,,manual,,iZrIJAf5RTwZYDQweya2G0qVpRoHr0$0$manual$manual$0,ssZaGvSDXj5RiYvu3o0oL8G9uJTX5q,2021-04-11T19:12:36.476Z,,
15.6,1618140658884,manual,,manual,,iZrIJAf5RTwZYDQweya2G0qVpRoHr0$0$manual$manual$0,lkIj0l1nYjzQFwPprBR8uCFrOmU9JJ,2021-04-11T11:30:58.884Z,,
15.7,1618126512739,manual,,manual,,iZrIJAf5RTwZYDQweya2G0qVpRoHr0$0$manual$manual$0,DlzkhHMYDjMrlZ7mmk6NYGAikCTUGh,2021-04-11T07:35:12.739Z,,
15,1618083586686,manual,,manual,,iZrIJAf5RTwZYDQweya2G0qVpRoHr0$0$manual$manual$0,c3dSlqYy6ipyPLmWAwQSUh1IbICJsS,2021-04-10T19:39:46.686Z,,
15.8,1618062877977,manual,,manual,,iZrIJAf5RTwZYDQweya2G0qVpRoHr0$0$manual$manual$0,E6WXXRv86EIlAgwJr85v0L5GTrabCw,2021-04-10T13:54:37.977Z,,
15.7,1618040190721,manual,,manual,,iZrIJAf5RTwZYDQweya2G0qVpRoHr0$0$manual$manual$0,OhcmIWV3UFVcUWc5U9peAiGF6Tgep3,2021-04-10T07:36:30.721Z,,
15.2,1617996744932,manual,,manual,,iZrIJAf5RTwZYDQweya2G0qVpRoHr0$0$manual$manual$0,BV4PavU1qiSv4XfeyJYNR1pQFrkIBC,2021-04-09T19:32:24.932Z,,
15.5,1617970917676,manual,,manual,,iZrIJAf5RTwZYDQweya2G0qVpRoHr0$0$manual$manual$0,EnLmw0NwFl6VEklTSqkjOpw1UqtdaX,2021-04-09T12:21:57.676Z,,
15.4,1617945961804,manual,,manual,,iZrIJAf5RTwZYDQweya2G0qVpRoHr0$0$manual$manual$0,YTaD8Hzk3lvhJ2oqmtyhKGEstd1Qgi,2021-04-09T05:26:01.804Z,,
15.5,1617916698743,manual,,manual,,iZrIJAf5RTwZYDQweya2G0qVpRoHr0$0$manual$manual$0,CfeF4Y1lhaufbHJzmEnWaQWlqNJFAO,2021-04-08T21:18:18.743Z,,
15.5,1617904190306,manual,,manual,,iZrIJAf5RTwZYDQweya2G0qVpRoHr0$0$manual$manual$0,OmfaXZvoN6ngcyGNzLdFkud1rWV7o6,2021-04-08T17:49:50.306Z,,
15.9,1617879292925,manual,,manual,,iZrIJAf5RTwZYDQweya2G0qVpRoHr0$0$manual$manual$0,mytJhQhaDw9xexv2vC9tWvRebBLQ9z,2021-04-08T10:54:52.925Z,,
15.5,1617826719446,manual,,manual,,iZrIJAf5RTwZYDQweya2G0qVpRoHr0$0$manual$manual$0,8rG5w6D9IcFje3pLVZpMuAi9BCYNmM,2021-04-07T20:18:39.446Z,,
15.4,1617799815695,manual,,manual,,iZrIJAf5RTwZYDQweya2G0qVpRoHr0$0$manual$manual$0,qSNm5qP2QWAxeVcbDFFmMSjEGngVvs,2021-04-07T12:50:15.695Z,,
15.4,1617780181557,manual,,manual,,iZrIJAf5RTwZYDQweya2G0qVpRoHr0$0$manual$manual$0,v0Q0jl7lNEgXMGmIkHzH1j4Rg45Xxn,2021-04-07T07:23:01.557Z,,
15.7,1617714189840,manual,,manual,,iZrIJAf5RTwZYDQweya2G0qVpRoHr0$0$manual$manual$0,EnUK9d2EdtkOquNNTOmVonokX0zmu0,2021-04-06T13:03:09.840Z,,
16.7,1617687652402,manual,,manual,,iZrIJAf5RTwZYDQweya2G0qVpRoHr0$0$manual$manual$0,WwGDgCOVBIC3riVbCpREJRrViYs1VM,2021-04-06T05:40:52.402Z,,
16.5,1617657206266,manual,,manual,,iZrIJAf5RTwZYDQweya2G0qVpRoHr0$0$manual$manual$0,D74YE1jaFnkHmHPk1Yfnc6H1doeQKF,2021-04-05T21:13:26.266Z,,
16.7,1617631595697,manual,,manual,,iZrIJAf5RTwZYDQweya2G0qVpRoHr0$0$manual$manual$0,TbB8CE75KvL7WIjqmWfkai7XjX65OQ,2021-04-05T14:06:35.697Z,,
16.9,1617604998572,manual,,manual,,iZrIJAf5RTwZYDQweya2G0qVpRoHr0$0$manual$manual$0,GVwmr4e6wHXflRnEkRSGK8BqxoDJKq,2021-04-05T06:43:18.572Z,,
16.5,1617566269983,manual,,manual,,iZrIJAf5RTwZYDQweya2G0qVpRoHr0$0$manual$manual$0,nhNwoV8bmkr1DFPSWlZdUF9THsgFuQ,2021-04-04T19:57:49.983Z,,
16.7,1617547338330,manual,,manual,,iZrIJAf5RTwZYDQweya2G0qVpRoHr0$0$manual$manual$0,6nNTlZLcEFg9RUFbFe44b8fQuRw46h,2021-04-04T14:42:18.330Z,,
16.7,1617523138515,manual,,manual,,iZrIJAf5RTwZYDQweya2G0qVpRoHr0$0$manual$manual$0,YHWTdxyaEknYfi4cdVKgwn3XOtGFwK,2021-04-04T07:58:58.515Z,,
16.7,1617475701593,manual,,manual,,iZrIJAf5RTwZYDQweya2G0qVpRoHr0$0$manual$manual$0,DucUO6RgTk6Qt1P7FLkaX5HMvMzLEO,2021-04-03T18:48:21.593Z,,
16.1,1617459031022,manual,,manual,,iZrIJAf5RTwZYDQweya2G0qVpRoHr0$0$manual$manual$0,MrCzZfnN0eIOjNaE9vC1CLqTD0hpOv,2021-04-03T14:10:31.022Z,,
20,1617450498134,manual,,manual,,iZrIJAf5RTwZYDQweya2G0qVpRoHr0$0$manual$manual$0,LlztqfsHBHOcOVxomKsb2Pe7VvGY9V,2021-04-03T11:48:18.134Z,,
19,1617437520000,manual,,manual,,iZrIJAf5RTwZYDQweya2G0qVpRoHr0$0$manual$manual$0,jBqfIGt95EWULUBqpTTdIjABfRRySa,2021-04-03T08:12:00.000Z,,
19.1,1617396176367,manual,,manual,,iZrIJAf5RTwZYDQweya2G0qVpRoHr0$0$manual$manual$0,8ix4dnqs0GqUebWRcVHsT2qpweJUG3,2021-04-02T20:42:56.367Z,,
19.5,1617382320000,manual,,manual,,iZrIJAf5RTwZYDQweya2G0qVpRoHr0$0$manual$manual$0,HxHEhAFLTlFn6B3JwsmWqmM6ma4p4c,2021-04-02T16:52:00.000Z,,
20.1,1617363300000,manual,,manual,,iZrIJAf5RTwZYDQweya2G0qVpRoHr0$0$manual$manual$0,mwWPJaBHmQWhMBlPViUZYIn4zSGNhP,2021-04-02T11:35:00.000Z,,
19.5,1617344961612,manual,,manual,,iZrIJAf5RTwZYDQweya2G0qVpRoHr0$0$manual$manual$0,c2nXfGFB4BkHqrXFoHo1L5t8PzKNpj,2021-04-02T06:29:21.612Z,,
19.4,1617309240000,manual,,manual,,iZrIJAf5RTwZYDQweya2G0qVpRoHr0$0$manual$manual$0,XsdFd6jekkhPacR8sjIvKhRYe6sciS,2021-04-01T20:34:00.000Z,,
19.2,1617287722373,manual,,manual,,iZrIJAf5RTwZYDQweya2G0qVpRoHr0$0$manual$manual$0,1ZCxzfnTYnNvZ8LfUgoMgr3Jl6Si5M,2021-04-01T14:35:22.373Z,,
19.1,1617257344056,manual,,manual,,iZrIJAf5RTwZYDQweya2G0qVpRoHr0$0$manual$manual$0,njE5qzV8WBvDY1OujMf1ks5k5pYWGa,2021-04-01T06:09:04.056Z,,
19.9,1617219492398,manual,,manual,,iZrIJAf5RTwZYDQweya2G0qVpRoHr0$0$manual$manual$0,KSBo9rwF5pi6S3VfuCqUPKNslgftXG,2021-03-31T19:38:12.398Z,,
19.2,1617203365789,manual,,manual,,iZrIJAf5RTwZYDQweya2G0qVpRoHr0$0$manual$manual$0,aD28xaf47qdKtXLTNenPXuHu1ciWpW,2021-03-31T15:09:25.789Z,,
19.3,1617195236975,manual,,manual,,iZrIJAf5RTwZYDQweya2G0qVpRoHr0$0$manual$manual$0,KkLWpJXdSjTFxndLd3QTaAA67OboZg,2021-03-31T12:53:56.975Z,,
19,1617187080855,manual,,manual,,iZrIJAf5RTwZYDQweya2G0qVpRoHr0$0$manual$manual$0,kjp0QpinVOknYi8QZZ2aeRJb6wNZQf,2021-03-31T10:38:00.855Z,,
19.6,1617172318594,manual,,manual,,iZrIJAf5RTwZYDQweya2G0qVpRoHr0$0$manual$manual$0,CFnzAgineGsjdJGkARp9yV0FgKvUdp,2021-03-31T06:31:58.594Z,,
19.7,1617136790290,manual,,manual,,iZrIJAf5RTwZYDQweya2G0qVpRoHr0$0$manual$manual$0,DWXh2HZGbplLvoFfGzUr7KTqNOhU6h,2021-03-30T20:39:50.290Z,,
19.1,1617118385582,manual,,manual,,iZrIJAf5RTwZYDQweya2G0qVpRoHr0$0$manual$manual$0,gRMlEqw2fOxg2o3QPcK9Hvd6cy6IoQ,2021-03-30T15:33:05.582Z,,
19.2,1617099567995,manual,,manual,,iZrIJAf5RTwZYDQweya2G0qVpRoHr0$0$manual$manual$0,roviB62F83ui2bg2O676uA49bYocp3,2021-03-30T10:19:27.995Z,,
19.2,1617087175993,manual,,manual,,iZrIJAf5RTwZYDQweya2G0qVpRoHr0$0$manual$manual$0,wfywJ4JqKUUjTWfDy5mDJeBYni8yPM,2021-03-30T06:52:55.993Z,,
20.2,1617044611499,manual,,manual,,iZrIJAf5RTwZYDQweya2G0qVpRoHr0$0$manual$manual$0,DPUBmM75IdI4wpU9j1PuIsBD8vtpKT,2021-03-29T19:03:31.499Z,,
19.2,1617033509903,manual,,manual,,iZrIJAf5RTwZYDQweya2G0qVpRoHr0$0$manual$manual$0,DHjOjivVtWObtWbV4zth8iIAc2d2O9,2021-03-29T15:58:29.903Z,,
20.2,1617024292446,manual,,manual,,iZrIJAf5RTwZYDQweya2G0qVpRoHr0$0$manual$manual$0,XMe7DmSVsSwRUtRHMURLhmxRDW8Vvn,2021-03-29T13:24:52.446Z,,
19.7,1617017015836,manual,,manual,,iZrIJAf5RTwZYDQweya2G0qVpRoHr0$0$manual$manual$0,hfjLRtL9PxfX0VQf7fY2uDcpCm9Z77,2021-03-29T11:23:35.836Z,,
19.4,1617001512096,manual,,manual,,iZrIJAf5RTwZYDQweya2G0qVpRoHr0$0$manual$manual$0,CR0ZhifF65WySLi0z6cg2ZA6laqNZ3,2021-03-29T07:05:12.096Z,,
20,1616965320000,manual,,manual,,iZrIJAf5RTwZYDQweya2G0qVpRoHr0$0$manual$manual$0,4juBfvsQYxCs4QeBFKuEYXib8YtBJH,2021-03-28T21:02:00.000Z,,
19,1616947295381,manual,,manual,,iZrIJAf5RTwZYDQweya2G0qVpRoHr0$0$manual$manual$0,VQz1CIY0ZM3xe5byAbyujGG6IkEESu,2021-03-28T16:01:35.381Z,,
19.3,1616929191638,manual,,manual,,iZrIJAf5RTwZYDQweya2G0qVpRoHr0$0$manual$manual$0,QScxZn9RqnuRMawLuenBu7EkDK8UPw,2021-03-28T10:59:51.638Z,,
19.6,1616919050164,manual,,manual,,iZrIJAf5RTwZYDQweya2G0qVpRoHr0$0$manual$manual$0,eYtqBEMgcjdBn9ZtJc9dT1jNvsgPD2,2021-03-28T08:10:50.164Z,,
19.7,1616884426404,manual,,manual,,iZrIJAf5RTwZYDQweya2G0qVpRoHr0$0$manual$manual$0,W4pb432p8I8AVHBlCKGqs0Ktdel2Vk,2021-03-27T22:33:46.404Z,,
20,1616857254952,manual,,manual,,iZrIJAf5RTwZYDQweya2G0qVpRoHr0$0$manual$manual$0,B9rBneUXaFi5gBfvJdNBmnbMGLtAJc,2021-03-27T15:00:54.952Z,,
19.7,1616846544889,manual,,manual,,iZrIJAf5RTwZYDQweya2G0qVpRoHr0$0$manual$manual$0,hUieTi5GbNgsowCoPMkefyrjSVezTm,2021-03-27T12:02:24.889Z,,
19,1616833236488,manual,,manual,,iZrIJAf5RTwZYDQweya2G0qVpRoHr0$0$manual$manual$0,T25fX5RIiAFqCDopLENtaicYjSMY6F,2021-03-27T08:20:36.488Z,,
19.6,1616794571695,manual,,manual,,iZrIJAf5RTwZYDQweya2G0qVpRoHr0$0$manual$manual$0,4paXnCKzK63l2AujRao5C9tox4XUJq,2021-03-26T21:36:11.695Z,,
19,1616771335257,manual,,manual,,iZrIJAf5RTwZYDQweya2G0qVpRoHr0$0$manual$manual$0,DZTKef6P0LyCG3SgN2OtANnyN2kPWT,2021-03-26T15:08:55.257Z,,
19.7,1616759770421,manual,,manual,,iZrIJAf5RTwZYDQweya2G0qVpRoHr0$0$manual$manual$0,SuwjrKVg4BYAdJoZK4iIBQaIOE4pOE,2021-03-26T11:56:10.421Z,,
20,1616743380000,manual,,manual,,iZrIJAf5RTwZYDQweya2G0qVpRoHr0$0$manual$manual$0,aati565dvkJNra9bE5sfAJrwtxjQAF,2021-03-26T07:23:00.000Z,,
19.9,1616706471499,manual,,manual,,iZrIJAf5RTwZYDQweya2G0qVpRoHr0$0$manual$manual$0,gzfLHYZvDtJnVg6AvRM1hPbUVla2Yr,2021-03-25T21:07:51.499Z,,
20,1616692686502,manual,,manual,,iZrIJAf5RTwZYDQweya2G0qVpRoHr0$0$manual$manual$0,X31HJ0Caqim89clJLK5ashWE4Qj5Ur,2021-03-25T17:18:06.502Z,,
19,1616666877960,manual,,manual,,iZrIJAf5RTwZYDQweya2G0qVpRoHr0$0$manual$manual$0,Gyfg1IcrGfeOnVzA0SbNCFNUJAZ2hy,2021-03-25T10:07:57.960Z,,
19.6,1616658284677,manual,,manual,,iZrIJAf5RTwZYDQweya2G0qVpRoHr0$0$manual$manual$0,USFGPIrWAZobW4SFERI1lHUxfhHss4,2021-03-25T07:44:44.677Z,,
19.5,1616615040000,manual,,manual,,iZrIJAf5RTwZYDQweya2G0qVpRoHr0$0$manual$manual$0,f7OgYcPVubUfJAC77Iuh5wNBnSqFLK,2021-03-24T19:44:00.000Z,,
20,1616599139942,manual,,manual,,iZrIJAf5RTwZYDQweya2G0qVpRoHr0$0$manual$manual$0,rXtQJjsAR1MmDCWPBOvTi5woLt0cKl,2021-03-24T15:18:59.942Z,,
19.2,1616584708951,manual,,manual,,iZrIJAf5RTwZYDQweya2G0qVpRoHr0$0$manual$manual$0,yVunqWjaukpJicUhv7MPXTDBgyD7dI,2021-03-24T11:18:28.951Z,,
19.2,1616569869609,manual,,manual,,iZrIJAf5RTwZYDQweya2G0qVpRoHr0$0$manual$manual$0,tHNGnA68MWyt9bZHoRPBESb8u1K1jX,2021-03-24T07:11:09.609Z,,
18.9,1616535233889,manual,,manual,,iZrIJAf5RTwZYDQweya2G0qVpRoHr0$0$manual$manual$0,TIOPR9t0rV9xvGVh1uHQXg81YwCfJZ,2021-03-23T21:33:53.889Z,,
19.9,1616511660000,manual,,manual,,iZrIJAf5RTwZYDQweya2G0qVpRoHr0$0$manual$manual$0,27cpB8HbgbYDqfDXpZySU9ANSkTQXa,2021-03-23T15:01:00.000Z,,
19,1616497570907,manual,,manual,,iZrIJAf5RTwZYDQweya2G0qVpRoHr0$0$manual$manual$0,KcrNrcUjeqrAtR3pNbgGELijYafris,2021-03-23T11:06:10.907Z,,
19.9,1616485020000,manual,,manual,,iZrIJAf5RTwZYDQweya2G0qVpRoHr0$0$manual$manual$0,olBCEk8mdIjL5E3qURhO89BKzfiKny,2021-03-23T07:37:00.000Z,,
19.4,1616452657026,manual,,manual,,iZrIJAf5RTwZYDQweya2G0qVpRoHr0$0$manual$manual$0,W6trZoFTKwmarjCBZGp1jOaAlNSfbV,2021-03-22T22:37:37.026Z,,
19.3,1616438443224,manual,,manual,,iZrIJAf5RTwZYDQweya2G0qVpRoHr0$0$manual$manual$0,DhwiR9wI09o2eTGRkWL6BsNFt8qlyC,2021-03-22T18:40:43.224Z,,
19.7,1616421701196,manual,,manual,,iZrIJAf5RTwZYDQweya2G0qVpRoHr0$0$manual$manual$0,W3kbcmQNWRSiMG0PC7ksANMqIoOS7Z,2021-03-22T14:01:41.196Z,,
19.3,1616407391653,manual,,manual,,iZrIJAf5RTwZYDQweya2G0qVpRoHr0$0$manual$manual$0,Q13S7KZ2mQoye1pUBweuOmjOZmOMal,2021-03-22T10:03:11.653Z,,
20,1616395745318,manual,,manual,,iZrIJAf5RTwZYDQweya2G0qVpRoHr0$0$manual$manual$0,CxFhQdO6aIL3JhPsw7dbYAzmnRhPyz,2021-03-22T06:49:05.318Z,,
19,1616358821716,manual,,manual,,iZrIJAf5RTwZYDQweya2G0qVpRoHr0$0$manual$manual$0,MUOa6NG4yagEXmxfm63iIEF8AaWMnh,2021-03-21T20:33:41.716Z,,
20.1,1616346051110,manual,,manual,,iZrIJAf5RTwZYDQweya2G0qVpRoHr0$0$manual$manual$0,ZZ7c1yav7pqKtzSvVS3A3n35pkgs60,2021-03-21T17:00:51.110Z,,
,1616338260000,manual,,manual,1.006,iZrIJAf5RTwZYDQweya2G0qVpRoHr0$0$manual$manual$0,MPjRywxyFCT05gDO47DZpkGlpZzyRy,2021-03-21T14:51:00.000Z,,
22.7,1616335533421,manual,no bubbles,manual,,iZrIJAf5RTwZYDQweya2G0qVpRoHr0$0$manual$manual$0,RcAMUit3khmLcjz7E6gG5gsRZtIjAN,2021-03-21T14:05:33.421Z,,29.007548
22.9,1616331147879,manual,no bubbles,manual,,iZrIJAf5RTwZYDQweya2G0qVpRoHr0$0$manual$manual$0,7Wfq1skCYceFs8hIkLNmSgtVE4wOdQ,2021-03-21T12:52:27.879Z,,435.113213
22.1,1616324442239,manual,no bubbles,manual,,iZrIJAf5RTwZYDQweya2G0qVpRoHr0$0$manual$manual$0,6zMzBSpdKi3lUtg6JxF87YEkFKzQQM,2021-03-21T11:00:42.239Z,,29.007548
22.8,1616317705195,manual,no bubbles,manual,,iZrIJAf5RTwZYDQweya2G0qVpRoHr0$0$manual$manual$0,fitQiUxPjJsEFGFf46EqZiSUIiHFBA,2021-03-21T09:08:25.195Z,,14.503774
22.7,1616279368540,manual,no bubbles,manual,,iZrIJAf5RTwZYDQweya2G0qVpRoHr0$0$manual$manual$0,Ji05hemSW9y3jWPalOr3t9mv78Ukbg,2021-03-20T22:29:28.540Z,,580.150951
22.8,1616264287294,manual,no bubbles,manual,,iZrIJAf5RTwZYDQweya2G0qVpRoHr0$0$manual$manual$0,v5rlFs4RCpDTHGxGdIgVw7gNc1STvg,2021-03-20T18:18:07.294Z,,58.015095
22.8,1616251878076,manual,no bubbles,manual,,iZrIJAf5RTwZYDQweya2G0qVpRoHr0$0$manual$manual$0,Ztjg1BdxNStX6VMAnBrgb65qv5H9gY,2021-03-20T14:51:18.076Z,,14.503774
22,1616240367517,manual,no bubbles,manual,,iZrIJAf5RTwZYDQweya2G0qVpRoHr0$0$manual$manual$0,HPC3cDmXGbjWWewtR9Na1vJ3kux5Gt,2021-03-20T11:39:27.517Z,,1.450377
22.9,1616232878363,manual,no bubbles,manual,,iZrIJAf5RTwZYDQweya2G0qVpRoHr0$0$manual$manual$0,6MmNR0CFHPtjNIoqvzjlilK6QOtUZZ,2021-03-20T09:34:38.363Z,,130.533964
22.3,1616194471185,manual,no bubbles,manual,,iZrIJAf5RTwZYDQweya2G0qVpRoHr0$0$manual$manual$0,7XYN7h3Uta6DmfkyAVJJIn1qhpeV2H,2021-03-19T22:54:31.185Z,,87.022643
22.7,1616180700000,manual,no bubbles,manual,,iZrIJAf5RTwZYDQweya2G0qVpRoHr0$0$manual$manual$0,1pOriV9eT75niJO9ElyWSMJGe0OPW3,2021-03-19T19:05:00.000Z,,72.518869
22.4,1616172720000,manual,no bubbles,manual,,iZrIJAf5RTwZYDQweya2G0qVpRoHr0$0$manual$manual$0,G5c8Royd95sebQ8qZxE2vAwrXUBv5g,2021-03-19T16:52:00.000Z,,1.450377
22.5,1616163720000,manual,no bubbles,manual,,iZrIJAf5RTwZYDQweya2G0qVpRoHr0$0$manual$manual$0,dax5lwkwEYYLlJ8RYICrum1vWz4Be6,2021-03-19T14:22:00.000Z,,290.075476
22.2,1616158320000,manual,no bubbles,manual,,iZrIJAf5RTwZYDQweya2G0qVpRoHr0$0$manual$manual$0,U7YDdm3ru55k65eiUBZAmR90n3GN6T,2021-03-19T12:52:00.000Z,,1.450377
23,1616153400000,manual,no bubbles,manual,,iZrIJAf5RTwZYDQweya2G0qVpRoHr0$0$manual$manual$0,49QhJcu3HD1ttV2jPmh4MyqYBnYgoT,2021-03-19T11:30:00.000Z,,58.015095
22.5,1616137812400,manual,no bubbles,manual,,iZrIJAf5RTwZYDQweya2G0qVpRoHr0$0$manual$manual$0,iHjgubhHvrquVyjtFF2Y6vWDrIa9bj,2021-03-19T07:10:12.400Z,,217.556607
22,1616107313191,manual,no bubbles,manual,,iZrIJAf5RTwZYDQweya2G0qVpRoHr0$0$manual$manual$0,ZvsKKNofQ1KqSehMe4LQGXDFUmDxgK,2021-03-18T22:41:53.191Z,,72.518869
22,1616086532545,manual,no bubbles,manual,,iZrIJAf5RTwZYDQweya2G0qVpRoHr0$0$manual$manual$0,E39couaSPF9OAtxhsF4gLRkF7CxdxI,2021-03-18T16:55:32.545Z,,58.015095
22.8,1616064386168,manual,no bubbles,manual,,iZrIJAf5RTwZYDQweya2G0qVpRoHr0$0$manual$manual$0,wAd9tHW1DefGNfPUioTbC4Sk4aBkwG,2021-03-18T10:46:26.168Z,,217.556607
22.1,1616049159630,manual,no bubbles,manual,,iZrIJAf5RTwZYDQweya2G0qVpRoHr0$0$manual$manual$0,ge0yfYeJ1tu5bQem2avUEOZobAZIca,2021-03-18T06:32:39.630Z,,174.045285
22.5,1616021471806,manual,no bubbles,manual,,iZrIJAf5RTwZYDQweya2G0qVpRoHr0$0$manual$manual$0,e39bU8CCFsCEJqcScdNe1cofYnRyO9,2021-03-17T22:51:11.806Z,,174.045285
22.5,1616013720000,manual,no bubbles,manual,,iZrIJAf5RTwZYDQweya2G0qVpRoHr0$0$manual$manual$0,ZiJsM0ylzZcUfb4K5iNaaYmK2DdhoI,2021-03-17T20:42:00.000Z,,145.037738
22.7,1616006173067,manual,no bubbles,manual,,iZrIJAf5RTwZYDQweya2G0qVpRoHr0$0$manual$manual$0,kPdjs93l2tiwPZJyfQQp4HqhEXDJcU,2021-03-17T18:36:13.067Z,,478.624535
21.7,1616000201873,manual,no bubbles,manual,,iZrIJAf5RTwZYDQweya2G0qVpRoHr0$0$manual$manual$0,9vVHE3PPticHNitZRJd2HvzE01veA0,2021-03-17T16:56:41.873Z,,580.150951
20.6,1615994449734,manual,,manual,,iZrIJAf5RTwZYDQweya2G0qVpRoHr0$0$manual$manual$0,hz7goGJMIdD07kQvFikgOuGJc5bYbj,2021-03-17T15:20:49.734Z,,
20,1615989980209,manual,no bubbles,manual,,iZrIJAf5RTwZYDQweya2G0qVpRoHr0$0$manual$manual$0,eLJzBbQH1n86jHo19jGQ5tXi597BkQ,2021-03-17T14:06:20.209Z,,43.511321
19.1,1615981355207,manual,no bubbles,manual,,iZrIJAf5RTwZYDQweya2G0qVpRoHr0$0$manual$manual$0,8B0GgKzMC4HRofhBwy7lvNuBf4k7qm,2021-03-17T11:42:35.207Z,,14.503774
19.2,1615966772080,manual,no bubbles,manual,,iZrIJAf5RTwZYDQweya2G0qVpRoHr0$0$manual$manual$0,5ZQvdyhPi2ER8XZzWLxAAFEqDqDtSn,2021-03-17T07:39:32.080Z,,43.511321
19.6,1615935200904,manual,no bubbles,manual,,iZrIJAf5RTwZYDQweya2G0qVpRoHr0$0$manual$manual$0,PzkSH0BqtkqV0gvKTw6o75rRFNUFTy,2021-03-16T22:53:20.904Z,,58.015095
19,1615923586508,manual,no bubbles,manual,,iZrIJAf5RTwZYDQweya2G0qVpRoHr0$0$manual$manual$0,9rTgTn4LxZM4XKJEpyBhXzC6Akbg4j,2021-03-16T19:39:46.508Z,,14.503774
19.5,1615912499280,manual,no bubbles,manual,,iZrIJAf5RTwZYDQweya2G0qVpRoHr0$0$manual$manual$0,4xFC9ZYlF3cA9OrU6gsrj4afTLsrcI,2021-03-16T16:34:59.280Z,,116.03019
19.4,1615895818588,manual,no bubbles,manual,,iZrIJAf5RTwZYDQweya2G0qVpRoHr0$0$manual$manual$0,Rvqm03aWViWMbywyl73PPfL2Mkt4Z7,2021-03-16T11:56:58.588Z,,159.541512
19.1,1615877092524,manual,no bubbles,manual,,iZrIJAf5RTwZYDQweya2G0qVpRoHr0$0$manual$manual$0,Td2WVEUrkkaYNFF5DG9NFbIvtf06Mj,2021-03-16T06:44:52.524Z,,0.145038
19,1615849080000,manual,no bubbles,manual,,iZrIJAf5RTwZYDQweya2G0qVpRoHr0$0$manual$manual$0,ewtoq7FWvSZh1pq8PhJXf9Rl8KFfeL,2021-03-15T22:58:00.000Z,,101.526416
19,1615837020000,manual,no bubbles,manual,,iZrIJAf5RTwZYDQweya2G0qVpRoHr0$0$manual$manual$0,ZDL9Uy2ZhqOqbTOHI4bkeKQHq4jpyY,2021-03-15T19:37:00.000Z,,29.007548
19.4,1615823948965,manual,no bubbles,manual,,iZrIJAf5RTwZYDQweya2G0qVpRoHr0$0$manual$manual$0,M0GwbP5DDKoJ9sYRi7nsjLQeCKiYLJ,2021-03-15T15:59:08.965Z,,580.150951
19.7,1615810500000,manual,no bubbles,manual,,iZrIJAf5RTwZYDQweya2G0qVpRoHr0$0$manual$manual$0,y0eODdkjlbiL2dSve4BdJsJurnvSWe,2021-03-15T12:15:00.000Z,,290.075476
19.9,1615795702198,manual,no bubbles,manual,,iZrIJAf5RTwZYDQweya2G0qVpRoHr0$0$manual$manual$0,BOMzLqAK53t7GPghP8nxjoKMngEFTk,2021-03-15T08:08:22.198Z,,652.66982
19.9,1615762693934,manual,no bubbles,manual,,iZrIJAf5RTwZYDQweya2G0qVpRoHr0$0$manual$manual$0,M0xNiXiuE05VKCXwPqvEFjjvj7wPxO,2021-03-14T22:58:13.934Z,,174.045285
19.5,1615752224754,manual,no bubbles,manual,,iZrIJAf5RTwZYDQweya2G0qVpRoHr0$0$manual$manual$0,wmRZsNn2Izkq6gueEYcyh6VzTjvYAB,2021-03-14T20:03:44.754Z,,29.007548
19,1615740720000,manual,no bubbles,manual,,iZrIJAf5RTwZYDQweya2G0qVpRoHr0$0$manual$manual$0,otiHr6iI1ads1YhJb33BP0qxZYwa1u,2021-03-14T16:52:00.000Z,,174.045285
20,1615731508727,manual,no bubbles,manual,,iZrIJAf5RTwZYDQweya2G0qVpRoHr0$0$manual$manual$0,41HfMSbrRdSi4sSPwdxySW7lyXeuvz,2021-03-14T14:18:28.727Z,,652.66982
19.7,1615728742574,manual,no bubbles,manual,,iZrIJAf5RTwZYDQweya2G0qVpRoHr0$0$manual$manual$0,1d07SvW44ccELQvPQW8IIhhmKUqYtm,2021-03-14T13:32:22.574Z,,652.66982
18.9,1615724685985,manual,no bubbles,manual,,iZrIJAf5RTwZYDQweya2G0qVpRoHr0$0$manual$manual$0,SCJ6UxUMFkSkRrnWWLdHSjv4LOesd7,2021-03-14T12:24:45.985Z,,652.66982
18.4,1615721835675,manual,"added 5 grams Citra hops, no bubbles",manual,NaN,iZrIJAf5RTwZYDQweya2G0qVpRoHr0$0$manual$manual$0,tuMUImiltGUtdkK6hSIPq4FCup48sD,2021-03-14T11:37:15.675Z,NaN,217.556607
19,1615720899618,manual,no bubbles,manual,,iZrIJAf5RTwZYDQweya2G0qVpRoHr0$0$manual$manual$0,xl16NsmlyJ82qdmP6unDwbbsWwL9ZG,2021-03-14T11:21:39.618Z,,29.007548
19,1615707773762,manual,no bubbles,manual,,iZrIJAf5RTwZYDQweya2G0qVpRoHr0$0$manual$manual$0,E7Rilnf1lmUCrCuSRWhnSenk1quf5l,2021-03-14T07:42:53.762Z,,116.03019
19,1615676213295,manual,no bubbles,manual,,iZrIJAf5RTwZYDQweya2G0qVpRoHr0$0$manual$manual$0,m8GT1A31Uii0LwEIuHUPyfL34lxKQ9,2021-03-13T22:56:53.295Z,,652.66982
19.5,1615663277263,manual,no bubbles,manual,,iZrIJAf5RTwZYDQweya2G0qVpRoHr0$0$manual$manual$0,S4JqZU3YxbLfvGcEiGaXZB1ec6D408,2021-03-13T19:21:17.263Z,,725.188689
20.1,1615650230339,manual,no bubbles,manual,,iZrIJAf5RTwZYDQweya2G0qVpRoHr0$0$manual$manual$0,abUoTHbXuiXg1UyHk8H7ZQ83i18rkk,2021-03-13T15:43:50.339Z,,435.113213
20,1615634640000,manual,no bubbles,manual,,iZrIJAf5RTwZYDQweya2G0qVpRoHr0$0$manual$manual$0,XaIHrxjdXe4cw8jLGfn7vPbb8WSo23,2021-03-13T11:24:00.000Z,,507.632082
19.9,1615622220696,manual,no bubbles,manual,,iZrIJAf5RTwZYDQweya2G0qVpRoHr0$0$manual$manual$0,Noa3fW6riFJEKpXsklebmP6vTC2Mkd,2021-03-13T07:57:00.696Z,,188.549059
20,1615588614686,manual,no bubbles,manual,,iZrIJAf5RTwZYDQweya2G0qVpRoHr0$0$manual$manual$0,BRxGsgdKogFk3jg8nsXViPR3ZMSCHC,2021-03-12T22:36:54.686Z,,725.188689
19.6,1615578205731,manual,no bubbles,manual,,iZrIJAf5RTwZYDQweya2G0qVpRoHr0$0$manual$manual$0,Qy4A3LOSNSZDJsQO4yso6bLijs0qrf,2021-03-12T19:43:25.731Z,,217.556607
19.1,1615565100000,manual,no bubbles,manual,,iZrIJAf5RTwZYDQweya2G0qVpRoHr0$0$manual$manual$0,E9HSRYzWtoVFk9PLYGk28oaxHfKs6T,2021-03-12T16:05:00.000Z,,145.037738
19.3,1615550178541,manual,no bubbles,manual,,iZrIJAf5RTwZYDQweya2G0qVpRoHr0$0$manual$manual$0,UH4uD53D03ifDODOTnuLWy3bvdSozP,2021-03-12T11:56:18.541Z,,145.037738
19.5,1615533651064,manual,no bubbles,manual,,iZrIJAf5RTwZYDQweya2G0qVpRoHr0$0$manual$manual$0,sdH2uHMidJ6kyKlx3ndikCzHnhn0TO,2021-03-12T07:20:51.064Z,,507.632082
19.3,1615504330892,manual,no bubbles,manual,,iZrIJAf5RTwZYDQweya2G0qVpRoHr0$0$manual$manual$0,yfV9kkaHsqdf0Nt3DP3Q3k3Zmh8MuZ,2021-03-11T23:12:10.892Z,,652.66982
19.5,1615487717358,manual,no bubbles,manual,,iZrIJAf5RTwZYDQweya2G0qVpRoHr0$0$manual$manual$0,HmZLXeHNLpRNTqjJMFYuSfaJ2qwNEt,2021-03-11T18:35:17.358Z,,652.66982
19.4,1615479068755,manual,no bubbles,manual,NaN,iZrIJAf5RTwZYDQweya2G0qVpRoHr0$0$manual$manual$0,Pw6cvBtnxQNylBbijAgS5TjgZcIgq1,2021-03-11T16:11:08.755Z,NaN,652.66982
20,1615466163007,manual,no bubbles,manual,,iZrIJAf5RTwZYDQweya2G0qVpRoHr0$0$manual$manual$0,NOloouZ1TRLU0lrbkeORHxQopIHJcX,2021-03-11T12:36:03.007Z,,652.66982
19.5,1615454220000,manual,no bubbles,manual,,iZrIJAf5RTwZYDQweya2G0qVpRoHr0$0$manual$manual$0,4iV55y3qeUdYXCMpPVZK1KUjFI3Kes,2021-03-11T09:17:00.000Z,,652.66982
19.8,1615448288092,manual,few bubbles,manual,,iZrIJAf5RTwZYDQweya2G0qVpRoHr0$0$manual$manual$0,BJJMkOXcW7gCv5cKdDDicn2En8eNhi,2021-03-11T07:38:08.092Z,,725.188689
20,1615405573468,manual,many bubbles,manual,,iZrIJAf5RTwZYDQweya2G0qVpRoHr0$0$manual$manual$0,Kr49nkBzDLmxzt6z3zMuVAFtciTlT8,2021-03-10T19:46:13.468Z,,725.188689
19.7,1615403580000,manual,many bubbles,manual,,iZrIJAf5RTwZYDQweya2G0qVpRoHr0$0$manual$manual$0,wClb1gZu6wVt7jy0fFDO3LdDC4D2cK,2021-03-10T19:13:00.000Z,,725.188689
19.5,1615396500000,manual,many bubbles,manual,,iZrIJAf5RTwZYDQweya2G0qVpRoHr0$0$manual$manual$0,AJeXJwDfPeMPO43e8jSLTy2RIFtrPB,2021-03-10T17:15:00.000Z,,725.188689
19.3,1615384440000,manual,many bubbles,manual,,iZrIJAf5RTwZYDQweya2G0qVpRoHr0$0$manual$manual$0,kVVkHsnpOFzccj74Y01HXf9lyHvNFO,2021-03-10T13:54:00.000Z,,725.188689
19,1615373379570,manual,many bubbles,manual,,iZrIJAf5RTwZYDQweya2G0qVpRoHr0$0$manual$manual$0,kx4XJjrF6fCSV9iM4zk7snu3ArcSUi,2021-03-10T10:49:39.570Z,,725.188689
19.3,1615363183063,manual,no bubbles,manual,,iZrIJAf5RTwZYDQweya2G0qVpRoHr0$0$manual$manual$0,jHR4h0Ass1BjMLAWNPcSIITe0eaSQo,2021-03-10T07:59:43.063Z,,725.188689
19,1615321588387,manual,many bubbles,manual,,iZrIJAf5RTwZYDQweya2G0qVpRoHr0$0$manual$manual$0,UcsXoKUsfdoVJLSjMmMmTPbnqjkTCx,2021-03-09T20:26:28.387Z,,725.188689
19.7,1615303217627,manual,many bubbles,manual,,iZrIJAf5RTwZYDQweya2G0qVpRoHr0$0$manual$manual$0,KyVUrjpWDUB1a7eVP28O2Zv5AtXc3p,2021-03-09T15:20:17.627Z,,725.188689
19.5,1615290720000,manual,many bubbles,manual,,iZrIJAf5RTwZYDQweya2G0qVpRoHr0$0$manual$manual$0,ElB7no061U9TPOj6YB2AeMXYlxb21p,2021-03-09T11:52:00.000Z,,725.188689
19.7,1615283489088,manual,many bubbles,manual,,iZrIJAf5RTwZYDQweya2G0qVpRoHr0$0$manual$manual$0,zQp1E4vRexjHu3yJYWwgeogXRm2kL2,2021-03-09T09:51:29.088Z,,725.188689
19.8,1615275126135,manual,many bubbles,manual,,iZrIJAf5RTwZYDQweya2G0qVpRoHr0$0$manual$manual$0,UIJSsh4lQIF5dOS6B1hJDZOyRwPsxV,2021-03-09T07:32:06.135Z,,725.188689
19.4,1615242538877,manual,many bubbles,manual,,iZrIJAf5RTwZYDQweya2G0qVpRoHr0$0$manual$manual$0,MZLO6iHwlyu8XNswlmL9DAivavbotv,2021-03-08T22:28:58.877Z,,725.188689
19.7,1615229748129,manual,many bubbles,manual,,iZrIJAf5RTwZYDQweya2G0qVpRoHr0$0$manual$manual$0,qabIz0sJAZc5yD91Lzr7FYQUV0LUnB,2021-03-08T18:55:48.129Z,,725.188689
20.1,1615217100000,manual,many bubbles,manual,,iZrIJAf5RTwZYDQweya2G0qVpRoHr0$0$manual$manual$0,TQiIwAwCBBum6TT9mxpmSRVoBoEuZr,2021-03-08T15:25:00.000Z,,725.188689
19.8,1615206396351,manual,many bubbles,manual,,iZrIJAf5RTwZYDQweya2G0qVpRoHr0$0$manual$manual$0,GnjtiyGtkSHEPIynP67J1cD00DyEyO,2021-03-08T12:26:36.351Z,,725.188689
19.2,1615197220087,manual,many bubbles,manual,,iZrIJAf5RTwZYDQweya2G0qVpRoHr0$0$manual$manual$0,dqzs1xIlyroiKixWpIAuXgapPNd5AS,2021-03-08T09:53:40.087Z,,725.188689
19,1615189027015,manual,many bubbles,manual,,iZrIJAf5RTwZYDQweya2G0qVpRoHr0$0$manual$manual$0,yWaBQh7nKyxRFF9iHOYuZGEmOzDQ14,2021-03-08T07:37:07.015Z,,725.188689
19.1,1615153660085,manual,many bubbles,manual,,iZrIJAf5RTwZYDQweya2G0qVpRoHr0$0$manual$manual$0,MMRE9XgslbZoSNTYffwWbAH6b0LfaS,2021-03-07T21:47:40.085Z,,725.188689
19.1,1615143078870,manual,many bubbles,manual,,iZrIJAf5RTwZYDQweya2G0qVpRoHr0$0$manual$manual$0,uUYMRA37XlNVXQuI9jTcfw5FrTCdyL,2021-03-07T18:51:18.870Z,,725.188689
20.1,1615136125211,manual,many bubbles,manual,,iZrIJAf5RTwZYDQweya2G0qVpRoHr0$0$manual$manual$0,JDELtaAttDx2ikDW3zxYGOuNvezIfi,2021-03-07T16:55:25.211Z,,725.188689
19,1615131108538,manual,many bubbles,manual,,iZrIJAf5RTwZYDQweya2G0qVpRoHr0$0$manual$manual$0,FinUB8jG7qPpDaeG4eQJoxzbxQXiQ9,2021-03-07T15:31:48.538Z,,725.188689
19.2,1615120320030,manual,many bubbles,manual,,iZrIJAf5RTwZYDQweya2G0qVpRoHr0$0$manual$manual$0,46WT5KcCNFXcZxWeuDgrCFbUethubn,2021-03-07T12:32:00.030Z,,725.188689
19.8,1615103099278,manual,some bubbles,manual,,iZrIJAf5RTwZYDQweya2G0qVpRoHr0$0$manual$manual$0,kj4JtRDBxtPyRmZIg4BR5rJ4mHlQz7,2021-03-07T07:44:59.278Z,,725.188689
19.8,1615069065912,manual,no bubbles.,manual,,iZrIJAf5RTwZYDQweya2G0qVpRoHr0$0$manual$manual$0,t2tBqGfewnghKepvYgB1VMMEZBB7ih,2021-03-06T22:17:45.912Z,,725.188689
19.2,1615059829514,manual,no bubbles.,manual,NaN,iZrIJAf5RTwZYDQweya2G0qVpRoHr0$0$manual$manual$0,ejvm6GUc2IhlVpXV6PvXlZtRdv9sUN,2021-03-06T19:43:49.514Z,NaN,725.188689
20,1615052560368,manual,,manual,NaN,iZrIJAf5RTwZYDQweya2G0qVpRoHr0$0$manual$manual$0,fKERYo745UAID0sGM5yfu2bQhqIllK,2021-03-06T17:42:40.368Z,NaN,1.450377
18.5,1615038840000,manual,pitched 5 grams US-05 yeast,manual,1.06,iZrIJAf5RTwZYDQweya2G0qVpRoHr0$0$manual$manual$0,VYayqKJAQ0cu2jEljyrGCKOJyuhGMS,2021-03-06T13:54:00.000Z,NaN,1.450377