type,comment,id,temp,sg,time,__acc_reading_doc_id,__acc_reading_data_id,timepoint,ph,pressure
manual,,manual,18.6,,1748097000000,pCmwi12q7em8vZ2289jQNHHYuPAgS3$0$manual$manual$0,4qhOiVMzgwSj1EQp9IniJY7J5zwX7V,2025-05-24T14:30:00.000Z
manual,,manual,18.6,,1748073600000,pCmwi12q7em8vZ2289jQNHHYuPAgS3$0$manual$manual$0,LLSaSOMGAlfUPwmrzBtUeAvCj8I9qx,2025-05-24T08:00:00.000Z
manual,,manual,17.9,,1748026800000,pCmwi12q7em8vZ2289jQNHHYuPAgS3$0$manual$manual$0,Xwjfe79r9uiKNvmGPbBgSbfHn8Iyf3,2025-05-23T19:00:00.000Z
manual,,manual,18.7,,1747944000000,pCmwi12q7em8vZ2289jQNHHYuPAgS3$0$manual$manual$0,wcRSCJkvRaxBdTEgHvuAKqMGvwcash,2025-05-22T20:00:00.000Z
manual,,manual,18.2,,1747857600000,pCmwi12q7em8vZ2289jQNHHYuPAgS3$0$manual$manual$0,eh5ra1wtBg5HiuunTnZqwCvGRaj2fZ,2025-05-21T20:00:00.000Z
manual,,manual,18.2,,1747845000000,pCmwi12q7em8vZ2289jQNHHYuPAgS3$0$manual$manual$0,Ga4eWOFkCPTCZMJ8p6mCc3yC9exVTF,2025-05-21T16:30:00.000Z
manual,,manual,17.9,,1747807200000,pCmwi12q7em8vZ2289jQNHHYuPAgS3$0$manual$manual$0,U81sbomTATiXn8MZp2meWo7c1PiGaK,2025-05-21T06:00:00.000Z
manual,,manual,18.6,,1747764000000,pCmwi12q7em8vZ2289jQNHHYuPAgS3$0$manual$manual$0,4tTLAVraIdQAugyITPgQrTW7jVsb2F,2025-05-20T18:00:00.000Z
manual,,manual,18.1,,1747720800000,pCmwi12q7em8vZ2289jQNHHYuPAgS3$0$manual$manual$0,j0jAK0u1rcaokUC3uHbNLWcUzNyNik,2025-05-20T06:00:00.000Z
manual,,manual,18.8,,1747688400000,pCmwi12q7em8vZ2289jQNHHYuPAgS3$0$manual$manual$0,vY4hr3eIjNZa9qKXKz0MK1wgwPoaBZ,2025-05-19T21:00:00.000Z
manual,,manual,18.6,,1747675800000,pCmwi12q7em8vZ2289jQNHHYuPAgS3$0$manual$manual$0,W7MAx2IQgqWKaAWXH4BYh8SdmXmJFa,2025-05-19T17:30:00.000Z
manual,,manual,18.5,,1747634400000,pCmwi12q7em8vZ2289jQNHHYuPAgS3$0$manual$manual$0,dVppiaiaX2OI7Tz9xQVwgmo1HqHeoZ,2025-05-19T06:00:00.000Z
manual,,manual,18.4,,1747602000000,pCmwi12q7em8vZ2289jQNHHYuPAgS3$0$manual$manual$0,IkcDJuBQKT8F7lFGCxRAUUYxqFtJKk,2025-05-18T21:00:00.000Z
manual,,manual,18.4,,1747591200000,pCmwi12q7em8vZ2289jQNHHYuPAgS3$0$manual$manual$0,9Ei8buYhAHZuEMn2uZJBdtdDIu25ao,2025-05-18T18:00:00.000Z
manual,,manual,18.6,,1747569600000,pCmwi12q7em8vZ2289jQNHHYuPAgS3$0$manual$manual$0,0mq17RExSObD2i5HhGCo7k0PeQNdox,2025-05-18T12:00:00.000Z
manual,,manual,18.6,,1747548000000,pCmwi12q7em8vZ2289jQNHHYuPAgS3$0$manual$manual$0,hd28jTC4Y70EQeasuBeVNE8WFJhMNB,2025-05-18T06:00:00.000Z
manual,,manual,18.8,,1747515600000,pCmwi12q7em8vZ2289jQNHHYuPAgS3$0$manual$manual$0,tzkUWUuwwWrR0MfANfV3GxNkw65KBM,2025-05-17T21:00:00.000Z
manual,,manual,18.8,,1747504800000,pCmwi12q7em8vZ2289jQNHHYuPAgS3$0$manual$manual$0,qCxZ75HLleuvqyd8tOCyH03zmxmb1D,2025-05-17T18:00:00.000Z
manual,,manual,17.7,,1747486800000,pCmwi12q7em8vZ2289jQNHHYuPAgS3$0$manual$manual$0,LKu2jdxQs7qnAUEHDLqyvvBVdeuqyh,2025-05-17T13:00:00.000Z
manual,,manual,17.7,,1747472400000,pCmwi12q7em8vZ2289jQNHHYuPAgS3$0$manual$manual$0,JJdd2CAhn6js3WrLl79od6nviaO33Q,2025-05-17T09:00:00.000Z
manual,,manual,18.1,,1747431000000,pCmwi12q7em8vZ2289jQNHHYuPAgS3$0$manual$manual$0,Wqq4tWFxBYoO8ne2zc0TtHVEpO7KGY,2025-05-16T21:30:00.000Z
manual,,manual,18.7,,1747409400000,pCmwi12q7em8vZ2289jQNHHYuPAgS3$0$manual$manual$0,jV0ivlGXLysUY3M9U9RtCk5qeOc4S8,2025-05-16T15:30:00.000Z
manual,,manual,17.9,,1747375200000,pCmwi12q7em8vZ2289jQNHHYuPAgS3$0$manual$manual$0,1QAHYot6ntEgWqVjsc1zAAH5m8J39v,2025-05-16T06:00:00.000Z
manual,,manual,19.3,,1747332000000,pCmwi12q7em8vZ2289jQNHHYuPAgS3$0$manual$manual$0,OmWGeGPtp2ShXj4ggKLBKRo6uXeGPj,2025-05-15T18:00:00.000Z
manual,,manual,19.3,,1747323000000,pCmwi12q7em8vZ2289jQNHHYuPAgS3$0$manual$manual$0,IkLnU9ZNwfT3RrAKv48tkfo6HZsUlK,2025-05-15T15:30:00.000Z
manual,,manual,17.6,,1747288800000,pCmwi12q7em8vZ2289jQNHHYuPAgS3$0$manual$manual$0,cC0CJAXERDYuHmRVMENSBG0eMKvFap,2025-05-15T06:00:00.000Z
manual,,manual,18.5,,1747245600000,pCmwi12q7em8vZ2289jQNHHYuPAgS3$0$manual$manual$0,Wz6QIi9wN90fXIF0vXthFDKGqiI4UD,2025-05-14T18:00:00.000Z
manual,,manual,18.3,,1747202400000,pCmwi12q7em8vZ2289jQNHHYuPAgS3$0$manual$manual$0,LzpN61v1DOG9r13HmItqTmmkXPsa2F,2025-05-14T06:00:00.000Z
manual,,manual,19.3,,1747159200000,pCmwi12q7em8vZ2289jQNHHYuPAgS3$0$manual$manual$0,qQ4Kqgz7qcDRGK0YADsRVrF0Db7UOo,2025-05-13T18:00:00.000Z
manual,,manual,18.9,,1747116000000,pCmwi12q7em8vZ2289jQNHHYuPAgS3$0$manual$manual$0,eSJQMrgmzaBELzAQ8pIdJjPtJpW1sj,2025-05-13T06:00:00.000Z
manual,,manual,18.6,,1747072800000,pCmwi12q7em8vZ2289jQNHHYuPAgS3$0$manual$manual$0,hOCdvZ2uWHmCvLSdh1kR9Zfxffc3hS,2025-05-12T18:00:00.000Z
manual,,manual,18.4,,1747029600000,pCmwi12q7em8vZ2289jQNHHYuPAgS3$0$manual$manual$0,VDkb0CFQtJEgzKep7j9aTXJ1zIFoP0,2025-05-12T06:00:00.000Z
manual,,manual,18.9,,1746986400000,pCmwi12q7em8vZ2289jQNHHYuPAgS3$0$manual$manual$0,dKGyC2tZKQJJpNaiGLIXefq5qnpop1,2025-05-11T18:00:00.000Z
manual,,manual,18.7,,1746972000000,pCmwi12q7em8vZ2289jQNHHYuPAgS3$0$manual$manual$0,bCvex5P67Jz0JYqSRrVuHwmTHABXtp,2025-05-11T14:00:00.000Z
manual,,manual,18.2,,1746957600000,pCmwi12q7em8vZ2289jQNHHYuPAgS3$0$manual$manual$0,gf2gqXuq0eKXkOPkTJYgVwBFAW3kTz,2025-05-11T10:00:00.000Z
manual,,manual,17.5,,1746946800000,pCmwi12q7em8vZ2289jQNHHYuPAgS3$0$manual$manual$0,esg1SPFEeIY5svhQS8Yypgz7bzMlvt,2025-05-11T07:00:00.000Z
manual,,manual,18,,1746900000000,pCmwi12q7em8vZ2289jQNHHYuPAgS3$0$manual$manual$0,YALZTLazGdxVeg2UA2Lebit1eSfOAv,2025-05-10T18:00:00.000Z
manual,,manual,17.7,,1746885600000,pCmwi12q7em8vZ2289jQNHHYuPAgS3$0$manual$manual$0,yix7SpXGsUPNBnLNgEHZx0etfb93vv,2025-05-10T14:00:00.000Z
manual,,manual,17.7,,1746871200000,pCmwi12q7em8vZ2289jQNHHYuPAgS3$0$manual$manual$0,6w8RN10tNET9OJfBTxw5qGeM4MkT5P,2025-05-10T10:00:00.000Z
manual,,manual,18.4,,1746856800000,pCmwi12q7em8vZ2289jQNHHYuPAgS3$0$manual$manual$0,UefZfTAegIvzwAOGhciaH9JOOlYvTj,2025-05-10T06:00:00.000Z
manual,,manual,17.6,,1746813600000,pCmwi12q7em8vZ2289jQNHHYuPAgS3$0$manual$manual$0,atkDfrnz9sEk1zctND4iEuyKNuEV2M,2025-05-09T18:00:00.000Z
manual,,manual,18.6,,1746770400000,pCmwi12q7em8vZ2289jQNHHYuPAgS3$0$manual$manual$0,Tl5iP2BUvwaUVIz0cNt2eqXGST2ITx,2025-05-09T06:00:00.000Z
manual,,manual,18.9,,1746727200000,pCmwi12q7em8vZ2289jQNHHYuPAgS3$0$manual$manual$0,OKwNFI1w9dWXTW1cNZftsecYoJAnC3,2025-05-08T18:00:00.000Z
manual,,manual,18.9,,1746720000000,pCmwi12q7em8vZ2289jQNHHYuPAgS3$0$manual$manual$0,1bEn5mif7JOE5gXHD2AE1kUVnMSJKB,2025-05-08T16:00:00.000Z
manual,,manual,18.6,,1746684000000,pCmwi12q7em8vZ2289jQNHHYuPAgS3$0$manual$manual$0,P2HVOJVlhCOVRTUAsZQSXgqw9C22aj,2025-05-08T06:00:00.000Z
manual,,manual,17.5,,1746640800000,pCmwi12q7em8vZ2289jQNHHYuPAgS3$0$manual$manual$0,PKrj5kaAQJ4bfpwlz06ZJnoMS0XmwX,2025-05-07T18:00:00.000Z
manual,,manual,18.1,,1746597600000,pCmwi12q7em8vZ2289jQNHHYuPAgS3$0$manual$manual$0,0fgHWDsGguJ1lkg8xnP0um33ES84XQ,2025-05-07T06:00:00.000Z
manual,,manual,18.6,,1746554400000,pCmwi12q7em8vZ2289jQNHHYuPAgS3$0$manual$manual$0,BAZB5O6Acb05xB52zeMObQZyjgBjkX,2025-05-06T18:00:00.000Z
manual,,manual,17.8,,1746511200000,pCmwi12q7em8vZ2289jQNHHYuPAgS3$0$manual$manual$0,YhU2A8MhzJJRnIIThJfnkL4pdmJGyg,2025-05-06T06:00:00.000Z
manual,,manual,18.7,,1746468000000,pCmwi12q7em8vZ2289jQNHHYuPAgS3$0$manual$manual$0,B4jHv20iHSnAvbPyvR36uT6YQtToDv,2025-05-05T18:00:00.000Z
manual,,manual,17.8,,1746453600000,pCmwi12q7em8vZ2289jQNHHYuPAgS3$0$manual$manual$0,BL24aAwDC5Ncu2Hlkka6TTqJYFGel4,2025-05-05T14:00:00.000Z
manual,,manual,18.5,,1746442800000,pCmwi12q7em8vZ2289jQNHHYuPAgS3$0$manual$manual$0,KMcMeBwpZFw8cANWNyBgd7EW1wIx3v,2025-05-05T11:00:00.000Z
manual,,manual,17.7,,1746428400000,pCmwi12q7em8vZ2289jQNHHYuPAgS3$0$manual$manual$0,KwyIiuM3a5hjPbTCwQ5xoiUynPafS5,2025-05-05T07:00:00.000Z
manual,,manual,18.8,,1746381600000,pCmwi12q7em8vZ2289jQNHHYuPAgS3$0$manual$manual$0,4jwaNEIOIElrp5S7DW9bjZHB9rVk8x,2025-05-04T18:00:00.000Z
manual,,manual,18.6,,1746367200000,pCmwi12q7em8vZ2289jQNHHYuPAgS3$0$manual$manual$0,SvTnwrbn6XFr5Bp05Nck7Xk7zpSXQX,2025-05-04T14:00:00.000Z
manual,,manual,17.7,,1746352800000,pCmwi12q7em8vZ2289jQNHHYuPAgS3$0$manual$manual$0,PNGwRiZ2ySMP4ZLVC6917EYWN22R9r,2025-05-04T10:00:00.000Z
manual,,manual,18.8,,1746338400000,pCmwi12q7em8vZ2289jQNHHYuPAgS3$0$manual$manual$0,jqD02IjhtzZ3eLLaJpQctczpgDekeu,2025-05-04T06:00:00.000Z
manual,,manual,18,,1746295200000,pCmwi12q7em8vZ2289jQNHHYuPAgS3$0$manual$manual$0,k7WF1tnWAcX04LdmzVJGuhYfOFTfMg,2025-05-03T18:00:00.000Z
manual,,manual,17.8,,1746280800000,pCmwi12q7em8vZ2289jQNHHYuPAgS3$0$manual$manual$0,fkE5itslhoyYkrf70FbsMsyyceCNbN,2025-05-03T14:00:00.000Z
manual,,manual,18.3,,1746252000000,pCmwi12q7em8vZ2289jQNHHYuPAgS3$0$manual$manual$0,QvSuPXdlXCkSbLfg9BdZNsHWcCfOMU,2025-05-03T06:00:00.000Z
manual,,manual,18.5,,1746208800000,pCmwi12q7em8vZ2289jQNHHYuPAgS3$0$manual$manual$0,QoR409P9nuQvsAvbuKs5RnDc2VW9yU,2025-05-02T18:00:00.000Z
manual,,manual,19.2,,1746194400000,pCmwi12q7em8vZ2289jQNHHYuPAgS3$0$manual$manual$0,Zr6omyLJcdzwep6OXnoshabpQxNgzD,2025-05-02T14:00:00.000Z
manual,,manual,18.6,,1746165600000,pCmwi12q7em8vZ2289jQNHHYuPAgS3$0$manual$manual$0,K0ARjfjiplbyKVImKub4cQa3Z7hB2Z,2025-05-02T06:00:00.000Z
manual,,manual,18.8,,1746122400000,pCmwi12q7em8vZ2289jQNHHYuPAgS3$0$manual$manual$0,DPbotkE6LKu8qOHNX5EQsimLW87NSL,2025-05-01T18:00:00.000Z
manual,,manual,18.2,,1746115200000,pCmwi12q7em8vZ2289jQNHHYuPAgS3$0$manual$manual$0,a7vJZco4D2NToJxqCcdoOjSxa0JNK1,2025-05-01T16:00:00.000Z
manual,,manual,18.9,,1746079200000,pCmwi12q7em8vZ2289jQNHHYuPAgS3$0$manual$manual$0,OkBXvFNUXdZpczkqGiqu5Gkujm5xBZ,2025-05-01T06:00:00.000Z
manual,,manual,18.7,,1746036000000,pCmwi12q7em8vZ2289jQNHHYuPAgS3$0$manual$manual$0,PZNZeD3ZH3oqUtyuTmRaHNDke5VKlL,2025-04-30T18:00:00.000Z
manual,,manual,17.7,,1745992800000,pCmwi12q7em8vZ2289jQNHHYuPAgS3$0$manual$manual$0,Q4efFmB1UtU6z5WQ3WnhygwNtWTfVj,2025-04-30T06:00:00.000Z
manual,,manual,18.5,,1745953200000,pCmwi12q7em8vZ2289jQNHHYuPAgS3$0$manual$manual$0,bNF6Z6XSXn9QOED46vng6r4kZDFBBG,2025-04-29T19:00:00.000Z
manual,,manual,18.2,,1745942400000,pCmwi12q7em8vZ2289jQNHHYuPAgS3$0$manual$manual$0,uQdAhwtL3nhTfI0DrXc5AVwHZ1571e,2025-04-29T16:00:00.000Z
manual,,manual,18.6,,1745906400000,pCmwi12q7em8vZ2289jQNHHYuPAgS3$0$manual$manual$0,62G21KFgODjLJ6VSfHXya7nVJqmABr,2025-04-29T06:00:00.000Z
manual,,manual,18.5,,1745863200000,pCmwi12q7em8vZ2289jQNHHYuPAgS3$0$manual$manual$0,zIJyfFKLDlUuKBx9J9dGUTevsNyo7p,2025-04-28T18:00:00.000Z
manual,,manual,18.3,,1745820000000,pCmwi12q7em8vZ2289jQNHHYuPAgS3$0$manual$manual$0,pHVGJyIbXanQh7R3Es95O09cZZjRxq,2025-04-28T06:00:00.000Z
manual,,manual,19.2,,1745776800000,pCmwi12q7em8vZ2289jQNHHYuPAgS3$0$manual$manual$0,puYZk5dVXf1bCWTZ36kbewfSiELzjf,2025-04-27T18:00:00.000Z
manual,,manual,18.1,,1745733600000,pCmwi12q7em8vZ2289jQNHHYuPAgS3$0$manual$manual$0,4QRlemjuEPWSvf8MCuANmxrMay8zRp,2025-04-27T06:00:00.000Z
manual,,manual,18.2,,1745690400000,pCmwi12q7em8vZ2289jQNHHYuPAgS3$0$manual$manual$0,eEgdFMTt382QWY7toSEkgzFu8D6ozq,2025-04-26T18:00:00.000Z
manual,,manual,18.5,,1745676000000,pCmwi12q7em8vZ2289jQNHHYuPAgS3$0$manual$manual$0,XJLgwiBChJjecBPNO61jQD07Vipsdf,2025-04-26T14:00:00.000Z
manual,,manual,18.3,,1745640000000,pCmwi12q7em8vZ2289jQNHHYuPAgS3$0$manual$manual$0,pY7McTcmfwS9ar6QltOtnYn56wUYdd,2025-04-26T04:00:00.000Z
manual,,manual,18.5,,1745604000000,pCmwi12q7em8vZ2289jQNHHYuPAgS3$0$manual$manual$0,HtLsjTk6SjzUAHZBhsreNSbKgFDeae,2025-04-25T18:00:00.000Z
manual,,manual,18.6,,1745560800000,pCmwi12q7em8vZ2289jQNHHYuPAgS3$0$manual$manual$0,nuvNUkx51FBvujAEw87Uo2m8TNiNTM,2025-04-25T06:00:00.000Z
manual,,manual,17.9,,1745517600000,pCmwi12q7em8vZ2289jQNHHYuPAgS3$0$manual$manual$0,0YrkqfakiRlCNJdvHb8wN90QpBaweI,2025-04-24T18:00:00.000Z
manual,,manual,17.7,,1745474400000,pCmwi12q7em8vZ2289jQNHHYuPAgS3$0$manual$manual$0,H7AsNq8eHUdgt0CIUTOLd2BGDHBbKq,2025-04-24T06:00:00.000Z
manual,,manual,17.5,,1745445600000,pCmwi12q7em8vZ2289jQNHHYuPAgS3$0$manual$manual$0,hbxQBfjdICIBQEXryQLuXShA6PbMkn,2025-04-23T22:00:00.000Z
manual,,manual,18,,1745431200000,pCmwi12q7em8vZ2289jQNHHYuPAgS3$0$manual$manual$0,xSh4Zppp1ycvCShq8R2v7kK8YHFZlT,2025-04-23T18:00:00.000Z
manual,,manual,18.5,,1745388000000,pCmwi12q7em8vZ2289jQNHHYuPAgS3$0$manual$manual$0,JWuqLikJPtdCBFuzoGZkP2Mt1m5LEi,2025-04-23T06:00:00.000Z
manual,,manual,17.9,,1745359200000,pCmwi12q7em8vZ2289jQNHHYuPAgS3$0$manual$manual$0,3mUYzFDKOrGkcc9TMd9d90f6K91Jtp,2025-04-22T22:00:00.000Z
manual,,manual,18.5,,1745348400000,pCmwi12q7em8vZ2289jQNHHYuPAgS3$0$manual$manual$0,zVKhXwKEhBwPizkqx0riMs6XERpmfg,2025-04-22T19:00:00.000Z
manual,,manual,18.8,,1745301600000,pCmwi12q7em8vZ2289jQNHHYuPAgS3$0$manual$manual$0,u7Pq1Svlg34pmWeMhxkZrYEmz4dD9C,2025-04-22T06:00:00.000Z
manual,,manual,18.5,,1745258400000,pCmwi12q7em8vZ2289jQNHHYuPAgS3$0$manual$manual$0,CNLlB5syYBASBsc4UGkhp9bs9hpp2f,2025-04-21T18:00:00.000Z
manual,,manual,18.8,,1745244000000,pCmwi12q7em8vZ2289jQNHHYuPAgS3$0$manual$manual$0,y8fp0djFwI6U9nQwDuTNEy7HS4rmvb,2025-04-21T14:00:00.000Z
manual,,manual,18.5,,1744956900000,pCmwi12q7em8vZ2289jQNHHYuPAgS3$0$manual$manual$0,NAsVfx3I8QbSNzwMJGVlOw8CA2QvCc,2025-04-18T06:15:00.000Z
manual,,manual,17.6,,1744941600000,pCmwi12q7em8vZ2289jQNHHYuPAgS3$0$manual$manual$0,KpGcaYj5h0xlmdqzNVpLoGB0b3W1ws,2025-04-18T02:00:00.000Z
manual,,manual,18.7,,1744927200000,pCmwi12q7em8vZ2289jQNHHYuPAgS3$0$manual$manual$0,L3byoqMLAZuEukb7muWqRyFjb1hcr3,2025-04-17T22:00:00.000Z
manual,,manual,17.5,,1744912800000,pCmwi12q7em8vZ2289jQNHHYuPAgS3$0$manual$manual$0,YNn05FIGdTeyJuoDFpmtpnjb9cXWGJ,2025-04-17T18:00:00.000Z
manual,,manual,18.2,,1744901100000,pCmwi12q7em8vZ2289jQNHHYuPAgS3$0$manual$manual$0,x1IFDiiX2O9g38eoBSxWWjaLQo4qHj,2025-04-17T14:45:00.000Z
manual,,manual,18.5,,1744884900000,pCmwi12q7em8vZ2289jQNHHYuPAgS3$0$manual$manual$0,oh0yiFQumnPlDFwcxZdUxIdFWaYifu,2025-04-17T10:15:00.000Z
manual,,manual,17.8,,1744869600000,pCmwi12q7em8vZ2289jQNHHYuPAgS3$0$manual$manual$0,O516IIMAg6N0Y5qqbY5JQtwZDOZUxp,2025-04-17T06:00:00.000Z
manual,,manual,18.6,,1744855200000,pCmwi12q7em8vZ2289jQNHHYuPAgS3$0$manual$manual$0,jpFU3ESGtPkIZHQHbCYmjHeFISeZEN,2025-04-17T02:00:00.000Z
manual,,manual,17.5,,1744840800000,pCmwi12q7em8vZ2289jQNHHYuPAgS3$0$manual$manual$0,DlhnQm0LOpLONG2lS7nURtNf6fyLya,2025-04-16T22:00:00.000Z
manual,,manual,18.8,,1744826400000,pCmwi12q7em8vZ2289jQNHHYuPAgS3$0$manual$manual$0,bEJOeeEEqXv9tFLdh9qibzrbRf0Tml,2025-04-16T18:00:00.000Z
manual,,manual,18.4,,1744812000000,pCmwi12q7em8vZ2289jQNHHYuPAgS3$0$manual$manual$0,vIphJaR2RjFbEknYe3LUZBLz7CDHyd,2025-04-16T14:00:00.000Z
manual,,manual,17.8,,1744797600000,pCmwi12q7em8vZ2289jQNHHYuPAgS3$0$manual$manual$0,8pLdW7vwg6RF1dvvWlg1kjTKE1B02Q,2025-04-16T10:00:00.000Z
manual,,manual,18.7,,1744783200000,pCmwi12q7em8vZ2289jQNHHYuPAgS3$0$manual$manual$0,I6PFzJo71IigNoAOUtbPf81D7fu4yz,2025-04-16T06:00:00.000Z
manual,,manual,17.5,,1744768800000,pCmwi12q7em8vZ2289jQNHHYuPAgS3$0$manual$manual$0,nLAwq11JxArHLChBXSV2IDTbnOG9L4,2025-04-16T02:00:00.000Z
manual,,manual,18.1,,1744754400000,pCmwi12q7em8vZ2289jQNHHYuPAgS3$0$manual$manual$0,BC3k91nQKh5EtlYfqtjgwRNmSILanJ,2025-04-15T22:00:00.000Z
manual,,manual,18.1,,1744740000000,pCmwi12q7em8vZ2289jQNHHYuPAgS3$0$manual$manual$0,APaaDuvOMtDRJzhlyks71Pl3nhTUHp,2025-04-15T18:00:00.000Z
manual,,manual,18.1,,1744725600000,pCmwi12q7em8vZ2289jQNHHYuPAgS3$0$manual$manual$0,N1tY1del0VLQbj3prgF1ax6KuWb81d,2025-04-15T14:00:00.000Z
manual,,manual,18.4,,1744709400000,pCmwi12q7em8vZ2289jQNHHYuPAgS3$0$manual$manual$0,UyMI28NF5hK2c0Bb1CMjBje8p0Y7H1,2025-04-15T09:30:00.000Z
manual,,manual,18.8,,1744696800000,pCmwi12q7em8vZ2289jQNHHYuPAgS3$0$manual$manual$0,Aa9vSoM94f1KXR0wAu7GHpaaHTte5E,2025-04-15T06:00:00.000Z
manual,,manual,17.5,,1744682400000,pCmwi12q7em8vZ2289jQNHHYuPAgS3$0$manual$manual$0,jwGaeLDY6QskZfSiGHpl8FO9sNS0w9,2025-04-15T02:00:00.000Z
manual,,manual,18.4,,1744668000000,pCmwi12q7em8vZ2289jQNHHYuPAgS3$0$manual$manual$0,u4F64WDeTbTW4w6lkHZ4j93ttYOsxl,2025-04-14T22:00:00.000Z
manual,,manual,18.9,,1744653600000,pCmwi12q7em8vZ2289jQNHHYuPAgS3$0$manual$manual$0,O51KGajojEOVvqkuTLBYOaimOmMqAv,2025-04-14T18:00:00.000Z
manual,,manual,18.9,,1744639200000,pCmwi12q7em8vZ2289jQNHHYuPAgS3$0$manual$manual$0,LDO07WYZwqVhRZP96CifZGsfAvzdgf,2025-04-14T14:00:00.000Z
manual,,manual,17.8,,1744624800000,pCmwi12q7em8vZ2289jQNHHYuPAgS3$0$manual$manual$0,nxSoNRUkNg4ewvZRB01to2yEw0UR8o,2025-04-14T10:00:00.000Z
manual,,manual,17.7,1.008,1744616335971,pCmwi12q7em8vZ2289jQNHHYuPAgS3$0$manual$manual$0,CU7MrgfIM7ZHMC0DR5hPGdYVY4a1D6,2025-04-14T07:38:55.971Z,4.28,0.145038
manual,,manual,20.9,,1744610400000,pCmwi12q7em8vZ2289jQNHHYuPAgS3$0$manual$manual$0,kgkH5LWSp0oO2ouVUPMGswlfwKiGyJ,2025-04-14T06:00:00.000Z,,0.145038
manual,,manual,20.7,,1744596000000,pCmwi12q7em8vZ2289jQNHHYuPAgS3$0$manual$manual$0,R7NEXwGxMneWriZvuJ6dWhdgVxwzuc,2025-04-14T02:00:00.000Z,,
manual,,manual,21.3,,1744581600000,pCmwi12q7em8vZ2289jQNHHYuPAgS3$0$manual$manual$0,IDYrlxhdtEouJCsSxOlm484UHynAl9,2025-04-13T22:00:00.000Z,,
manual,,manual,20.7,,1744567200000,pCmwi12q7em8vZ2289jQNHHYuPAgS3$0$manual$manual$0,doviCC6ATDEXQzl4HZbsA9tYz9l0f7,2025-04-13T18:00:00.000Z,,0.145038
manual,,manual,20.6,,1744552800000,pCmwi12q7em8vZ2289jQNHHYuPAgS3$0$manual$manual$0,eTnAKmVYi3Hqv41tDKxd3CrsHaBw9w,2025-04-13T14:00:00.000Z,,0.145038
manual,,manual,21.1,,1744538400000,pCmwi12q7em8vZ2289jQNHHYuPAgS3$0$manual$manual$0,BxV9bLrpkcoheo52PjjwLudOXHHlse,2025-04-13T10:00:00.000Z,,0.145038
manual,,manual,21.4,,1744524000000,pCmwi12q7em8vZ2289jQNHHYuPAgS3$0$manual$manual$0,H1BbYERGZLrlUo1uvfEPOwKmrRHvL4,2025-04-13T06:00:00.000Z,,0.145038
manual,,manual,20.5,,1744509600000,pCmwi12q7em8vZ2289jQNHHYuPAgS3$0$manual$manual$0,4YcT6Blc3eF1kAA1zts1xJpFu7FIt2,2025-04-13T02:00:00.000Z,,
manual,,manual,21.4,,1744495200000,pCmwi12q7em8vZ2289jQNHHYuPAgS3$0$manual$manual$0,2f2qAJ2p8MGMepC5XG3NcfhUfgF0yS,2025-04-12T22:00:00.000Z,,
manual,,manual,20.9,,1744480800000,pCmwi12q7em8vZ2289jQNHHYuPAgS3$0$manual$manual$0,QUQWmB6nILlF4OZnUfLy8qSGYU2rHk,2025-04-12T18:00:00.000Z,,0.145038
manual,,manual,21.4,,1744466400000,pCmwi12q7em8vZ2289jQNHHYuPAgS3$0$manual$manual$0,Ev0dUGlfsXEmX6RxamJp9SYaHrYPCg,2025-04-12T14:00:00.000Z,,0.145038
manual,,manual,21,,1744452000000,pCmwi12q7em8vZ2289jQNHHYuPAgS3$0$manual$manual$0,TmvUtZIBN4TNtN1ZTc9UULiyWPOxcX,2025-04-12T10:00:00.000Z,,0.145038
manual,,manual,21.2,,1744437600000,pCmwi12q7em8vZ2289jQNHHYuPAgS3$0$manual$manual$0,kEJnA6mjkLQctYFnaoJwDFX1rwBSRm,2025-04-12T06:00:00.000Z,,0.145038
manual,,manual,20.9,,1744423200000,pCmwi12q7em8vZ2289jQNHHYuPAgS3$0$manual$manual$0,KY4CM2C4cccymnirs8SiZTfhXGZ33J,2025-04-12T02:00:00.000Z,,
manual,,manual,20.8,,1744408800000,pCmwi12q7em8vZ2289jQNHHYuPAgS3$0$manual$manual$0,YLBjPmvgGoCZWx4GA8lbVBrIBCg3IL,2025-04-11T22:00:00.000Z,,
manual,,manual,20.5,,1744394400000,pCmwi12q7em8vZ2289jQNHHYuPAgS3$0$manual$manual$0,pscHfcHjChnNfvzJYmNXJx43FW2sXK,2025-04-11T18:00:00.000Z,,0.145038
manual,,manual,21.5,,1744380000000,pCmwi12q7em8vZ2289jQNHHYuPAgS3$0$manual$manual$0,ILqFb4HlG4SoU0KtEz4vK3GJaxC9Lz,2025-04-11T14:00:00.000Z,,0.145038
manual,,manual,20.7,,1744365600000,pCmwi12q7em8vZ2289jQNHHYuPAgS3$0$manual$manual$0,0y74gra8mxWEZpHHEKoXBfJiiFAHz3,2025-04-11T10:00:00.000Z,,
manual,,manual,20.9,,1744351200000,pCmwi12q7em8vZ2289jQNHHYuPAgS3$0$manual$manual$0,CKDWVD7ZiWMyzOf7gEaI3SPX8QBNkF,2025-04-11T06:00:00.000Z,,0.145038
manual,,manual,21.2,,1744336800000,pCmwi12q7em8vZ2289jQNHHYuPAgS3$0$manual$manual$0,clKo3k2BaBCgbazXEpXAXghq8nnfVW,2025-04-11T02:00:00.000Z,,
manual,,manual,20.7,,1744322400000,pCmwi12q7em8vZ2289jQNHHYuPAgS3$0$manual$manual$0,SJAeX3XB3G7YdY2dJvVfNmAbzdLXQ1,2025-04-10T22:00:00.000Z,,
manual,,manual,20.8,,1744308000000,pCmwi12q7em8vZ2289jQNHHYuPAgS3$0$manual$manual$0,5ii2B9WGjWj1hqy5XzrUSLF9wdBeBr,2025-04-10T18:00:00.000Z,,0.145038
manual,,manual,20.8,,1744293600000,pCmwi12q7em8vZ2289jQNHHYuPAgS3$0$manual$manual$0,gM29VyRSx7vGPDScfji4KowhKGKXD2,2025-04-10T14:00:00.000Z,,0.145038
manual,,manual,21.2,,1744279200000,pCmwi12q7em8vZ2289jQNHHYuPAgS3$0$manual$manual$0,K44pec3BPYe9Aiskv3OJ4eQS1ZjcSZ,2025-04-10T10:00:00.000Z,,
manual,,manual,20.7,,1744264800000,pCmwi12q7em8vZ2289jQNHHYuPAgS3$0$manual$manual$0,thxsUQeg9UXt8swbDbpVVpZgIaMF45,2025-04-10T06:00:00.000Z,,0.145038
manual,,manual,20.8,,1744250400000,pCmwi12q7em8vZ2289jQNHHYuPAgS3$0$manual$manual$0,MRSTY9zu1SLeg8xS78VoLfLWtT2D5P,2025-04-10T02:00:00.000Z,,
manual,,manual,20.7,,1744236000000,pCmwi12q7em8vZ2289jQNHHYuPAgS3$0$manual$manual$0,bdObdH15gXkYcs5mq68MwDnrw2Askr,2025-04-09T22:00:00.000Z,,
manual,,manual,19.5,,1744228800000,pCmwi12q7em8vZ2289jQNHHYuPAgS3$0$manual$manual$0,j2WvkVeoPAITojqov0QTmQOFzF1Yr7,2025-04-09T20:00:00.000Z,,
manual,,manual,17.7,,1744221600000,pCmwi12q7em8vZ2289jQNHHYuPAgS3$0$manual$manual$0,6Stqt3uKayio45jpAKQV2X6Wj98OEo,2025-04-09T18:00:00.000Z,,0.145038
manual,,manual,18.3,,1744207200000,pCmwi12q7em8vZ2289jQNHHYuPAgS3$0$manual$manual$0,URhfNEudkaCAgB3vz78cXSI5P355c8,2025-04-09T14:00:00.000Z,,
manual,,manual,18.5,,1744192800000,pCmwi12q7em8vZ2289jQNHHYuPAgS3$0$manual$manual$0,lgkBBw3fR5kP2O8YWKiwIqRId2WXw1,2025-04-09T10:00:00.000Z,,
manual,,manual,17.6,,1744178400000,pCmwi12q7em8vZ2289jQNHHYuPAgS3$0$manual$manual$0,s4R2l56QrsA4a3TI0vGNQU0MS7Xb8S,2025-04-09T06:00:00.000Z,,0.145038
manual,,manual,17.7,,1744164000000,pCmwi12q7em8vZ2289jQNHHYuPAgS3$0$manual$manual$0,B2LgY5H2bKSa3dX7GzmotAzCaWxaXS,2025-04-09T02:00:00.000Z,,
manual,,manual,17.7,,1744149600000,pCmwi12q7em8vZ2289jQNHHYuPAgS3$0$manual$manual$0,kwkUdm2dJz7KA7o2wGXSYjOQzoUuVd,2025-04-08T22:00:00.000Z,,
manual,,manual,18.4,,1744135200000,pCmwi12q7em8vZ2289jQNHHYuPAgS3$0$manual$manual$0,0gMlKSDSXDPCqZeIYRauD0KFjXxB7D,2025-04-08T18:00:00.000Z,,0.145038
manual,,manual,17.6,,1744120800000,pCmwi12q7em8vZ2289jQNHHYuPAgS3$0$manual$manual$0,uHQb89pBNm8fS6lDkXx51MdDLw8Seg,2025-04-08T14:00:00.000Z,,
manual,,manual,18.4,,1744106400000,pCmwi12q7em8vZ2289jQNHHYuPAgS3$0$manual$manual$0,4uLgTHwlqGt4LbAHLCIVryH7TeBByo,2025-04-08T10:00:00.000Z,,
manual,,manual,17.7,,1744092000000,pCmwi12q7em8vZ2289jQNHHYuPAgS3$0$manual$manual$0,BSIhoAkszEPwmgroBCMl0eyGkheCcW,2025-04-08T06:00:00.000Z,,0.145038
manual,,manual,18,,1744077600000,pCmwi12q7em8vZ2289jQNHHYuPAgS3$0$manual$manual$0,vb6CDotlNV6Gn6VV5DCPda3lvNvple,2025-04-08T02:00:00.000Z,,
manual,,manual,17.9,,1744063200000,pCmwi12q7em8vZ2289jQNHHYuPAgS3$0$manual$manual$0,9kvu6JD7LPU97bqQ5Tx5GjOWacvcsY,2025-04-07T22:00:00.000Z,,
manual,,manual,17.7,,1744048800000,pCmwi12q7em8vZ2289jQNHHYuPAgS3$0$manual$manual$0,emb5r48zaiJ8Mr72OrnLOb0u7MpPTL,2025-04-07T18:00:00.000Z,,0.145038
manual,,manual,17.9,,1744034400000,pCmwi12q7em8vZ2289jQNHHYuPAgS3$0$manual$manual$0,tYHUf1morG99NrmZPPw7Rfsbdi0Ym7,2025-04-07T14:00:00.000Z,,0.145038
manual,,manual,18,,1744020000000,pCmwi12q7em8vZ2289jQNHHYuPAgS3$0$manual$manual$0,Wbqhpn3OvqSHNAjpxXHtyIu4ZSLBxy,2025-04-07T10:00:00.000Z,,
manual,,manual,17.7,,1744005600000,pCmwi12q7em8vZ2289jQNHHYuPAgS3$0$manual$manual$0,QWYY4qqDRu5pv73KTY0Y8wilK8SBQo,2025-04-07T06:00:00.000Z,,0.145038
manual,,manual,17.7,,1743991200000,pCmwi12q7em8vZ2289jQNHHYuPAgS3$0$manual$manual$0,NkDdae93XjGh3liheRtBwL8HJfEuYd,2025-04-07T02:00:00.000Z,,
manual,,manual,17.5,,1743976800000,pCmwi12q7em8vZ2289jQNHHYuPAgS3$0$manual$manual$0,sy4HJn8KuyPnx4UFzT0P2yfoXqwAGc,2025-04-06T22:00:00.000Z,,
manual,,manual,18.1,,1743962400000,pCmwi12q7em8vZ2289jQNHHYuPAgS3$0$manual$manual$0,mUzHscb2YXv5Gef9k4rR0njXBzHo3F,2025-04-06T18:00:00.000Z,,0.145038
manual,,manual,17.9,,1743948000000,pCmwi12q7em8vZ2289jQNHHYuPAgS3$0$manual$manual$0,q0cpq11ofkGIAmf6Anfttt0WzBFqlm,2025-04-06T14:00:00.000Z,,0.145038
manual,,manual,17.7,,1743933600000,pCmwi12q7em8vZ2289jQNHHYuPAgS3$0$manual$manual$0,5crUbSHZYDth0pi2PFO5ZeBz4NuWUI,2025-04-06T10:00:00.000Z,,0.145038
manual,,manual,17.8,,1743919200000,pCmwi12q7em8vZ2289jQNHHYuPAgS3$0$manual$manual$0,JIHUByuzBvT9oRBuVgva9Irp0Ma9xS,2025-04-06T06:00:00.000Z,,0.145038
manual,,manual,17.8,,1743904800000,pCmwi12q7em8vZ2289jQNHHYuPAgS3$0$manual$manual$0,8jcWu4L5eRKiS9QseqjpunHOz4N4Xf,2025-04-06T02:00:00.000Z,,
manual,,manual,17.5,,1743890400000,pCmwi12q7em8vZ2289jQNHHYuPAgS3$0$manual$manual$0,aL9rf0qlM1aeI2zcof4Q8m2YaRoG1a,2025-04-05T22:00:00.000Z,,
manual,,manual,17.6,,1743876000000,pCmwi12q7em8vZ2289jQNHHYuPAgS3$0$manual$manual$0,uHST7ImCQFrekrLm4dy6j9kh1BWKQR,2025-04-05T18:00:00.000Z,,0.145038
manual,,manual,17.5,,1743861600000,pCmwi12q7em8vZ2289jQNHHYuPAgS3$0$manual$manual$0,oiqerIQEUBr0pt3NI25UenFrtSgmQ6,2025-04-05T14:00:00.000Z,,0.145038
manual,,manual,17.8,,1743847200000,pCmwi12q7em8vZ2289jQNHHYuPAgS3$0$manual$manual$0,0EfIMxW43FZfAHC9jAgHqQMHvaJVWk,2025-04-05T10:00:00.000Z,,0.145038
manual,,manual,18.3,,1743832800000,pCmwi12q7em8vZ2289jQNHHYuPAgS3$0$manual$manual$0,71ARBayWjAcHPf1kIgq41l8aleW9yZ,2025-04-05T06:00:00.000Z,,
manual,,manual,17.6,,1743818400000,pCmwi12q7em8vZ2289jQNHHYuPAgS3$0$manual$manual$0,9arKFwXKaMegDjn8llb9mQWNX1yAhI,2025-04-05T02:00:00.000Z,,
manual,,manual,17.6,,1743804000000,pCmwi12q7em8vZ2289jQNHHYuPAgS3$0$manual$manual$0,FaNT91ZZpdRqlYtoKrqTmhsz0Hgokp,2025-04-04T22:00:00.000Z,,
manual,,manual,17.7,,1743789600000,pCmwi12q7em8vZ2289jQNHHYuPAgS3$0$manual$manual$0,gs60yRU0fpSfSmy6PUZrK9plOXOqnb,2025-04-04T18:00:00.000Z,,
manual,,manual,17.7,,1743782400000,pCmwi12q7em8vZ2289jQNHHYuPAgS3$0$manual$manual$0,ymrI4mQcVHbC539o2XFmLARh8OlJ1c,2025-04-04T16:00:00.000Z,,0.145038
manual,,manual,17.7,,1743775200000,pCmwi12q7em8vZ2289jQNHHYuPAgS3$0$manual$manual$0,8dWRMXxdEiupaJQVVEodR69739pq9c,2025-04-04T14:00:00.000Z,,
manual,,manual,18.4,,1743760800000,pCmwi12q7em8vZ2289jQNHHYuPAgS3$0$manual$manual$0,OIkLJOpq8m5yFTewdcyabm5FVwCRN2,2025-04-04T10:00:00.000Z,,
manual,,manual,17.8,,1743746400000,pCmwi12q7em8vZ2289jQNHHYuPAgS3$0$manual$manual$0,XmeEmLu0adaL5qLCvI5wpUkhihrd26,2025-04-04T06:00:00.000Z,,0.145038
manual,,manual,18.3,,1743732000000,pCmwi12q7em8vZ2289jQNHHYuPAgS3$0$manual$manual$0,LPA7Q5Yv9Yqwel2jrjCv8ShKS4saDy,2025-04-04T02:00:00.000Z,,
manual,,manual,18.4,,1743717600000,pCmwi12q7em8vZ2289jQNHHYuPAgS3$0$manual$manual$0,3FEjaqp9bHiz9kd5UwrIvJxZqV0HUO,2025-04-03T22:00:00.000Z,,
manual,,manual,17.8,,1743703200000,pCmwi12q7em8vZ2289jQNHHYuPAgS3$0$manual$manual$0,0K4i58XCXDCue9fxxwXYFCAaTN4sw2,2025-04-03T18:00:00.000Z,,0.145038
manual,,manual,18.2,,1743688800000,pCmwi12q7em8vZ2289jQNHHYuPAgS3$0$manual$manual$0,OQJuhAWT5MbkJPWELqsMLuMi96LVDh,2025-04-03T14:00:00.000Z,,
manual,,manual,17.8,,1743674400000,pCmwi12q7em8vZ2289jQNHHYuPAgS3$0$manual$manual$0,UNqPiBwLnw50XA6U2E0LFXaJ2MS4PC,2025-04-03T10:00:00.000Z,,
manual,,manual,17.7,,1743660000000,pCmwi12q7em8vZ2289jQNHHYuPAgS3$0$manual$manual$0,p6l4zfgD8a1OSF8rUpOsHkQHBNUlX1,2025-04-03T06:00:00.000Z,,0.145038
manual,,manual,18,,1743645600000,pCmwi12q7em8vZ2289jQNHHYuPAgS3$0$manual$manual$0,skkVKGGy2R56fdQB0ailjLwXP1KRjg,2025-04-03T02:00:00.000Z,,
manual,,manual,17.8,,1743631200000,pCmwi12q7em8vZ2289jQNHHYuPAgS3$0$manual$manual$0,8t4XSZvfMELXiJlpqLEymb5W4ISga8,2025-04-02T22:00:00.000Z,,
manual,,manual,18.5,,1743624000000,pCmwi12q7em8vZ2289jQNHHYuPAgS3$0$manual$manual$0,Wi2Vs91ndrqeAqYqy3Tx1SnBqtuBGW,2025-04-02T20:00:00.000Z,,0.145038
manual,,manual,17.9,,1743616800000,pCmwi12q7em8vZ2289jQNHHYuPAgS3$0$manual$manual$0,CUh6EgBVRfsbiWX0AohMo2m0YN3Eaz,2025-04-02T18:00:00.000Z,,0.145038
manual,,manual,17.8,,1743602400000,pCmwi12q7em8vZ2289jQNHHYuPAgS3$0$manual$manual$0,6gKUsyqYkszwFFFQdhY1SbxZ7Fd2Xq,2025-04-02T14:00:00.000Z,,
manual,,manual,18.2,,1743588000000,pCmwi12q7em8vZ2289jQNHHYuPAgS3$0$manual$manual$0,kxgBWCYnTiOtwXnRc0zcU9Q7Oq1RzI,2025-04-02T10:00:00.000Z,,
manual,,manual,18.5,,1743573600000,pCmwi12q7em8vZ2289jQNHHYuPAgS3$0$manual$manual$0,YlFANtwVIyBQw0rbTmx93WTRj3TZpT,2025-04-02T06:00:00.000Z,,0.145038
manual,,manual,18.2,,1743559200000,pCmwi12q7em8vZ2289jQNHHYuPAgS3$0$manual$manual$0,ovTSXkMJsk3SusTKsc9QX67pikNhn3,2025-04-02T02:00:00.000Z,,
manual,,manual,17.7,,1743544800000,pCmwi12q7em8vZ2289jQNHHYuPAgS3$0$manual$manual$0,njCZoo8PXoeqihz8pUgZeRr6DTNEjk,2025-04-01T22:00:00.000Z,,
manual,,manual,17.8,,1743530400000,pCmwi12q7em8vZ2289jQNHHYuPAgS3$0$manual$manual$0,w3PRmmqoAzLJTc4pjAyDvN7UKdVXmc,2025-04-01T18:00:00.000Z,,0.145038
manual,,manual,18,,1743525000000,pCmwi12q7em8vZ2289jQNHHYuPAgS3$0$manual$manual$0,TTLuruPiL5YSRGv11G8hcFinAHEHPJ,2025-04-01T16:30:00.000Z,,0.145038
manual,,manual,17.7,,1743516000000,pCmwi12q7em8vZ2289jQNHHYuPAgS3$0$manual$manual$0,ckRIqeIugBaXXDtUQQddy5DQ9KuWnx,2025-04-01T14:00:00.000Z,,
manual,,manual,17.8,,1743501600000,pCmwi12q7em8vZ2289jQNHHYuPAgS3$0$manual$manual$0,Nic6MVJzXR3Jw7Auld6MKgTMnAqVuF,2025-04-01T10:00:00.000Z,,
manual,.01,manual,18.4,,1743487200000,pCmwi12q7em8vZ2289jQNHHYuPAgS3$0$manual$manual$0,K8KhLOJubemHtrXNw0I8a8COGHD37w,2025-04-01T06:00:00.000Z,,
manual,,manual,17.7,,1743472800000,pCmwi12q7em8vZ2289jQNHHYuPAgS3$0$manual$manual$0,6TCUbUoRaT3zaXgIX8L7BQzQr2kquT,2025-04-01T02:00:00.000Z,,
manual,,manual,17.7,,1743458400000,pCmwi12q7em8vZ2289jQNHHYuPAgS3$0$manual$manual$0,mO6PU2tNZcS0GRdeDjbKhPB98vgVvr,2025-03-31T22:00:00.000Z,,0.145038
manual,,manual,17.8,,1743444000000,pCmwi12q7em8vZ2289jQNHHYuPAgS3$0$manual$manual$0,PYhIyj7hyRrOwovBiuN1qSTOgsHWqb,2025-03-31T18:00:00.000Z,,0.145038
manual,,manual,18.3,,1743433200000,pCmwi12q7em8vZ2289jQNHHYuPAgS3$0$manual$manual$0,KjPGilBiJ8zz7LtDQuh5E8Ktnrbvo7,2025-03-31T15:00:00.000Z,,0.145038
manual,,manual,18.5,,1743422400000,pCmwi12q7em8vZ2289jQNHHYuPAgS3$0$manual$manual$0,g5MJd3eTP0RS5gxPkNF40ittpj3ShK,2025-03-31T12:00:00.000Z,,0.145038
manual,,manual,17,,1743406200000,pCmwi12q7em8vZ2289jQNHHYuPAgS3$0$manual$manual$0,oT8KnzoVXaV30BVnUUGoo9z4xcj8Fw,2025-03-31T07:30:00.000Z,,0.145038
manual,,manual,17.1,,1743400800000,pCmwi12q7em8vZ2289jQNHHYuPAgS3$0$manual$manual$0,NXvUli17ueI6SIr82kLsKblTSwwqfQ,2025-03-31T06:00:00.000Z,,
manual,,manual,16.8,,1743386400000,pCmwi12q7em8vZ2289jQNHHYuPAgS3$0$manual$manual$0,SaYnZBU0MZ0HkjjMX7PggLbuxVGWGO,2025-03-31T02:00:00.000Z,,
manual,,manual,17.2,,1743373800000,pCmwi12q7em8vZ2289jQNHHYuPAgS3$0$manual$manual$0,OQtzrkwID8lQc8LjvsA0inhs57nv4y,2025-03-30T22:30:00.000Z,,0.145038
manual,,manual,17.6,,1743372000000,pCmwi12q7em8vZ2289jQNHHYuPAgS3$0$manual$manual$0,2iy6tS040lHYR5t98m5Mr7pg5GNVD7,2025-03-30T22:00:00.000Z,,
manual,,manual,16.9,,1743364800000,pCmwi12q7em8vZ2289jQNHHYuPAgS3$0$manual$manual$0,fQEj4BtUv6MEmzT7OIYlfbEluwtKpH,2025-03-30T20:00:00.000Z,,
manual,,manual,17.3,,1743357600000,pCmwi12q7em8vZ2289jQNHHYuPAgS3$0$manual$manual$0,ALssifpUjpzhAcHvQDnoCLWpXzjJ4v,2025-03-30T18:00:00.000Z,,
manual,,manual,17.3,1.052,1743347700000,pCmwi12q7em8vZ2289jQNHHYuPAgS3$0$manual$manual$0,pFYQabXa1nRoX4j9Anw6lqKJYBBIYg,2025-03-30T15:15:00.000Z,5.01,0.145038