temp,sg,type,time,id,comment,__acc_reading_doc_id,__acc_reading_data_id,timepoint,ph,pressure
17.9,,manual,1636484400000,manual,,i12YqCYYmKr5W27JtbJfGknhLDZK2N$0$manual$manual$0,jthIcCJjMuCr5mK9ESeZdzFVMJMCT3,2021-11-09T19:00:00.000Z
17.9,,manual,1636470000000,manual,,i12YqCYYmKr5W27JtbJfGknhLDZK2N$0$manual$manual$0,AnqgMx3dnt5sMMqSS859Lo6X1QwW0b,2021-11-09T15:00:00.000Z
18,,manual,1636455600000,manual,,i12YqCYYmKr5W27JtbJfGknhLDZK2N$0$manual$manual$0,eFnDRsOWGkLK0b6oL8DsWr5KBmrJbX,2021-11-09T11:00:00.000Z
17.8,,manual,1636441200000,manual,,i12YqCYYmKr5W27JtbJfGknhLDZK2N$0$manual$manual$0,aNGW5HbIcaU9vNTlpi9jQUghKD2SmB,2021-11-09T07:00:00.000Z
17.6,,manual,1636426800000,manual,,i12YqCYYmKr5W27JtbJfGknhLDZK2N$0$manual$manual$0,zuYPQ0KBaECg7djILcaXK6INah10Ak,2021-11-09T03:00:00.000Z
17.4,,manual,1636412400000,manual,,i12YqCYYmKr5W27JtbJfGknhLDZK2N$0$manual$manual$0,sE8XQJVXyYGR0Jx32YoN0WIEoqfSWM,2021-11-08T23:00:00.000Z
17.2,,manual,1636398000000,manual,,i12YqCYYmKr5W27JtbJfGknhLDZK2N$0$manual$manual$0,qpJZd2Kcaz3mYuQbRS82UnfOrGxmES,2021-11-08T19:00:00.000Z
17.2,,manual,1636383600000,manual,,i12YqCYYmKr5W27JtbJfGknhLDZK2N$0$manual$manual$0,1AH7li9SIHljN5PiPRZh3nONyxJad3,2021-11-08T15:00:00.000Z
17,,manual,1636369200000,manual,,i12YqCYYmKr5W27JtbJfGknhLDZK2N$0$manual$manual$0,321qwq6asfu1YpgK43MTxNuB7tJM3s,2021-11-08T11:00:00.000Z
17,,manual,1636354800000,manual,,i12YqCYYmKr5W27JtbJfGknhLDZK2N$0$manual$manual$0,9iiO2x02LnrV9GPQMZYI8u8MN3TCUP,2021-11-08T07:00:00.000Z
17.1,,manual,1636340400000,manual,,i12YqCYYmKr5W27JtbJfGknhLDZK2N$0$manual$manual$0,2vFkTHJDJ94LuuzusPG3nEgKFiFRr2,2021-11-08T03:00:00.000Z
17.3,,manual,1636326000000,manual,,i12YqCYYmKr5W27JtbJfGknhLDZK2N$0$manual$manual$0,zPFu2Gj5Gec7XkzWvdVVTTAWllCR7d,2021-11-07T23:00:00.000Z
17.5,,manual,1636311600000,manual,,i12YqCYYmKr5W27JtbJfGknhLDZK2N$0$manual$manual$0,EnYLHZs70IvQEV6rFpDOKvboWVqd4D,2021-11-07T19:00:00.000Z
17.5,,manual,1636297200000,manual,,i12YqCYYmKr5W27JtbJfGknhLDZK2N$0$manual$manual$0,rihdfEMbDz9wDfup7tJiMNxopxzFgH,2021-11-07T15:00:00.000Z
17.4,,manual,1636282800000,manual,,i12YqCYYmKr5W27JtbJfGknhLDZK2N$0$manual$manual$0,y0rTrbQ0Bwl1kHbzFcse67OCYINUdK,2021-11-07T11:00:00.000Z
17.4,,manual,1636268400000,manual,,i12YqCYYmKr5W27JtbJfGknhLDZK2N$0$manual$manual$0,LMVsSTp9VqpFN7lDuedQohHZHhzsJj,2021-11-07T07:00:00.000Z
17.4,,manual,1636254000000,manual,,i12YqCYYmKr5W27JtbJfGknhLDZK2N$0$manual$manual$0,WZheb3AHnEnraplGgtBJB4t4M7Bd9W,2021-11-07T03:00:00.000Z
17.3,,manual,1636239600000,manual,,i12YqCYYmKr5W27JtbJfGknhLDZK2N$0$manual$manual$0,PQtZvqh4ibOfUUwWAaAtK94E9cgHKi,2021-11-06T23:00:00.000Z
17.5,,manual,1636225200000,manual,,i12YqCYYmKr5W27JtbJfGknhLDZK2N$0$manual$manual$0,BlVLzMbaRxjYceUmVCH775dkBydJq7,2021-11-06T19:00:00.000Z
17.7,,manual,1636210800000,manual,,i12YqCYYmKr5W27JtbJfGknhLDZK2N$0$manual$manual$0,HRWWNiOc8CtDCDMza7ZMuklTA0S481,2021-11-06T15:00:00.000Z
17.9,,manual,1636196400000,manual,,i12YqCYYmKr5W27JtbJfGknhLDZK2N$0$manual$manual$0,YR904Yy6BAujKtGVEqnws2sULBThEM,2021-11-06T11:00:00.000Z
18,,manual,1636182000000,manual,,i12YqCYYmKr5W27JtbJfGknhLDZK2N$0$manual$manual$0,J2iz9l7AnhcSoILiVuwlH3MW58GT8y,2021-11-06T07:00:00.000Z
17.9,,manual,1636167600000,manual,,i12YqCYYmKr5W27JtbJfGknhLDZK2N$0$manual$manual$0,hduLPAPDJs7dM1uRdqpA1nzCT8rRNF,2021-11-06T03:00:00.000Z
17.6,,manual,1636153200000,manual,,i12YqCYYmKr5W27JtbJfGknhLDZK2N$0$manual$manual$0,EsQsya8LNpLw1uehsc0vzle5pRws0K,2021-11-05T23:00:00.000Z
17.4,,manual,1636138800000,manual,,i12YqCYYmKr5W27JtbJfGknhLDZK2N$0$manual$manual$0,c8BosvnquvlTeWbnfea5mzDT9uXcWv,2021-11-05T19:00:00.000Z
17,,manual,1636124400000,manual,,i12YqCYYmKr5W27JtbJfGknhLDZK2N$0$manual$manual$0,7A8CmACIBH62wZd17Ts2VJPoTHGCZM,2021-11-05T15:00:00.000Z
17,,manual,1636110000000,manual,,i12YqCYYmKr5W27JtbJfGknhLDZK2N$0$manual$manual$0,4Z6pofjZc08ihn1yYgNZLuPoRIm1Ce,2021-11-05T11:00:00.000Z
17,,manual,1636095600000,manual,,i12YqCYYmKr5W27JtbJfGknhLDZK2N$0$manual$manual$0,lhfcipT791BviuTBswLdp2hszufA1D,2021-11-05T07:00:00.000Z
17.1,,manual,1636081200000,manual,,i12YqCYYmKr5W27JtbJfGknhLDZK2N$0$manual$manual$0,CSlM0L3x3ltFgBodflZPIuPxRVhtBO,2021-11-05T03:00:00.000Z
17.5,,manual,1636066800000,manual,,i12YqCYYmKr5W27JtbJfGknhLDZK2N$0$manual$manual$0,HBHxFor8PPC2Heva4yjHYuHJ7WYAPY,2021-11-04T23:00:00.000Z
17.6,,manual,1636052400000,manual,,i12YqCYYmKr5W27JtbJfGknhLDZK2N$0$manual$manual$0,4Rw6h6tIVaYV1NoRemK02MVjFbxCJ6,2021-11-04T19:00:00.000Z
17.7,,manual,1636038000000,manual,,i12YqCYYmKr5W27JtbJfGknhLDZK2N$0$manual$manual$0,xgAES71td7vwo1L16ZzndgfJtMLvGt,2021-11-04T15:00:00.000Z
17.9,,manual,1636023600000,manual,,i12YqCYYmKr5W27JtbJfGknhLDZK2N$0$manual$manual$0,GITe3PnySKfeWyLfGg96J3PBHE5p6G,2021-11-04T11:00:00.000Z
18,,manual,1636009200000,manual,,i12YqCYYmKr5W27JtbJfGknhLDZK2N$0$manual$manual$0,cpG4OrqjL1lLx7rSSkpu1Z195htsgm,2021-11-04T07:00:00.000Z
17.9,,manual,1635994800000,manual,,i12YqCYYmKr5W27JtbJfGknhLDZK2N$0$manual$manual$0,aXAvwNfVdAcNgF2Pw5nQx6MW6z0v8N,2021-11-04T03:00:00.000Z
17.7,,manual,1635980400000,manual,,i12YqCYYmKr5W27JtbJfGknhLDZK2N$0$manual$manual$0,Hpt6fbVx1yX8DPuHC6wMSmIY89WfT3,2021-11-03T23:00:00.000Z
17.4,,manual,1635966000000,manual,,i12YqCYYmKr5W27JtbJfGknhLDZK2N$0$manual$manual$0,MQAvGNaA29NlN1hqNtekYpu9LV460F,2021-11-03T19:00:00.000Z
17.4,,manual,1635951600000,manual,,i12YqCYYmKr5W27JtbJfGknhLDZK2N$0$manual$manual$0,IJh21DBUnnaCY7DDt8b34dxU1EfKqe,2021-11-03T15:00:00.000Z
17.3,,manual,1635937200000,manual,,i12YqCYYmKr5W27JtbJfGknhLDZK2N$0$manual$manual$0,VmUSqJ4NpWH9PEBDQiSIqrI193vm4s,2021-11-03T11:00:00.000Z
17,,manual,1635922800000,manual,,i12YqCYYmKr5W27JtbJfGknhLDZK2N$0$manual$manual$0,HtOJqqLxeooib7ksLP1y9yJ6GJ5Phv,2021-11-03T07:00:00.000Z
17,,manual,1635908400000,manual,,i12YqCYYmKr5W27JtbJfGknhLDZK2N$0$manual$manual$0,s2Ma7GqTCGipzi8p2ZDWqOqrHpdRzx,2021-11-03T03:00:00.000Z
17.3,,manual,1635894000000,manual,,i12YqCYYmKr5W27JtbJfGknhLDZK2N$0$manual$manual$0,q30FS74BeX5IV6ObtMeZU2YRwn5Ehl,2021-11-02T23:00:00.000Z
17.4,,manual,1635879600000,manual,,i12YqCYYmKr5W27JtbJfGknhLDZK2N$0$manual$manual$0,gJxt48Lj1jvizROVmWJyUVi5X93GFG,2021-11-02T19:00:00.000Z
17.6,,manual,1635865200000,manual,,i12YqCYYmKr5W27JtbJfGknhLDZK2N$0$manual$manual$0,bZHlWsgCjZzi8HbDFagZggouXMNVOV,2021-11-02T15:00:00.000Z
17.6,,manual,1635850800000,manual,,i12YqCYYmKr5W27JtbJfGknhLDZK2N$0$manual$manual$0,I33JRaArBpyreFxzn09k33rDs0Nok1,2021-11-02T11:00:00.000Z
18,,manual,1635836400000,manual,,i12YqCYYmKr5W27JtbJfGknhLDZK2N$0$manual$manual$0,E0ufh5RtdxfH4pgx6KfXWunq4LIyYf,2021-11-02T07:00:00.000Z
18,,manual,1635822000000,manual,,i12YqCYYmKr5W27JtbJfGknhLDZK2N$0$manual$manual$0,ZHVTRIOzuPxNbJ4qZYi7qtTRki9drP,2021-11-02T03:00:00.000Z
18,,manual,1635807600000,manual,,i12YqCYYmKr5W27JtbJfGknhLDZK2N$0$manual$manual$0,NztOwZaDemleZdjRLmdh1ItGKXby46,2021-11-01T23:00:00.000Z
18,,manual,1635793200000,manual,,i12YqCYYmKr5W27JtbJfGknhLDZK2N$0$manual$manual$0,ywmxwN4FzBZjQj9naOmsOWxlQL44nO,2021-11-01T19:00:00.000Z
17.9,,manual,1635778800000,manual,,i12YqCYYmKr5W27JtbJfGknhLDZK2N$0$manual$manual$0,Scq4aNrSKBoUkA6XrV1tT8hsj9W5ZH,2021-11-01T15:00:00.000Z
17.8,,manual,1635764400000,manual,,i12YqCYYmKr5W27JtbJfGknhLDZK2N$0$manual$manual$0,6XFN3YkM19aRDRUGIzGRpbneafCtwV,2021-11-01T11:00:00.000Z
17.9,,manual,1635750000000,manual,,i12YqCYYmKr5W27JtbJfGknhLDZK2N$0$manual$manual$0,TSz0eMbfEnDMYCecCMwi67j7A3N3xx,2021-11-01T07:00:00.000Z
17.9,,manual,1635735600000,manual,,i12YqCYYmKr5W27JtbJfGknhLDZK2N$0$manual$manual$0,V4CZ03veem7ls2KeVVaPdV7csL5Qcg,2021-11-01T03:00:00.000Z
17.7,,manual,1635721200000,manual,,i12YqCYYmKr5W27JtbJfGknhLDZK2N$0$manual$manual$0,LArFddaYUQsq69GmRG1u7NGgLeQfEq,2021-10-31T23:00:00.000Z
17.6,,manual,1635706800000,manual,,i12YqCYYmKr5W27JtbJfGknhLDZK2N$0$manual$manual$0,ITF7mgt46HpqsWWvlAfeMZFVJOqP8p,2021-10-31T19:00:00.000Z
17.3,,manual,1635692400000,manual,,i12YqCYYmKr5W27JtbJfGknhLDZK2N$0$manual$manual$0,WRQSOOBzfxZI4xPruKG8HB1nIIRZVv,2021-10-31T15:00:00.000Z
17.2,,manual,1635678000000,manual,,i12YqCYYmKr5W27JtbJfGknhLDZK2N$0$manual$manual$0,nBvJsmh8zkDApKvlJtZc80xM7AP0dJ,2021-10-31T11:00:00.000Z
17.1,,manual,1635663600000,manual,,i12YqCYYmKr5W27JtbJfGknhLDZK2N$0$manual$manual$0,4x7eiEWQIT6UizdNEVWGDfNouQv5fk,2021-10-31T07:00:00.000Z
17.1,,manual,1635649200000,manual,,i12YqCYYmKr5W27JtbJfGknhLDZK2N$0$manual$manual$0,z6aPPLjqvNFlbcKTCepviCdPMVOm1f,2021-10-31T03:00:00.000Z
17.3,,manual,1635631200000,manual,,i12YqCYYmKr5W27JtbJfGknhLDZK2N$0$manual$manual$0,Mz5Nsu0DutNMrXrWRf1znl58xeaKcc,2021-10-30T22:00:00.000Z
17.1,,manual,1635616800000,manual,,i12YqCYYmKr5W27JtbJfGknhLDZK2N$0$manual$manual$0,46qYdzjBiVAVjzKQC8qJBZEoKg7oh6,2021-10-30T18:00:00.000Z
17.6,,manual,1635602400000,manual,,i12YqCYYmKr5W27JtbJfGknhLDZK2N$0$manual$manual$0,0ROVwStlxITr2YockISIl88ybAvz8w,2021-10-30T14:00:00.000Z
18,,manual,1635588000000,manual,,i12YqCYYmKr5W27JtbJfGknhLDZK2N$0$manual$manual$0,KIJA0WEd9yMbyARlPL4DbYH1oEhaYL,2021-10-30T10:00:00.000Z
17.9,,manual,1635573600000,manual,,i12YqCYYmKr5W27JtbJfGknhLDZK2N$0$manual$manual$0,9rb6j25QB8Xtty8qJDVkCMnNsjiWO2,2021-10-30T06:00:00.000Z
17.6,,manual,1635559200000,manual,,i12YqCYYmKr5W27JtbJfGknhLDZK2N$0$manual$manual$0,soKUEvbgp0guDFDV2clMuG7fgSmbxR,2021-10-30T02:00:00.000Z
17.4,,manual,1635544800000,manual,,i12YqCYYmKr5W27JtbJfGknhLDZK2N$0$manual$manual$0,yxKsH511YdHtGhci3hm6taGdDSfaRe,2021-10-29T22:00:00.000Z
17,,manual,1635530400000,manual,,i12YqCYYmKr5W27JtbJfGknhLDZK2N$0$manual$manual$0,kzecW7nF5wju6A9TStOwEDVNHvhtAg,2021-10-29T18:00:00.000Z
17.9,,manual,1635516000000,manual,,i12YqCYYmKr5W27JtbJfGknhLDZK2N$0$manual$manual$0,bkd6qqP3SGUhWdcmSfLmWw8dHblCLu,2021-10-29T14:00:00.000Z
17.6,,manual,1635501600000,manual,,i12YqCYYmKr5W27JtbJfGknhLDZK2N$0$manual$manual$0,gMJx4d9nLNqwAD43JRW6zKnvW1tpve,2021-10-29T10:00:00.000Z
17.6,,manual,1635487200000,manual,,i12YqCYYmKr5W27JtbJfGknhLDZK2N$0$manual$manual$0,OxD1sG4phsfd6mwdHjY4wdCzjXInPl,2021-10-29T06:00:00.000Z
17.6,,manual,1635472800000,manual,,i12YqCYYmKr5W27JtbJfGknhLDZK2N$0$manual$manual$0,Dy5YvMTnmrI7ky8WMMaXGIdxGJyQvO,2021-10-29T02:00:00.000Z
17.4,,manual,1635458400000,manual,,i12YqCYYmKr5W27JtbJfGknhLDZK2N$0$manual$manual$0,9rZoibvOP770tlZedDhEp87rzzxMrT,2021-10-28T22:00:00.000Z
17.1,,manual,1635444000000,manual,,i12YqCYYmKr5W27JtbJfGknhLDZK2N$0$manual$manual$0,euo1s8fl2xgdxUp09VEJh1oOy3jnEN,2021-10-28T18:00:00.000Z
18,,manual,1635429600000,manual,,i12YqCYYmKr5W27JtbJfGknhLDZK2N$0$manual$manual$0,6MJs4wEeKn0XP19gv559PAuiJOHihJ,2021-10-28T14:00:00.000Z
17.9,,manual,1635415200000,manual,,i12YqCYYmKr5W27JtbJfGknhLDZK2N$0$manual$manual$0,YVwUrP4EmKVYYgqOSW2AexPnOHlVda,2021-10-28T10:00:00.000Z
17.8,,manual,1635400800000,manual,,i12YqCYYmKr5W27JtbJfGknhLDZK2N$0$manual$manual$0,eIGMgkPHEt5ZrvzwqktZyOW2s2TKlX,2021-10-28T06:00:00.000Z
17.7,,manual,1635386400000,manual,,i12YqCYYmKr5W27JtbJfGknhLDZK2N$0$manual$manual$0,OrJhvhYNTSyJJECa8J0BBDPdYQqxqa,2021-10-28T02:00:00.000Z
17.4,,manual,1635372000000,manual,,i12YqCYYmKr5W27JtbJfGknhLDZK2N$0$manual$manual$0,gUAwNosfMkwVIZvLkAHvZaRGmuhldd,2021-10-27T22:00:00.000Z
17.1,,manual,1635357600000,manual,,i12YqCYYmKr5W27JtbJfGknhLDZK2N$0$manual$manual$0,zcufyRMdJRme3mX4ZyFYhgfEURELpM,2021-10-27T18:00:00.000Z
17.8,,manual,1635343200000,manual,,i12YqCYYmKr5W27JtbJfGknhLDZK2N$0$manual$manual$0,xpguLMduEejKcV8hJHjyuxlZDgwcqq,2021-10-27T14:00:00.000Z
17.9,,manual,1635328800000,manual,,i12YqCYYmKr5W27JtbJfGknhLDZK2N$0$manual$manual$0,wTSphNqbl0Z1SqYawR2Gf1F2LPwLs5,2021-10-27T10:00:00.000Z
17.5,,manual,1635314400000,manual,,i12YqCYYmKr5W27JtbJfGknhLDZK2N$0$manual$manual$0,4zFubbWa9wvFAci7XjSASSadzJcNuM,2021-10-27T06:00:00.000Z
17.2,,manual,1635300000000,manual,,i12YqCYYmKr5W27JtbJfGknhLDZK2N$0$manual$manual$0,yFjKby58Krld23DADsuLNNXynOWCvj,2021-10-27T02:00:00.000Z
17.1,,manual,1635285600000,manual,,i12YqCYYmKr5W27JtbJfGknhLDZK2N$0$manual$manual$0,kfvtd7YoT3SWigeBLFmfLoWCETqrTL,2021-10-26T22:00:00.000Z
17.1,,manual,1635271200000,manual,,i12YqCYYmKr5W27JtbJfGknhLDZK2N$0$manual$manual$0,graZiGYa7txCKfJYTrSLZH6vcQ8AHk,2021-10-26T18:00:00.000Z
17.7,,manual,1635256800000,manual,,i12YqCYYmKr5W27JtbJfGknhLDZK2N$0$manual$manual$0,lADUPBe1RH5E5Q0aPcqUEmRo8NZwKN,2021-10-26T14:00:00.000Z
17.7,,manual,1635242400000,manual,,i12YqCYYmKr5W27JtbJfGknhLDZK2N$0$manual$manual$0,lLxIUEQeQJhlqh9mQsyousBaZx3OOD,2021-10-26T10:00:00.000Z
17.6,,manual,1635228000000,manual,,i12YqCYYmKr5W27JtbJfGknhLDZK2N$0$manual$manual$0,KBcV2Oe5dz7JtG7QPbz8pBJwMBdCdP,2021-10-26T06:00:00.000Z
17.8,,manual,1635213600000,manual,,i12YqCYYmKr5W27JtbJfGknhLDZK2N$0$manual$manual$0,6tRD5aAP9dxrEDqJzASpuIevSVanQD,2021-10-26T02:00:00.000Z
17.9,,manual,1635199200000,manual,,i12YqCYYmKr5W27JtbJfGknhLDZK2N$0$manual$manual$0,F3JUYwigzdMnIJox1QAF2kg6BZWiO5,2021-10-25T22:00:00.000Z
18,,manual,1635184800000,manual,,i12YqCYYmKr5W27JtbJfGknhLDZK2N$0$manual$manual$0,7dpHnoMXPAofcakw1lV5thH9oRz1uI,2021-10-25T18:00:00.000Z
18,,manual,1635170400000,manual,,i12YqCYYmKr5W27JtbJfGknhLDZK2N$0$manual$manual$0,wdXvBlhMb5wIIW13jaGKpzyErYF4Gp,2021-10-25T14:00:00.000Z
17.9,,manual,1635156000000,manual,,i12YqCYYmKr5W27JtbJfGknhLDZK2N$0$manual$manual$0,4oUk8KDRudnzGh76snsmj0Z5A6EoAE,2021-10-25T10:00:00.000Z
17.7,,manual,1635141600000,manual,,i12YqCYYmKr5W27JtbJfGknhLDZK2N$0$manual$manual$0,o2gHyPTkOqZ9FqpEQW6GHWomFvoTs7,2021-10-25T06:00:00.000Z
17.4,,manual,1635127200000,manual,,i12YqCYYmKr5W27JtbJfGknhLDZK2N$0$manual$manual$0,4UsuZidAOIPZHEBVvwfOAUshln3Ds8,2021-10-25T02:00:00.000Z
17.1,,manual,1635112800000,manual,,i12YqCYYmKr5W27JtbJfGknhLDZK2N$0$manual$manual$0,wSoMNBHmeo2Pz2Tu0z9B3uYgWZIZcG,2021-10-24T22:00:00.000Z
17,,manual,1635098400000,manual,,i12YqCYYmKr5W27JtbJfGknhLDZK2N$0$manual$manual$0,3G8JenrcWZaJeYv26mUwZphbLRMDRm,2021-10-24T18:00:00.000Z
17.6,,manual,1635084000000,manual,,i12YqCYYmKr5W27JtbJfGknhLDZK2N$0$manual$manual$0,I378xzn7zxSR3BD75Ba0EpY9dWXJX2,2021-10-24T14:00:00.000Z
17.6,,manual,1635069600000,manual,,i12YqCYYmKr5W27JtbJfGknhLDZK2N$0$manual$manual$0,wPW51FSfb4EYtjni9G2tU5orMjGg1L,2021-10-24T10:00:00.000Z
17.2,,manual,1635055200000,manual,,i12YqCYYmKr5W27JtbJfGknhLDZK2N$0$manual$manual$0,PZyePnccd5mlRSdHQqqqwsyPfJbQic,2021-10-24T06:00:00.000Z
17,,manual,1635040800000,manual,,i12YqCYYmKr5W27JtbJfGknhLDZK2N$0$manual$manual$0,vpIp0whSlSKQOGEqWSD7EtdtpwcQba,2021-10-24T02:00:00.000Z
17,,manual,1635026400000,manual,,i12YqCYYmKr5W27JtbJfGknhLDZK2N$0$manual$manual$0,oicoB9TxtgqGcNjaOOaHVSBfehvTQK,2021-10-23T22:00:00.000Z
17,,manual,1635012000000,manual,,i12YqCYYmKr5W27JtbJfGknhLDZK2N$0$manual$manual$0,ETOUs43a3WOVyz2FI83H6l7u3XST6E,2021-10-23T18:00:00.000Z
17,,manual,1634997600000,manual,,i12YqCYYmKr5W27JtbJfGknhLDZK2N$0$manual$manual$0,BQ47Hu01ywcSCYCVI47IRwTiWZdMdX,2021-10-23T14:00:00.000Z
17.1,,manual,1634983200000,manual,,i12YqCYYmKr5W27JtbJfGknhLDZK2N$0$manual$manual$0,uSceoXpiVxB8HAF2XFvGm4o3izaSF9,2021-10-23T10:00:00.000Z
17.3,,manual,1634968800000,manual,,i12YqCYYmKr5W27JtbJfGknhLDZK2N$0$manual$manual$0,uZSGKy0JBPIwNe9dr6t89LZSeR3lKl,2021-10-23T06:00:00.000Z
17.6,,manual,1634954400000,manual,,i12YqCYYmKr5W27JtbJfGknhLDZK2N$0$manual$manual$0,RzP6wLkcmqLJMPxF8lj951WFYyyQ63,2021-10-23T02:00:00.000Z
17.6,,manual,1634940000000,manual,,i12YqCYYmKr5W27JtbJfGknhLDZK2N$0$manual$manual$0,Ig3Rzehh6g4KeFxClmuT7iMS3BAiGc,2021-10-22T22:00:00.000Z
17.4,,manual,1634925600000,manual,,i12YqCYYmKr5W27JtbJfGknhLDZK2N$0$manual$manual$0,77yUWtEFyweYOwSGvliCyN0eHhSVJ9,2021-10-22T18:00:00.000Z
17.3,,manual,1634911200000,manual,,i12YqCYYmKr5W27JtbJfGknhLDZK2N$0$manual$manual$0,fmMjwwDBb7X5r5YDqib3zXgtj6U3oU,2021-10-22T14:00:00.000Z
17.2,,manual,1634896800000,manual,,i12YqCYYmKr5W27JtbJfGknhLDZK2N$0$manual$manual$0,o3hbUnWkzRL7r0gc9F7Pf4eQ5MU2KV,2021-10-22T10:00:00.000Z
17.2,,manual,1634882400000,manual,,i12YqCYYmKr5W27JtbJfGknhLDZK2N$0$manual$manual$0,jVYHvBIogC9aHiYvzjeVn0ck5IDZnc,2021-10-22T06:00:00.000Z
17.3,,manual,1634868000000,manual,,i12YqCYYmKr5W27JtbJfGknhLDZK2N$0$manual$manual$0,9KW4CsUd6PEmRrynuLdsQ2hTuYybnR,2021-10-22T02:00:00.000Z
17.2,,manual,1634853600000,manual,,i12YqCYYmKr5W27JtbJfGknhLDZK2N$0$manual$manual$0,UFUqxWE50UtUFM2DWtc53gKKQE5KK3,2021-10-21T22:00:00.000Z
17.2,,manual,1634839200000,manual,,i12YqCYYmKr5W27JtbJfGknhLDZK2N$0$manual$manual$0,8LHgmK1uCFWuMpvF2UzDaLFe05EqeG,2021-10-21T18:00:00.000Z
17.1,,manual,1634824800000,manual,,i12YqCYYmKr5W27JtbJfGknhLDZK2N$0$manual$manual$0,ivePS4W1Fzf6F4awkVEtd6I1VLT4GI,2021-10-21T14:00:00.000Z
17,,manual,1634810400000,manual,,i12YqCYYmKr5W27JtbJfGknhLDZK2N$0$manual$manual$0,02FSQaa2rqhj4loZsRf6ZCQU1z0qQp,2021-10-21T10:00:00.000Z
17.9,,manual,1634796000000,manual,,i12YqCYYmKr5W27JtbJfGknhLDZK2N$0$manual$manual$0,EAPAxq83vGocI9rKwUcIODDNPPcZ3P,2021-10-21T06:00:00.000Z
17.7,,manual,1634781600000,manual,,i12YqCYYmKr5W27JtbJfGknhLDZK2N$0$manual$manual$0,PXqrb2IyU8EqDzcPEg2jD0FWqkByKi,2021-10-21T02:00:00.000Z
17.1,,manual,1634767200000,manual,,i12YqCYYmKr5W27JtbJfGknhLDZK2N$0$manual$manual$0,ZLQ0QqYcp02wPtGXDks54y8xz7InVO,2021-10-20T22:00:00.000Z
17.7,,manual,1634752800000,manual,,i12YqCYYmKr5W27JtbJfGknhLDZK2N$0$manual$manual$0,Jfp64TWJrnX4jHrmtchD3MV7Gf32JS,2021-10-20T18:00:00.000Z
17,,manual,1634738400000,manual,,i12YqCYYmKr5W27JtbJfGknhLDZK2N$0$manual$manual$0,uBLHb1Im52YpVJtD7qhpNezmALtyjV,2021-10-20T14:00:00.000Z
17.4,,manual,1634724000000,manual,,i12YqCYYmKr5W27JtbJfGknhLDZK2N$0$manual$manual$0,c8aigTbjoGe6d6ecIQ0LTQcnNlecpE,2021-10-20T10:00:00.000Z
18,,manual,1634709600000,manual,,i12YqCYYmKr5W27JtbJfGknhLDZK2N$0$manual$manual$0,mxRuxbPfR8Vsyf1TDsFJnxTxYOdqW0,2021-10-20T06:00:00.000Z
17.5,,manual,1634695200000,manual,,i12YqCYYmKr5W27JtbJfGknhLDZK2N$0$manual$manual$0,ZNo1mpUblVXOvJvoTXejSWN9KzXP4g,2021-10-20T02:00:00.000Z
18,,manual,1634680800000,manual,,i12YqCYYmKr5W27JtbJfGknhLDZK2N$0$manual$manual$0,PI4YdZbHafXKBFDhHxs1NkWeL3WidE,2021-10-19T22:00:00.000Z
17.2,,manual,1634666400000,manual,,i12YqCYYmKr5W27JtbJfGknhLDZK2N$0$manual$manual$0,UT7ykGLAAJbbjnpQwzr9WQ2uGgDg48,2021-10-19T18:00:00.000Z
17.7,,manual,1634652000000,manual,,i12YqCYYmKr5W27JtbJfGknhLDZK2N$0$manual$manual$0,mwXi6kDVsjYWdN4dN08zhguZROCVLo,2021-10-19T14:00:00.000Z
17.2,,manual,1634637600000,manual,,i12YqCYYmKr5W27JtbJfGknhLDZK2N$0$manual$manual$0,GSEdwMeoncNIVLWSZoeLnVSbwK87Aq,2021-10-19T10:00:00.000Z
17.5,,manual,1634623200000,manual,,i12YqCYYmKr5W27JtbJfGknhLDZK2N$0$manual$manual$0,BkFEfUKxuXfV4jyIDwjsUxp8c7qUe4,2021-10-19T06:00:00.000Z
17.8,,manual,1634608800000,manual,,i12YqCYYmKr5W27JtbJfGknhLDZK2N$0$manual$manual$0,d4sweqYL4SMKZZT5c8Bklapbhk3FPT,2021-10-19T02:00:00.000Z
17.6,,manual,1634594400000,manual,,i12YqCYYmKr5W27JtbJfGknhLDZK2N$0$manual$manual$0,o0QqCloBl4PtRvNL86DJzxX65UDTjV,2021-10-18T22:00:00.000Z
17.2,,manual,1634580000000,manual,,i12YqCYYmKr5W27JtbJfGknhLDZK2N$0$manual$manual$0,PEqcDUrZH94CtyriCqATI7hMxTEzar,2021-10-18T18:00:00.000Z
17,,manual,1634565600000,manual,,i12YqCYYmKr5W27JtbJfGknhLDZK2N$0$manual$manual$0,tjmEGmwCz8A2zdF7SY1XyYsUXHtqgR,2021-10-18T14:00:00.000Z
17.7,,manual,1634551200000,manual,,i12YqCYYmKr5W27JtbJfGknhLDZK2N$0$manual$manual$0,xW06bQuLeVBb2sNBfnBWlvjoOkTnQe,2021-10-18T10:00:00.000Z
17.4,,manual,1634536800000,manual,,i12YqCYYmKr5W27JtbJfGknhLDZK2N$0$manual$manual$0,9ER1bCIqceWrnjpB9Nvbt96HodE5fT,2021-10-18T06:00:00.000Z
18,,manual,1634522400000,manual,,i12YqCYYmKr5W27JtbJfGknhLDZK2N$0$manual$manual$0,ONfveS6i83U4HHbXqGdjipJrModiEv,2021-10-18T02:00:00.000Z
18,,manual,1634508000000,manual,,i12YqCYYmKr5W27JtbJfGknhLDZK2N$0$manual$manual$0,TXh8QCo6lFPCKUYwMg2ZzKxPSlaNyF,2021-10-17T22:00:00.000Z
17.6,,manual,1634493600000,manual,,i12YqCYYmKr5W27JtbJfGknhLDZK2N$0$manual$manual$0,ojqYhWPc2uOWRR4hHlbElcmSgcRGiM,2021-10-17T18:00:00.000Z
17.2,,manual,1634479200000,manual,,i12YqCYYmKr5W27JtbJfGknhLDZK2N$0$manual$manual$0,l6cJrInaVRa0ta14pLkdrLyU4KN0om,2021-10-17T14:00:00.000Z
17.1,,manual,1634464800000,manual,,i12YqCYYmKr5W27JtbJfGknhLDZK2N$0$manual$manual$0,eGcVh8CGwgU3CqULmVtji03ae1wZLK,2021-10-17T10:00:00.000Z
17.1,,manual,1634450400000,manual,,i12YqCYYmKr5W27JtbJfGknhLDZK2N$0$manual$manual$0,84UF1HldWjiXQQXHLZIBTsUN2eQcLB,2021-10-17T06:00:00.000Z
17.6,,manual,1634436000000,manual,,i12YqCYYmKr5W27JtbJfGknhLDZK2N$0$manual$manual$0,tFIbhZzqIpQUChHgGrmNnXdbu04HpW,2021-10-17T02:00:00.000Z
18,,manual,1634421600000,manual,,i12YqCYYmKr5W27JtbJfGknhLDZK2N$0$manual$manual$0,8hDnl39NeEpbKhLBwAnsnnPo9XLcOa,2021-10-16T22:00:00.000Z
17.9,,manual,1634407200000,manual,,i12YqCYYmKr5W27JtbJfGknhLDZK2N$0$manual$manual$0,2KrjD4CTatBbPcLzo7asftPiH6Cl73,2021-10-16T18:00:00.000Z
17.5,,manual,1634392800000,manual,,i12YqCYYmKr5W27JtbJfGknhLDZK2N$0$manual$manual$0,uoaEOyHT8iMDdj0kM5FTHP22RJuMDx,2021-10-16T14:00:00.000Z
17.3,,manual,1634378400000,manual,,i12YqCYYmKr5W27JtbJfGknhLDZK2N$0$manual$manual$0,Nmbzef55Dcki2wZoqhgiWiVv2s0cC0,2021-10-16T10:00:00.000Z
17.2,,manual,1634364000000,manual,,i12YqCYYmKr5W27JtbJfGknhLDZK2N$0$manual$manual$0,QsDqMfYVbDrn0gJHieB6mCUOo3Ois8,2021-10-16T06:00:00.000Z
17.1,,manual,1634349600000,manual,,i12YqCYYmKr5W27JtbJfGknhLDZK2N$0$manual$manual$0,kQzT8SzsiRjmrhAbYP0DJ7iDw1IVMJ,2021-10-16T02:00:00.000Z
17,,manual,1634335200000,manual,,i12YqCYYmKr5W27JtbJfGknhLDZK2N$0$manual$manual$0,CfOPzllSzD5ZrShtPvIc46NagWKY77,2021-10-15T22:00:00.000Z
18,,manual,1634320800000,manual,,i12YqCYYmKr5W27JtbJfGknhLDZK2N$0$manual$manual$0,1aYsWDBpBEFKLg1X98ZELDKn6ocQB1,2021-10-15T18:00:00.000Z
17.4,,manual,1634306400000,manual,,i12YqCYYmKr5W27JtbJfGknhLDZK2N$0$manual$manual$0,DnYUIzB6mtVJNPvVvp8C8TAswFBd1U,2021-10-15T14:00:00.000Z
18,,manual,1634292000000,manual,,i12YqCYYmKr5W27JtbJfGknhLDZK2N$0$manual$manual$0,oOE49JsyF2dfyBCYqBrMIuUH93594X,2021-10-15T10:00:00.000Z
17.7,,manual,1634277600000,manual,,i12YqCYYmKr5W27JtbJfGknhLDZK2N$0$manual$manual$0,xinuG6enAWAT4dXwBrjkpkPUAp3x1i,2021-10-15T06:00:00.000Z
17.2,,manual,1634263200000,manual,,i12YqCYYmKr5W27JtbJfGknhLDZK2N$0$manual$manual$0,kKJ1rXlZUYCyNhTcyikXhHH7PEzBOX,2021-10-15T02:00:00.000Z
18,,manual,1634248800000,manual,,i12YqCYYmKr5W27JtbJfGknhLDZK2N$0$manual$manual$0,jQl9s7qWjQDx2EDd0nrDInHXj8KiRp,2021-10-14T22:00:00.000Z
17.5,,manual,1634234400000,manual,,i12YqCYYmKr5W27JtbJfGknhLDZK2N$0$manual$manual$0,E32Xz58CfMNuFIsEfIcYMgZQWUJT8r,2021-10-14T18:00:00.000Z
17,,manual,1634220000000,manual,,i12YqCYYmKr5W27JtbJfGknhLDZK2N$0$manual$manual$0,6HXImlY9EZ1fjYzmxam7uaPEXBlGIy,2021-10-14T14:00:00.000Z
17.9,,manual,1634205600000,manual,,i12YqCYYmKr5W27JtbJfGknhLDZK2N$0$manual$manual$0,YkkmOSCk6meh3jjzmItJdReoQm0ZuT,2021-10-14T10:00:00.000Z
17.5,,manual,1634191200000,manual,,i12YqCYYmKr5W27JtbJfGknhLDZK2N$0$manual$manual$0,LV9pj3RXrCc35qzu5AihGiw5jxE25h,2021-10-14T06:00:00.000Z
17.2,,manual,1634176800000,manual,,i12YqCYYmKr5W27JtbJfGknhLDZK2N$0$manual$manual$0,NIJJ6WIIWy5U6pH3b1ysq9mynPNFa2,2021-10-14T02:00:00.000Z
17,,manual,1634162400000,manual,,i12YqCYYmKr5W27JtbJfGknhLDZK2N$0$manual$manual$0,MZmCjR5Q0owKDNt9C1x36oUGeREyNh,2021-10-13T22:00:00.000Z
17.6,,manual,1634148000000,manual,,i12YqCYYmKr5W27JtbJfGknhLDZK2N$0$manual$manual$0,IsBYoazEOBUiKq8o84V7onfqZVcfbG,2021-10-13T18:00:00.000Z
18,,manual,1634133600000,manual,,i12YqCYYmKr5W27JtbJfGknhLDZK2N$0$manual$manual$0,lZgzEceXwqoRPoDfGkbKdIXU5LGuit,2021-10-13T14:00:00.000Z
17.9,,manual,1634119200000,manual,,i12YqCYYmKr5W27JtbJfGknhLDZK2N$0$manual$manual$0,iuOHDiod4gcuOm5bZueo9BDmkssgQK,2021-10-13T10:00:00.000Z
17.9,,manual,1634104800000,manual,,i12YqCYYmKr5W27JtbJfGknhLDZK2N$0$manual$manual$0,z7AnrKEIlTQ03qd5hFuF3MUA6KKqDH,2021-10-13T06:00:00.000Z
17.6,,manual,1634090400000,manual,,i12YqCYYmKr5W27JtbJfGknhLDZK2N$0$manual$manual$0,ojxQQk3yZ5VNQ4ZSR9YYhtHlWoSB6q,2021-10-13T02:00:00.000Z
17.5,,manual,1634076000000,manual,,i12YqCYYmKr5W27JtbJfGknhLDZK2N$0$manual$manual$0,GjP7Q5KosDkDP5pnILZ9QYSLrs6NSK,2021-10-12T22:00:00.000Z
17.2,,manual,1634061600000,manual,,i12YqCYYmKr5W27JtbJfGknhLDZK2N$0$manual$manual$0,5kUWB9HXIuXmJDlMxOUD1Dm1t07Gre,2021-10-12T18:00:00.000Z
17.8,,manual,1634047200000,manual,,i12YqCYYmKr5W27JtbJfGknhLDZK2N$0$manual$manual$0,VMbQQf4tayVTiRqYee2Ii1furI4lr3,2021-10-12T14:00:00.000Z
17.8,,manual,1634032800000,manual,,i12YqCYYmKr5W27JtbJfGknhLDZK2N$0$manual$manual$0,QgpOgckcwV8wyWpFubwqJYlMZ4i3ju,2021-10-12T10:00:00.000Z
17.5,,manual,1634018400000,manual,,i12YqCYYmKr5W27JtbJfGknhLDZK2N$0$manual$manual$0,YwlrgLHGGM8rg8L8zJ3RS8YsphELD5,2021-10-12T06:00:00.000Z
17.2,,manual,1634004000000,manual,,i12YqCYYmKr5W27JtbJfGknhLDZK2N$0$manual$manual$0,XLkn7ob4cZJ7xGzZoQhZgXp0qd2n8e,2021-10-12T02:00:00.000Z
17,,manual,1633989600000,manual,,i12YqCYYmKr5W27JtbJfGknhLDZK2N$0$manual$manual$0,bdAcUpS5NY2V3aJdekBZu5EZbetQDq,2021-10-11T22:00:00.000Z
17.9,,manual,1633975200000,manual,,i12YqCYYmKr5W27JtbJfGknhLDZK2N$0$manual$manual$0,XSeQ2Qf620i9gd8CHR6l07RaqEGdTl,2021-10-11T18:00:00.000Z
17.3,,manual,1633960800000,manual,,i12YqCYYmKr5W27JtbJfGknhLDZK2N$0$manual$manual$0,MpYeSW6Pd4K4KXZ0VMidE18fSa4w9A,2021-10-11T14:00:00.000Z
17.3,,manual,1633946400000,manual,,i12YqCYYmKr5W27JtbJfGknhLDZK2N$0$manual$manual$0,N5tY6aZURfnUnzoP4fQbz23C9CCumn,2021-10-11T10:00:00.000Z
18,,manual,1633932000000,manual,,i12YqCYYmKr5W27JtbJfGknhLDZK2N$0$manual$manual$0,d6WWD9mzuKdtdSAbN28GVxHITH1vjS,2021-10-11T06:00:00.000Z
17.7,,manual,1633917600000,manual,,i12YqCYYmKr5W27JtbJfGknhLDZK2N$0$manual$manual$0,0xwVh1uUeK01CYVuaFoiaQfE20ucIA,2021-10-11T02:00:00.000Z
17.3,,manual,1633903200000,manual,,i12YqCYYmKr5W27JtbJfGknhLDZK2N$0$manual$manual$0,zzybyoAPCWyAhMjXUOfzscI1upxy09,2021-10-10T22:00:00.000Z
17.3,,manual,1633888800000,manual,,i12YqCYYmKr5W27JtbJfGknhLDZK2N$0$manual$manual$0,tOJPNy09dtQIPeDVRrwlrsAXXUr3Hm,2021-10-10T18:00:00.000Z
17.9,,manual,1633874400000,manual,,i12YqCYYmKr5W27JtbJfGknhLDZK2N$0$manual$manual$0,Liob3pTtFA32sX0yxUZDqaxLlxXLHz,2021-10-10T14:00:00.000Z
17.7,,manual,1633860000000,manual,,i12YqCYYmKr5W27JtbJfGknhLDZK2N$0$manual$manual$0,mbPTXj8AIsFHt8wcAhttSxNbCiJcFy,2021-10-10T10:00:00.000Z
17.7,,manual,1633845600000,manual,,i12YqCYYmKr5W27JtbJfGknhLDZK2N$0$manual$manual$0,jg5odNrX5UZOykFUxL1C3RJxrkocyH,2021-10-10T06:00:00.000Z
17.6,,manual,1633831200000,manual,,i12YqCYYmKr5W27JtbJfGknhLDZK2N$0$manual$manual$0,pvmB3aTCL8gdzUjLtNxYEncbmuKbuN,2021-10-10T02:00:00.000Z
17.2,,manual,1633816800000,manual,,i12YqCYYmKr5W27JtbJfGknhLDZK2N$0$manual$manual$0,z1h8hu3BvBxG8TtHEK0ZQeRZaSehmk,2021-10-09T22:00:00.000Z
18,,manual,1633802400000,manual,,i12YqCYYmKr5W27JtbJfGknhLDZK2N$0$manual$manual$0,tgNBQqYJWvaDBpJdPFnMkgrgdPHfqD,2021-10-09T18:00:00.000Z
17.5,,manual,1633788000000,manual,,i12YqCYYmKr5W27JtbJfGknhLDZK2N$0$manual$manual$0,TRYqptNgHgSNqO4y6fn7mIKnumMeMv,2021-10-09T14:00:00.000Z
17.1,,manual,1633773600000,manual,,i12YqCYYmKr5W27JtbJfGknhLDZK2N$0$manual$manual$0,KxkxeiSvvbfM0rKX68LGAC4Kc1SqUo,2021-10-09T10:00:00.000Z
17.5,,manual,1633759200000,manual,,i12YqCYYmKr5W27JtbJfGknhLDZK2N$0$manual$manual$0,fAdAyPpMh81WRF88HOCglEwJPDYxwR,2021-10-09T06:00:00.000Z
18,,manual,1633744800000,manual,,i12YqCYYmKr5W27JtbJfGknhLDZK2N$0$manual$manual$0,l9e7wb5MO7zn01tBNLOMmcLKNCFZyB,2021-10-09T02:00:00.000Z
17.5,,manual,1633730400000,manual,,i12YqCYYmKr5W27JtbJfGknhLDZK2N$0$manual$manual$0,AyxC2NnqMiTC7WPIYfOKypNrnDpbDR,2021-10-08T22:00:00.000Z
17,,manual,1633716000000,manual,,i12YqCYYmKr5W27JtbJfGknhLDZK2N$0$manual$manual$0,if3bcb4GAa5ElS72q0r0Sf0T2SLAyk,2021-10-08T18:00:00.000Z
17.7,,manual,1633701600000,manual,,i12YqCYYmKr5W27JtbJfGknhLDZK2N$0$manual$manual$0,uz5PiDCJtrLwsjVgJ3wHxVkSrDSEO6,2021-10-08T14:00:00.000Z
17.3,,manual,1633687200000,manual,,i12YqCYYmKr5W27JtbJfGknhLDZK2N$0$manual$manual$0,WqxOIbK1m0KClQIovVBdLBFllqOlpE,2021-10-08T10:00:00.000Z
17.2,,manual,1633672800000,manual,,i12YqCYYmKr5W27JtbJfGknhLDZK2N$0$manual$manual$0,LjFqL38ItUWJQsXAiUDNZN6QzQZhbW,2021-10-08T06:00:00.000Z
17,,manual,1633658400000,manual,,i12YqCYYmKr5W27JtbJfGknhLDZK2N$0$manual$manual$0,UzEvEBExOSdLqvcogPcpdEb39Nmvpl,2021-10-08T02:00:00.000Z
18,,manual,1633644000000,manual,,i12YqCYYmKr5W27JtbJfGknhLDZK2N$0$manual$manual$0,IkHiwSPUS9PInGXrEBQv5TEGnvS5M5,2021-10-07T22:00:00.000Z
17.2,,manual,1633629600000,manual,,i12YqCYYmKr5W27JtbJfGknhLDZK2N$0$manual$manual$0,R03oF12BYAer1nKRr96H7Z82JKxePA,2021-10-07T18:00:00.000Z
17.8,,manual,1633615200000,manual,,i12YqCYYmKr5W27JtbJfGknhLDZK2N$0$manual$manual$0,Y5kdYeRBPIsP0Xgi5VO0e60BvEzNU8,2021-10-07T14:00:00.000Z
17.2,,manual,1633600800000,manual,,i12YqCYYmKr5W27JtbJfGknhLDZK2N$0$manual$manual$0,f2vDEA3okYQl1WMN5nKGeZD6Zg0EHj,2021-10-07T10:00:00.000Z
17.4,,manual,1633586400000,manual,,i12YqCYYmKr5W27JtbJfGknhLDZK2N$0$manual$manual$0,dHWmWIlFydI6BcD8sT8cbXzICFSuzy,2021-10-07T06:00:00.000Z
18,,manual,1633572000000,manual,,i12YqCYYmKr5W27JtbJfGknhLDZK2N$0$manual$manual$0,lQKaxClXfBHQoEiOu1HjUA0uSzRZyZ,2021-10-07T02:00:00.000Z
17.4,,manual,1633557600000,manual,,i12YqCYYmKr5W27JtbJfGknhLDZK2N$0$manual$manual$0,7vkmuO6N1NCAuk0BWdkJnrNvxKC1GY,2021-10-06T22:00:00.000Z
17.9,,manual,1633543200000,manual,,i12YqCYYmKr5W27JtbJfGknhLDZK2N$0$manual$manual$0,FOsEFFzS43tvBlCn62ZveUjU83HttT,2021-10-06T18:00:00.000Z
17.4,,manual,1633528800000,manual,,i12YqCYYmKr5W27JtbJfGknhLDZK2N$0$manual$manual$0,0KX32NsuBOhkhp24lqzuoTvC5oxdSa,2021-10-06T14:00:00.000Z
17.2,,manual,1633514400000,manual,,i12YqCYYmKr5W27JtbJfGknhLDZK2N$0$manual$manual$0,Ql9JLEvlpWwEnYt08iylMkde08BvJZ,2021-10-06T10:00:00.000Z
18,,manual,1633500000000,manual,,i12YqCYYmKr5W27JtbJfGknhLDZK2N$0$manual$manual$0,loJn9SwRWDjzoCI3r5dnAAbp00zrMd,2021-10-06T06:00:00.000Z
17.7,,manual,1633485600000,manual,,i12YqCYYmKr5W27JtbJfGknhLDZK2N$0$manual$manual$0,AJH7aLwfbWF0ZkFk3XmD32L5Uttaur,2021-10-06T02:00:00.000Z
17.3,,manual,1633471200000,manual,,i12YqCYYmKr5W27JtbJfGknhLDZK2N$0$manual$manual$0,1ZiwS6fpDN2ISbXyl2IBVwypv5tFtM,2021-10-05T22:00:00.000Z
18,,manual,1633456800000,manual,,i12YqCYYmKr5W27JtbJfGknhLDZK2N$0$manual$manual$0,3k3zZkBay06coYV3EhK1TaHcDrXrt7,2021-10-05T18:00:00.000Z
17.4,,manual,1633442400000,manual,,i12YqCYYmKr5W27JtbJfGknhLDZK2N$0$manual$manual$0,LPvR0VWTnVNZskmaxVIxfJVHW7Kzvq,2021-10-05T14:00:00.000Z
17.7,,manual,1633428000000,manual,,i12YqCYYmKr5W27JtbJfGknhLDZK2N$0$manual$manual$0,XQ7S449llpUiEaMIMkUnqX3BnX8HZd,2021-10-05T10:00:00.000Z
18,,manual,1633413600000,manual,,i12YqCYYmKr5W27JtbJfGknhLDZK2N$0$manual$manual$0,3LeFyx9qv2zum7GJmL4VZw5H4cPwUo,2021-10-05T06:00:00.000Z
17.4,,manual,1633399200000,manual,,i12YqCYYmKr5W27JtbJfGknhLDZK2N$0$manual$manual$0,QrwzV1Tptg1CMSe7cAFO6dxarjjBe3,2021-10-05T02:00:00.000Z
17,,manual,1633384800000,manual,,i12YqCYYmKr5W27JtbJfGknhLDZK2N$0$manual$manual$0,3grzKIMKApoNT18AiF3EsN23RbE9Rq,2021-10-04T22:00:00.000Z
17.5,,manual,1633370400000,manual,,i12YqCYYmKr5W27JtbJfGknhLDZK2N$0$manual$manual$0,MpnuxgKoVI5Ank3LCv4BME59idpPyH,2021-10-04T18:00:00.000Z
18,,manual,1633356000000,manual,,i12YqCYYmKr5W27JtbJfGknhLDZK2N$0$manual$manual$0,fYdn6h5ZwFOBLnJsz4t2YTnAEvVdWq,2021-10-04T14:00:00.000Z
17.4,,manual,1633341600000,manual,,i12YqCYYmKr5W27JtbJfGknhLDZK2N$0$manual$manual$0,qsrlXm6SJK1EsIpU7NWF1u8hb7mKLa,2021-10-04T10:00:00.000Z
17.1,,manual,1633327200000,manual,,i12YqCYYmKr5W27JtbJfGknhLDZK2N$0$manual$manual$0,2abodLrM8sq6YOzV0vCewf3DvgClSJ,2021-10-04T06:00:00.000Z
17.8,,manual,1633312800000,manual,,i12YqCYYmKr5W27JtbJfGknhLDZK2N$0$manual$manual$0,bL43nWmmyfNBWJl91QiNpwP1U1wQar,2021-10-04T02:00:00.000Z
17.7,,manual,1633298400000,manual,,i12YqCYYmKr5W27JtbJfGknhLDZK2N$0$manual$manual$0,FyKtv0j9GfM8R8Evd7YclL4cZAB5uV,2021-10-03T22:00:00.000Z
17.2,,manual,1633284000000,manual,,i12YqCYYmKr5W27JtbJfGknhLDZK2N$0$manual$manual$0,rLhL0fZjBto3Ao7Lt5KMOe1ZulX0xb,2021-10-03T18:00:00.000Z
18,,manual,1633269600000,manual,,i12YqCYYmKr5W27JtbJfGknhLDZK2N$0$manual$manual$0,1ItpG8We1tHktdkVBMHi1IQWes82rO,2021-10-03T14:00:00.000Z
17.3,,manual,1633255200000,manual,,i12YqCYYmKr5W27JtbJfGknhLDZK2N$0$manual$manual$0,cQbwpGIGD0Dyo1V5woTlpzxHrbxt7t,2021-10-03T10:00:00.000Z
18,,manual,1633240800000,manual,,i12YqCYYmKr5W27JtbJfGknhLDZK2N$0$manual$manual$0,rL1uT1XmZKCm7kE1fuMoJtSOK4N6Qz,2021-10-03T06:00:00.000Z
17.3,,manual,1633226400000,manual,,i12YqCYYmKr5W27JtbJfGknhLDZK2N$0$manual$manual$0,CIwhnBqQNsJ7rlXSuw6qMIzk8P83O1,2021-10-03T02:00:00.000Z
18,,manual,1633212000000,manual,,i12YqCYYmKr5W27JtbJfGknhLDZK2N$0$manual$manual$0,NoBkzlSaue0YhzZJFoyigXa3LNm1VX,2021-10-02T22:00:00.000Z
17.3,,manual,1633197600000,manual,,i12YqCYYmKr5W27JtbJfGknhLDZK2N$0$manual$manual$0,K8qyaY89PTvSA2UMi5238bkVR1EIdu,2021-10-02T18:00:00.000Z
17.9,,manual,1633183200000,manual,,i12YqCYYmKr5W27JtbJfGknhLDZK2N$0$manual$manual$0,jnUIAJEOq0fA4ZgxkKGuwfwUcoqVLV,2021-10-02T14:00:00.000Z
17.3,,manual,1633168800000,manual,,i12YqCYYmKr5W27JtbJfGknhLDZK2N$0$manual$manual$0,SYrpffvTwnEspajM7jXkF8nwKSO0YJ,2021-10-02T10:00:00.000Z
17.5,,manual,1633154400000,manual,,i12YqCYYmKr5W27JtbJfGknhLDZK2N$0$manual$manual$0,wSVb9jcoUPgJaCVNkr1LwWWUy0vf6E,2021-10-02T06:00:00.000Z
17.7,,manual,1633140000000,manual,,i12YqCYYmKr5W27JtbJfGknhLDZK2N$0$manual$manual$0,EVpTy1lH7ZX3M4ZN77aXw6TOS8R72b,2021-10-02T02:00:00.000Z
17.1,,manual,1633125600000,manual,,i12YqCYYmKr5W27JtbJfGknhLDZK2N$0$manual$manual$0,bq2EzWaHqOCIQ56gLdjDqu7MhxeIsL,2021-10-01T22:00:00.000Z
17.9,,manual,1633111200000,manual,,i12YqCYYmKr5W27JtbJfGknhLDZK2N$0$manual$manual$0,zXUliDuE5KtPUVcHdaH8REtNcF9oNp,2021-10-01T18:00:00.000Z
17.2,,manual,1633096800000,manual,,i12YqCYYmKr5W27JtbJfGknhLDZK2N$0$manual$manual$0,yy92KJW027gEiemJozBJTMLSo5gt1G,2021-10-01T14:00:00.000Z
18,,manual,1633082400000,manual,,i12YqCYYmKr5W27JtbJfGknhLDZK2N$0$manual$manual$0,Zt0h3bWI91rpzBPjFm34JfsnYXNy13,2021-10-01T10:00:00.000Z
17.5,,manual,1633068000000,manual,,i12YqCYYmKr5W27JtbJfGknhLDZK2N$0$manual$manual$0,cYq4jKHWLwtZ5yDnukSjNSWX3w9n5s,2021-10-01T06:00:00.000Z
17.1,,manual,1633053600000,manual,,i12YqCYYmKr5W27JtbJfGknhLDZK2N$0$manual$manual$0,LMYeLvE8hwS76W257tXzFzaxgvh4fO,2021-10-01T02:00:00.000Z
18,,manual,1633039200000,manual,,i12YqCYYmKr5W27JtbJfGknhLDZK2N$0$manual$manual$0,3nq7dg39kL5ALPEzdwo8VAPnkgJUzR,2021-09-30T22:00:00.000Z
17.4,,manual,1633024800000,manual,,i12YqCYYmKr5W27JtbJfGknhLDZK2N$0$manual$manual$0,fNVmWi1DpnQaAWiMHSEPGCTOuLBkF9,2021-09-30T18:00:00.000Z
17.4,,manual,1633010400000,manual,,i12YqCYYmKr5W27JtbJfGknhLDZK2N$0$manual$manual$0,1aHbnvZ9FWmjEX0tQ5DffzJfBvYYYW,2021-09-30T14:00:00.000Z
17.8,,manual,1632996000000,manual,,i12YqCYYmKr5W27JtbJfGknhLDZK2N$0$manual$manual$0,8x90TO1ZaX1rHQiKg2B8vR1e2863l5,2021-09-30T10:00:00.000Z
17.5,,manual,1632981600000,manual,,i12YqCYYmKr5W27JtbJfGknhLDZK2N$0$manual$manual$0,oi4bqruGzwiWXYepT969KJwb2QwEiN,2021-09-30T06:00:00.000Z
17.1,,manual,1632967200000,manual,,i12YqCYYmKr5W27JtbJfGknhLDZK2N$0$manual$manual$0,f46Kjdu49D0xqdsWVHDzMtSBNAORJz,2021-09-30T02:00:00.000Z
17.2,,manual,1632945600000,manual,,i12YqCYYmKr5W27JtbJfGknhLDZK2N$0$manual$manual$0,Tdg3ufyVuELRdMog7UbGkc4BHeyMcR,2021-09-29T20:00:00.000Z
17.4,,manual,1632938400000,manual,,i12YqCYYmKr5W27JtbJfGknhLDZK2N$0$manual$manual$0,oz4zRHNsbSSZz1MBAxsDUif9rlLdjY,2021-09-29T18:00:00.000Z
17,,manual,1632924000000,manual,,i12YqCYYmKr5W27JtbJfGknhLDZK2N$0$manual$manual$0,2rFDPhLvXPSMv60vfZjPeKWoGrBwe0,2021-09-29T14:00:00.000Z
17.6,,manual,1632909600000,manual,,i12YqCYYmKr5W27JtbJfGknhLDZK2N$0$manual$manual$0,3tBE3eDXGgvBFs6JOIkmbScUCtLi1P,2021-09-29T10:00:00.000Z
17.1,,manual,1632895200000,manual,,i12YqCYYmKr5W27JtbJfGknhLDZK2N$0$manual$manual$0,jmtB0T0lnkeM455juSr6DJo21OY3vC,2021-09-29T06:00:00.000Z
17.7,,manual,1632880800000,manual,,i12YqCYYmKr5W27JtbJfGknhLDZK2N$0$manual$manual$0,AtbVVd05dL6vVmyOtO2IRAfVgTXEDI,2021-09-29T02:00:00.000Z
18.2,,manual,1632865500000,manual,,i12YqCYYmKr5W27JtbJfGknhLDZK2N$0$manual$manual$0,KjFVWN4flhp1bKHm4x5BNsBG7W41JL,2021-09-28T21:45:00.000Z
17.9,,manual,1632853954465,manual,,i12YqCYYmKr5W27JtbJfGknhLDZK2N$0$manual$manual$0,R74Tr2JvQz0PY1VxlXnM0Y1idL4fuy,2021-09-28T18:32:34.465Z
18.2,1,manual,1632851252651,manual,,i12YqCYYmKr5W27JtbJfGknhLDZK2N$0$manual$manual$0,pVY1ul3Wt5SySfb5MdGJoZxOOuYbNI,2021-09-28T17:47:32.651Z,4.23
17.3,,manual,1632848332685,manual,no bubbles.,i12YqCYYmKr5W27JtbJfGknhLDZK2N$0$manual$manual$0,UlTWbNJsFoGXuldGemaleeOrwB0Kwf,2021-09-28T16:58:52.685Z,,-696.181141
17.4,,manual,1632825142182,manual,no bubbles.,i12YqCYYmKr5W27JtbJfGknhLDZK2N$0$manual$manual$0,YTvC5txMSxFDk5CRhkQgPLwM7wuTZf,2021-09-28T10:32:22.182Z,,-652.66982
18,,manual,1632809714218,manual,no bubbles.,i12YqCYYmKr5W27JtbJfGknhLDZK2N$0$manual$manual$0,YmFcti7wcUtjqdvWil8cMEQJZipB0q,2021-09-28T06:15:14.218Z,,-652.66982
17.9,,manual,1632774600000,manual,,i12YqCYYmKr5W27JtbJfGknhLDZK2N$0$manual$manual$0,PSgz4lOOeMJh3A2HSTL1tZ6TMHiPpd,2021-09-27T20:30:00.000Z,,
18.5,,manual,1632773700000,manual,,i12YqCYYmKr5W27JtbJfGknhLDZK2N$0$manual$manual$0,urwoFyzxrRNMbK6SQ02LbqUDkrTpTh,2021-09-27T20:15:00.000Z,,
19,,manual,1632772800000,manual,,i12YqCYYmKr5W27JtbJfGknhLDZK2N$0$manual$manual$0,cXXIhn2tUhp4fib5TsdqmOaMXn6E4I,2021-09-27T20:00:00.000Z,,
19.5,,manual,1632771900000,manual,,i12YqCYYmKr5W27JtbJfGknhLDZK2N$0$manual$manual$0,Xm9afbx8e2KIz2ouaK3Nzjace3awLK,2021-09-27T19:45:00.000Z,,
20.1,,manual,1632771683357,manual,no bubbles.,i12YqCYYmKr5W27JtbJfGknhLDZK2N$0$manual$manual$0,b9ByHxQKhjDdpEZooTbFo8lAkJQMOP,2021-09-27T19:41:23.357Z,,609.158499
21.1,,manual,1632741300000,manual,no bubbl;es.,i12YqCYYmKr5W27JtbJfGknhLDZK2N$0$manual$manual$0,jl5dmg7PGzcY8CNVRXdDGUFg3veYs5,2021-09-27T11:15:00.000Z,,652.66982
20.8,,manual,1632722957754,manual,no bubbles.,i12YqCYYmKr5W27JtbJfGknhLDZK2N$0$manual$manual$0,c4qBNOaiWpB5cfsRqpmioHuCXhjvhT,2021-09-27T06:09:17.754Z,,652.66982
20.5,,manual,1632690460227,manual,no bubbles.,i12YqCYYmKr5W27JtbJfGknhLDZK2N$0$manual$manual$0,nPNVS3ZvliSkyngfa2t1orZ7e5DbtE,2021-09-26T21:07:40.227Z,,696.181141
21,,manual,1632663489022,manual,no bubbles.,i12YqCYYmKr5W27JtbJfGknhLDZK2N$0$manual$manual$0,ZaY3oQvgfQZNgANIs295iDI8LiyIDD,2021-09-26T13:38:09.022Z,,652.66982
20.6,,manual,1632639607624,manual,no bubbles.,i12YqCYYmKr5W27JtbJfGknhLDZK2N$0$manual$manual$0,MqLMhpUKnxIy05yC4660ftwvMTwP5G,2021-09-26T07:00:07.624Z,,652.66982
20.6,,manual,1632601708398,manual,no bubbles.,i12YqCYYmKr5W27JtbJfGknhLDZK2N$0$manual$manual$0,GcQRfIXgDyYvSWu50j7nYNWGnqNio2,2021-09-25T20:28:28.398Z,,696.181141
20.8,,manual,1632587700000,manual,no bubbles.,i12YqCYYmKr5W27JtbJfGknhLDZK2N$0$manual$manual$0,DfMWOKBRJZ8aIQ1UUJiYDX1wK38fdC,2021-09-25T16:35:00.000Z,,652.66982
20.8,,manual,1632547613839,manual,no bubbles.,i12YqCYYmKr5W27JtbJfGknhLDZK2N$0$manual$manual$0,68ujqrLaabMrBm70jOYOQF8lUzJAVF,2021-09-25T05:26:53.839Z,,652.66982
20.4,,manual,1632517367111,manual,no bubbles.,i12YqCYYmKr5W27JtbJfGknhLDZK2N$0$manual$manual$0,pNByrEotOOSSPOSlwQlrdnpN0G13O5,2021-09-24T21:02:47.111Z,,652.66982
20.8,,manual,1632500170310,manual,no bubbles.,i12YqCYYmKr5W27JtbJfGknhLDZK2N$0$manual$manual$0,rav7DmDulEpdyzKTf6lwRnetCBtmDI,2021-09-24T16:16:10.310Z,,652.66982
20.1,,manual,1632481567202,manual,no bubbles.,i12YqCYYmKr5W27JtbJfGknhLDZK2N$0$manual$manual$0,IFBZpHCadxQxv7xzunJ8L22y5oEJhb,2021-09-24T11:06:07.202Z,,652.66982
20.9,,manual,1632465262047,manual,no bubbles.,i12YqCYYmKr5W27JtbJfGknhLDZK2N$0$manual$manual$0,sL4XJSdtXdwTEbrUgYPt4cvg4QcVYc,2021-09-24T06:34:22.047Z,,696.181141
21,,manual,1632434280000,manual,one bubble.,i12YqCYYmKr5W27JtbJfGknhLDZK2N$0$manual$manual$0,TBdXnLv5wIak6sUusrzCeUZ3RZedTv,2021-09-23T21:58:00.000Z,,725.188689
20.3,,manual,1632421015185,manual,no bubbles.,i12YqCYYmKr5W27JtbJfGknhLDZK2N$0$manual$manual$0,71noqIz6IfwncYK2gTelT56S8fNS3d,2021-09-23T18:16:55.185Z,,652.66982
20.9,,manual,1632398237458,manual,no bubbles.,i12YqCYYmKr5W27JtbJfGknhLDZK2N$0$manual$manual$0,b50lJwJZfydv7bQrIUv2j9yJutNnLF,2021-09-23T11:57:17.458Z,,652.66982
21,,manual,1632380004227,manual,no bubbles.,i12YqCYYmKr5W27JtbJfGknhLDZK2N$0$manual$manual$0,1K4NSFN2TD5PbhhIUfKERF4hB3w22A,2021-09-23T06:53:24.227Z,,696.181141
21,,manual,1632358800000,manual,,i12YqCYYmKr5W27JtbJfGknhLDZK2N$0$manual$manual$0,2url24TcaKf5Dmxh0WTCRUnTS7EapJ,2021-09-23T01:00:00.000Z,,
21,,manual,1632355200000,manual,,i12YqCYYmKr5W27JtbJfGknhLDZK2N$0$manual$manual$0,cwVtPp3sanXddvLTH6YnTfb1YF3PRb,2021-09-23T00:00:00.000Z,,
19.9,,manual,1632351600000,manual,,i12YqCYYmKr5W27JtbJfGknhLDZK2N$0$manual$manual$0,eoFnusUnTaiTyHUvGb2rxESP4SfRlV,2021-09-22T23:00:00.000Z,,
18,,manual,1632348000000,manual,,i12YqCYYmKr5W27JtbJfGknhLDZK2N$0$manual$manual$0,ukotQLFnekQwKIWAhmlAnTfFNWKEgz,2021-09-22T22:00:00.000Z,,
17.3,,manual,1632346254254,manual,no bubbles.,i12YqCYYmKr5W27JtbJfGknhLDZK2N$0$manual$manual$0,Plb1fddHGJytnLtiFyhILkuCrzPIsJ,2021-09-22T21:30:54.254Z,,580.150951
17.3,,manual,1632325019340,manual,no bubbles.,i12YqCYYmKr5W27JtbJfGknhLDZK2N$0$manual$manual$0,PGHRcld1pESyfC5ZWg0AgXtL5iaeMP,2021-09-22T15:36:59.340Z,,652.66982
17.4,,manual,1632304386723,manual,no bubbles.,i12YqCYYmKr5W27JtbJfGknhLDZK2N$0$manual$manual$0,Qxwq1SGCqel6ZCZa0lHjWUWwXOghvB,2021-09-22T09:53:06.723Z,,652.66982
17.7,,manual,1632250421024,manual,no bubbles.,i12YqCYYmKr5W27JtbJfGknhLDZK2N$0$manual$manual$0,jx7Kah0jxoChCOUuTGUiNMTZ6WUQyb,2021-09-21T18:53:41.024Z,,145.037738
18,,manual,1632222900000,manual,no bubbles.,i12YqCYYmKr5W27JtbJfGknhLDZK2N$0$manual$manual$0,m9vQS97Lq8fo1HoPCRa7Xv7oguSqJA,2021-09-21T11:15:00.000Z,,580.150951
17.4,,manual,1632207010445,manual,no bubbles.,i12YqCYYmKr5W27JtbJfGknhLDZK2N$0$manual$manual$0,h8r9VIFB6wYTM9REHePzd3DyZXwjFS,2021-09-21T06:50:10.445Z,,652.66982
17.2,NaN,manual,1632170587480,manual,no bubbles.,i12YqCYYmKr5W27JtbJfGknhLDZK2N$0$manual$manual$0,Vt36ZmqlBwVL0UYbguZvg5gXCp76GT,2021-09-20T20:43:07.480Z,NaN,145.037738
17.5,,manual,1632120642865,manual,no bubbles.,i12YqCYYmKr5W27JtbJfGknhLDZK2N$0$manual$manual$0,yORlKdrFyBHpY3yxhRQpo28DfqqUR0,2021-09-20T06:50:42.865Z,,652.66982
17.7,,manual,1632078741763,manual,no bubbles.,i12YqCYYmKr5W27JtbJfGknhLDZK2N$0$manual$manual$0,OZMgvFmFiDv1W0235aohTdt7P706Cy,2021-09-19T19:12:21.763Z,,652.66982
17.5,,manual,1632063707171,manual,no bubbles.,i12YqCYYmKr5W27JtbJfGknhLDZK2N$0$manual$manual$0,3fUYBo30eUHwfyEL4leoCKbw4YwTB8,2021-09-19T15:01:47.171Z,,580.150951
17.5,,manual,1632049615574,manual,one bubble.,i12YqCYYmKr5W27JtbJfGknhLDZK2N$0$manual$manual$0,S9bLdwMIjxXj3Sfg7DytqarO9iU5Wk,2021-09-19T11:06:55.574Z,,725.188689
17.7,,manual,1632039002543,manual,no bubbles.,i12YqCYYmKr5W27JtbJfGknhLDZK2N$0$manual$manual$0,4K8g55llrPvZi0YQJ3u4MiOGQGbt9V,2021-09-19T08:10:02.543Z,,580.150951
18,,manual,1631996303322,manual,no bubbles.,i12YqCYYmKr5W27JtbJfGknhLDZK2N$0$manual$manual$0,nYnxUO5p12tU2FPEKoub55F6RoVNvJ,2021-09-18T20:18:23.322Z,,652.66982
17.8,,manual,1631973947628,manual,no bubbles.,i12YqCYYmKr5W27JtbJfGknhLDZK2N$0$manual$manual$0,zrS8vIwi1BmsiGkVZBsIzhkuGxFpu3,2021-09-18T14:05:47.628Z,,580.150951
17.8,,manual,1631962342621,manual,no bubbles.,i12YqCYYmKr5W27JtbJfGknhLDZK2N$0$manual$manual$0,shEYHatTqPLTKTlOuITj4XjBoRmZiJ,2021-09-18T10:52:22.621Z,,652.66982
18.1,,manual,1631950631257,manual,no bubbles.,i12YqCYYmKr5W27JtbJfGknhLDZK2N$0$manual$manual$0,0OBrykmcLRc4Hj4WlEXrfRSS0f3qsz,2021-09-18T07:37:11.257Z,,652.66982
18.4,,manual,1631908353754,manual,one bubble.,i12YqCYYmKr5W27JtbJfGknhLDZK2N$0$manual$manual$0,5gZzF97BPy0lk3X91IHe8rmlo0DYUM,2021-09-17T19:52:33.754Z,,725.188689
18.4,,manual,1631897788903,manual,one bubble.,i12YqCYYmKr5W27JtbJfGknhLDZK2N$0$manual$manual$0,N1xbtcLtZzCNZq0DbfF2GAfQcSiyQq,2021-09-17T16:56:28.903Z,,725.188689
18.4,,manual,1631885667413,manual,one bubble.,i12YqCYYmKr5W27JtbJfGknhLDZK2N$0$manual$manual$0,poRHF09uQUtitTeb1fCudmrTl6sfsl,2021-09-17T13:34:27.413Z,,725.188689
18.4,,manual,1631875194172,manual,one bubble.,i12YqCYYmKr5W27JtbJfGknhLDZK2N$0$manual$manual$0,Z7Szff3ZAS9AG55bvRXc9i7NVrTW71,2021-09-17T10:39:54.172Z,,725.188689
18.7,,manual,1631859339162,manual,one bubble.,i12YqCYYmKr5W27JtbJfGknhLDZK2N$0$manual$manual$0,9kp9che8k6EtODkan5OB8MRrsRRQNh,2021-09-17T06:15:39.162Z,,725.188689
18.8,,manual,1631827660129,manual,one bubble.,i12YqCYYmKr5W27JtbJfGknhLDZK2N$0$manual$manual$0,s5q0xteAQ0AQUXz1x5Hg8d6NQdBI4W,2021-09-16T21:27:40.129Z,,725.188689
18.6,,manual,1631816700000,manual,one bubble.,i12YqCYYmKr5W27JtbJfGknhLDZK2N$0$manual$manual$0,D4XXljs5nZUIRU0l6FUn9EF8jZWjkY,2021-09-16T18:25:00.000Z,,725.188689
18.5,,manual,1631797123912,manual,one bubble.,i12YqCYYmKr5W27JtbJfGknhLDZK2N$0$manual$manual$0,SVCxyxqaIqKDLiT5xZUHgWCquT5LMM,2021-09-16T12:58:43.912Z,,725.188689
18.5,,manual,1631785143910,manual,one bubble.,i12YqCYYmKr5W27JtbJfGknhLDZK2N$0$manual$manual$0,DxEDhP7GYZu685HlhonbNbxgpNsYKG,2021-09-16T09:39:03.910Z,,725.188689
18.7,,manual,1631772591206,manual,one bubble.,i12YqCYYmKr5W27JtbJfGknhLDZK2N$0$manual$manual$0,G2EfVz4JBQvWTIP1PUXoBRwO1iRiin,2021-09-16T06:09:51.206Z,,725.188689
18.7,,manual,1631742900000,manual,many bubbles.,i12YqCYYmKr5W27JtbJfGknhLDZK2N$0$manual$manual$0,NGSgzgasjA85quEBl16up6Tw9NMa21,2021-09-15T21:55:00.000Z,,725.188689
18.7,,manual,1631727852776,manual,many bubbles.,i12YqCYYmKr5W27JtbJfGknhLDZK2N$0$manual$manual$0,2nVXe5F2I9cEIeSiLBePp5ornXwAzc,2021-09-15T17:44:12.776Z,,725.188689
18.1,,manual,1631709060000,manual,many bubbles.,i12YqCYYmKr5W27JtbJfGknhLDZK2N$0$manual$manual$0,W4FwrQfIHCq3EYTdfAClqliZ2c2KAZ,2021-09-15T12:31:00.000Z,,725.188689
17.8,,manual,1631698200000,manual,many bubbles.,i12YqCYYmKr5W27JtbJfGknhLDZK2N$0$manual$manual$0,v1jzzXxRZ25XrAtHVgG3Mdbdizsjwd,2021-09-15T09:30:00.000Z,,725.188689
18.9,,manual,1631684722758,manual,many bubbles.,i12YqCYYmKr5W27JtbJfGknhLDZK2N$0$manual$manual$0,sJsnVHhiREplb6QHlZfNOR5eI4RJfP,2021-09-15T05:45:22.758Z,,725.188689
18.8,,manual,1631653488420,manual,many bubbles.,i12YqCYYmKr5W27JtbJfGknhLDZK2N$0$manual$manual$0,H79UZ3pgil4BrYaz85WPqWZhFSFtFj,2021-09-14T21:04:48.420Z,,725.188689
18.5,,manual,1631648256539,manual,many bubbles.,i12YqCYYmKr5W27JtbJfGknhLDZK2N$0$manual$manual$0,YnDqL2fo8bw6SXGernEWaEYSmm4REL,2021-09-14T19:37:36.539Z,,725.188689
17.8,,manual,1631639031696,manual,many bubbles.,i12YqCYYmKr5W27JtbJfGknhLDZK2N$0$manual$manual$0,h5oJS9tUXSow6W5BwzeQbBjvJ8pP4n,2021-09-14T17:03:51.696Z,,725.188689
18.6,,manual,1631625391536,manual,many bubbles.,i12YqCYYmKr5W27JtbJfGknhLDZK2N$0$manual$manual$0,IqQQnCh3q9BnDEdADpjvtbVxtaAnMU,2021-09-14T13:16:31.536Z,,725.188689
18.2,,manual,1631618716070,manual,many bubbles.,i12YqCYYmKr5W27JtbJfGknhLDZK2N$0$manual$manual$0,4FPDQ5W3Kqo1cEqx8aCTEJWxXJ2KmG,2021-09-14T11:25:16.070Z,,725.188689
18.2,,manual,1631607404679,manual,many bubbles.,i12YqCYYmKr5W27JtbJfGknhLDZK2N$0$manual$manual$0,LB9Qd0o0nqcFKBdjNf8ay9TkikvPCB,2021-09-14T08:16:44.679Z,,725.188689
18.2,,manual,1631601623803,manual,many bubbles.,i12YqCYYmKr5W27JtbJfGknhLDZK2N$0$manual$manual$0,jL9drqV4iP5Lah44MTijOXFzH02ofj,2021-09-14T06:40:23.803Z,,725.188689
18.1,,manual,1631570390957,manual,many bubbles.,i12YqCYYmKr5W27JtbJfGknhLDZK2N$0$manual$manual$0,b21iVze9NYoChz8p3PKngBhAHWFu4F,2021-09-13T21:59:50.957Z,,725.188689
17.9,,manual,1631556765045,manual,two bubbles.,i12YqCYYmKr5W27JtbJfGknhLDZK2N$0$manual$manual$0,kRhJiwLkmhunws3xugJKb6yU4jjbXP,2021-09-13T18:12:45.045Z,,725.188689
17.6,,manual,1631543400000,manual,one bubble.,i12YqCYYmKr5W27JtbJfGknhLDZK2N$0$manual$manual$0,xfRACIQcb7LUZBBvBOz6Csbzc9rNfx,2021-09-13T14:30:00.000Z,,725.188689
17.6,,manual,1631538900000,manual,one bubble.,i12YqCYYmKr5W27JtbJfGknhLDZK2N$0$manual$manual$0,XbBcfIll4v457ckU2UfqF7TwLW6vAr,2021-09-13T13:15:00.000Z,,725.188689
17.7,,manual,1631531279349,manual,one bubble.,i12YqCYYmKr5W27JtbJfGknhLDZK2N$0$manual$manual$0,0d5UfMjbN7wlOlfT47ziwBDxkGhADk,2021-09-13T11:07:59.349Z,,725.188689
17.8,,manual,1631514032462,manual,one bubble.,i12YqCYYmKr5W27JtbJfGknhLDZK2N$0$manual$manual$0,kjBXG1SpicWs5IcbNv7DKcKbwDUFme,2021-09-13T06:20:32.462Z,,725.188689
18,,manual,1631482200000,manual,,i12YqCYYmKr5W27JtbJfGknhLDZK2N$0$manual$manual$0,3XnKNJgY9wvyN7by8GzVgoII4myWHZ,2021-09-12T21:30:00.000Z,,145.037738
17.8,1.036,manual,1631468911841,manual,,i12YqCYYmKr5W27JtbJfGknhLDZK2N$0$manual$manual$0,GdhijJRCASn1nbSbmAjC6UFTZLGPU8,2021-09-12T17:48:31.841Z,5.49,0.145038