comment,temp,sg,id,type,time,__acc_reading_doc_id,__acc_reading_data_id,timepoint,ph,pressure
,18,,manual,manual,1680458400000,4JevereCJUWmT3C7NDuR3bQGC0H4rn$0$manual$manual$0,sYTcVFgsJv8VUQBwJ9zMH3AZeGPPpy,2023-04-02T18:00:00.000Z
,18.4,,manual,manual,1680444000000,4JevereCJUWmT3C7NDuR3bQGC0H4rn$0$manual$manual$0,OX8g0oXtJ8vZWYU4rwcSBM1lbn0qXT,2023-04-02T14:00:00.000Z
,17.8,,manual,manual,1680429600000,4JevereCJUWmT3C7NDuR3bQGC0H4rn$0$manual$manual$0,EOTpNO1orVXjDeUICreDZoNs4kmADD,2023-04-02T10:00:00.000Z
,17.7,,manual,manual,1680415200000,4JevereCJUWmT3C7NDuR3bQGC0H4rn$0$manual$manual$0,HSjTyan0j949suEOziMxtksp7SP2Az,2023-04-02T06:00:00.000Z
,18.5,,manual,manual,1680400800000,4JevereCJUWmT3C7NDuR3bQGC0H4rn$0$manual$manual$0,n2vhF6RnUwfAAbO83IJSDSCAM2ohqs,2023-04-02T02:00:00.000Z
,17.8,,manual,manual,1680386400000,4JevereCJUWmT3C7NDuR3bQGC0H4rn$0$manual$manual$0,YvlWa5DPkWVL1YN1aDGPXOM0Idxd0l,2023-04-01T22:00:00.000Z
,17.7,,manual,manual,1680372000000,4JevereCJUWmT3C7NDuR3bQGC0H4rn$0$manual$manual$0,5ne9FLpRLE8MsFYovDDRPvCGly82qv,2023-04-01T18:00:00.000Z
,18.1,,manual,manual,1680357600000,4JevereCJUWmT3C7NDuR3bQGC0H4rn$0$manual$manual$0,Z6mZcXsWjzqDKkX5IgCKjfGdMq6lsP,2023-04-01T14:00:00.000Z
,18.5,,manual,manual,1680343200000,4JevereCJUWmT3C7NDuR3bQGC0H4rn$0$manual$manual$0,eWQVNXxgA7vu9x7kWHmqj0Ude7LBdI,2023-04-01T10:00:00.000Z
,17.5,,manual,manual,1680328800000,4JevereCJUWmT3C7NDuR3bQGC0H4rn$0$manual$manual$0,iAqyMaRhaTKk5NOlK59dGGO6JfDGBZ,2023-04-01T06:00:00.000Z
,18.1,,manual,manual,1680314400000,4JevereCJUWmT3C7NDuR3bQGC0H4rn$0$manual$manual$0,k03WDep5knJxtS4788ygmSncilud3Y,2023-04-01T02:00:00.000Z
,18.5,,manual,manual,1680300000000,4JevereCJUWmT3C7NDuR3bQGC0H4rn$0$manual$manual$0,qkykjnHFls53z3nEjGc4ZV3F13LJjW,2023-03-31T22:00:00.000Z
,18.2,,manual,manual,1680285600000,4JevereCJUWmT3C7NDuR3bQGC0H4rn$0$manual$manual$0,6aanYeASoiR2oByVi8Q8OK5LMFl0EU,2023-03-31T18:00:00.000Z
,17.5,,manual,manual,1680271200000,4JevereCJUWmT3C7NDuR3bQGC0H4rn$0$manual$manual$0,DffnKNHFh3wigRd3C7qRe5RUR4oxEn,2023-03-31T14:00:00.000Z
,17.9,,manual,manual,1680256800000,4JevereCJUWmT3C7NDuR3bQGC0H4rn$0$manual$manual$0,c2ix9Vd4FP5eoLBgortNz3RzIWWvQ8,2023-03-31T10:00:00.000Z
,18.4,,manual,manual,1680242400000,4JevereCJUWmT3C7NDuR3bQGC0H4rn$0$manual$manual$0,A1ynj7z9IJxbqDo3u8qaKKfuksErX7,2023-03-31T06:00:00.000Z
,18.3,,manual,manual,1680228000000,4JevereCJUWmT3C7NDuR3bQGC0H4rn$0$manual$manual$0,5amISa4KnteyNzRmK00Zs8rX5cErv1,2023-03-31T02:00:00.000Z
,17.6,,manual,manual,1680213600000,4JevereCJUWmT3C7NDuR3bQGC0H4rn$0$manual$manual$0,3mtt42jyC8WyxbhVyhuMh1RAaK8HG0,2023-03-30T22:00:00.000Z
,17.7,,manual,manual,1680199200000,4JevereCJUWmT3C7NDuR3bQGC0H4rn$0$manual$manual$0,Ky3ifrEhos7y0AqmhrdYAHmv8QSjBv,2023-03-30T18:00:00.000Z
,17.6,,manual,manual,1680184800000,4JevereCJUWmT3C7NDuR3bQGC0H4rn$0$manual$manual$0,FDpaGji3HNKVVhaDXwFIUyv1vg9T9D,2023-03-30T14:00:00.000Z
,17.8,,manual,manual,1680170400000,4JevereCJUWmT3C7NDuR3bQGC0H4rn$0$manual$manual$0,9droHHQI0WUHPQR6UfWAIWxq4gBsY1,2023-03-30T10:00:00.000Z
,18.5,,manual,manual,1680156000000,4JevereCJUWmT3C7NDuR3bQGC0H4rn$0$manual$manual$0,2n7fWCj94KPT8EBlDvjvBw40AUhBhB,2023-03-30T06:00:00.000Z
,17.6,,manual,manual,1680138000000,4JevereCJUWmT3C7NDuR3bQGC0H4rn$0$manual$manual$0,ixcoaF6U60BOVRt4MKWu2zSyIap2rN,2023-03-30T01:00:00.000Z
,17.6,,manual,manual,1680127200000,4JevereCJUWmT3C7NDuR3bQGC0H4rn$0$manual$manual$0,fKgwI7GO1zTEkdLG6fcsh5tX39eacf,2023-03-29T22:00:00.000Z
,18.1,,manual,manual,1680112800000,4JevereCJUWmT3C7NDuR3bQGC0H4rn$0$manual$manual$0,IWe1xpKaBdUzZmc2MZ35hcnhyBzAU7,2023-03-29T18:00:00.000Z
,18.5,,manual,manual,1680098400000,4JevereCJUWmT3C7NDuR3bQGC0H4rn$0$manual$manual$0,ECf33MC5uP4e0upsprC1h7A1j3w4l7,2023-03-29T14:00:00.000Z
,17.9,,manual,manual,1680084000000,4JevereCJUWmT3C7NDuR3bQGC0H4rn$0$manual$manual$0,sqU4Js7LqOCSjxov4sIlLfOGdW2jAU,2023-03-29T10:00:00.000Z
,17.5,,manual,manual,1680069600000,4JevereCJUWmT3C7NDuR3bQGC0H4rn$0$manual$manual$0,iBbxe7gam79s10CmJur3o1C8vfRc7F,2023-03-29T06:00:00.000Z
,18.1,,manual,manual,1680055200000,4JevereCJUWmT3C7NDuR3bQGC0H4rn$0$manual$manual$0,vyYYpQ1RHgDDrgstll669Fy32bPWbW,2023-03-29T02:00:00.000Z
,18.4,,manual,manual,1680040800000,4JevereCJUWmT3C7NDuR3bQGC0H4rn$0$manual$manual$0,QTAekenIRZdT98kBO6Yktd0btxpiDB,2023-03-28T22:00:00.000Z
,17.8,,manual,manual,1680026400000,4JevereCJUWmT3C7NDuR3bQGC0H4rn$0$manual$manual$0,0kBY3Ur6B6jbciLFmtFk7gS2dmZiw1,2023-03-28T18:00:00.000Z
,17.5,,manual,manual,1680012000000,4JevereCJUWmT3C7NDuR3bQGC0H4rn$0$manual$manual$0,eLe7ON7wGQCLauS111kfImkWPEv7P1,2023-03-28T14:00:00.000Z
,18.2,,manual,manual,1679997600000,4JevereCJUWmT3C7NDuR3bQGC0H4rn$0$manual$manual$0,C6K9dQ5NnOgK4Al5J7dOM1wp1EXNdp,2023-03-28T10:00:00.000Z
,18.5,,manual,manual,1679983200000,4JevereCJUWmT3C7NDuR3bQGC0H4rn$0$manual$manual$0,jrCrOTayfqtXZm7iuJC2TcchdVTdb1,2023-03-28T06:00:00.000Z
,18.5,,manual,manual,1679969700000,4JevereCJUWmT3C7NDuR3bQGC0H4rn$0$manual$manual$0,1oNb4f5i0c8VnJJXKLC8aVK08UBkEw,2023-03-28T02:15:00.000Z
,18.2,,manual,manual,1679954400000,4JevereCJUWmT3C7NDuR3bQGC0H4rn$0$manual$manual$0,kslkjpJ1RBbzIu2WscfiUAkkoZMJyT,2023-03-27T22:00:00.000Z
,17.7,,manual,manual,1679940000000,4JevereCJUWmT3C7NDuR3bQGC0H4rn$0$manual$manual$0,QGfTzlodMhHOG5nBEam3XTxYAxuIzg,2023-03-27T18:00:00.000Z
,18,,manual,manual,1679925600000,4JevereCJUWmT3C7NDuR3bQGC0H4rn$0$manual$manual$0,DeeIMuJlgkaMG4tZn46EFFBoAqRwLo,2023-03-27T14:00:00.000Z
,18.4,,manual,manual,1679911200000,4JevereCJUWmT3C7NDuR3bQGC0H4rn$0$manual$manual$0,RDu6wMkfTUOfgmb0Ois3QQ7fsZbulw,2023-03-27T10:00:00.000Z
,18,,manual,manual,1679896800000,4JevereCJUWmT3C7NDuR3bQGC0H4rn$0$manual$manual$0,eT44FjIq9tSpmMaHSmtLy4Nmbrv2Pz,2023-03-27T06:00:00.000Z
,17.7,,manual,manual,1679882400000,4JevereCJUWmT3C7NDuR3bQGC0H4rn$0$manual$manual$0,U9P8qCcESOmPAyAWpD90TL6CtrijFr,2023-03-27T02:00:00.000Z
,17.8,,manual,manual,1679868000000,4JevereCJUWmT3C7NDuR3bQGC0H4rn$0$manual$manual$0,rb0fUBzD17PTJUtF5DibdrsQKEg8Po,2023-03-26T22:00:00.000Z
,18.5,,manual,manual,1679853600000,4JevereCJUWmT3C7NDuR3bQGC0H4rn$0$manual$manual$0,4ZA3w364iZkck2VU0RdSN7ewtNDNOF,2023-03-26T18:00:00.000Z
,17.9,,manual,manual,1679839200000,4JevereCJUWmT3C7NDuR3bQGC0H4rn$0$manual$manual$0,jrDHRE7l2NbFxyoZ7rsFNIg1HuK2Ox,2023-03-26T14:00:00.000Z
,17.6,,manual,manual,1679824800000,4JevereCJUWmT3C7NDuR3bQGC0H4rn$0$manual$manual$0,MYtXB0Rl5h1LK6bKkQ0MUAJqTxMlQR,2023-03-26T10:00:00.000Z
,18.5,,manual,manual,1679810400000,4JevereCJUWmT3C7NDuR3bQGC0H4rn$0$manual$manual$0,b430XhnhkZ9PbQUJ5pzUWl6ieHSvrr,2023-03-26T06:00:00.000Z
,18,,manual,manual,1679796000000,4JevereCJUWmT3C7NDuR3bQGC0H4rn$0$manual$manual$0,EJk9wWah2JVpPHyO9W4aXJ9OKRpHLR,2023-03-26T02:00:00.000Z
,17.8,,manual,manual,1679785200000,4JevereCJUWmT3C7NDuR3bQGC0H4rn$0$manual$manual$0,eZJGMWcJ9Xfzg5cYIcNK9Bo3OPANRS,2023-03-25T23:00:00.000Z
,17.7,,manual,manual,1679770800000,4JevereCJUWmT3C7NDuR3bQGC0H4rn$0$manual$manual$0,65fjUmUFBL3kEyaskTth4i2YAGSe3M,2023-03-25T19:00:00.000Z
,18.3,,manual,manual,1679756400000,4JevereCJUWmT3C7NDuR3bQGC0H4rn$0$manual$manual$0,DwTugdBiEpxB5m4bAgtBUT9nNvqUOQ,2023-03-25T15:00:00.000Z
,18.4,,manual,manual,1679742000000,4JevereCJUWmT3C7NDuR3bQGC0H4rn$0$manual$manual$0,B7D9dlYp56rUHzACPEoQnVJtfxwnHV,2023-03-25T11:00:00.000Z
,17.8,,manual,manual,1679727600000,4JevereCJUWmT3C7NDuR3bQGC0H4rn$0$manual$manual$0,ULCiU7ROlmFHBdkYIe5AXjl0a6DZhw,2023-03-25T07:00:00.000Z
,18.2,,manual,manual,1679713200000,4JevereCJUWmT3C7NDuR3bQGC0H4rn$0$manual$manual$0,3o2fJiJohQiiozUHBhJX4IqjCVQkk4,2023-03-25T03:00:00.000Z
,18.4,,manual,manual,1679698800000,4JevereCJUWmT3C7NDuR3bQGC0H4rn$0$manual$manual$0,Gpq7sFr68fAPppTiArWi49pGqhhG54,2023-03-24T23:00:00.000Z
,17.8,,manual,manual,1679684400000,4JevereCJUWmT3C7NDuR3bQGC0H4rn$0$manual$manual$0,Dm1Et16urBnH3fRTuStrHUMKBWNi5l,2023-03-24T19:00:00.000Z
,17.5,,manual,manual,1679670000000,4JevereCJUWmT3C7NDuR3bQGC0H4rn$0$manual$manual$0,21OV5L3cMw8edltKkAEEXs7o7ze5v7,2023-03-24T15:00:00.000Z
,17.7,,manual,manual,1679655600000,4JevereCJUWmT3C7NDuR3bQGC0H4rn$0$manual$manual$0,6PgPzM7Yoe5nCqQ9P0VmrW9KWyBG1t,2023-03-24T11:00:00.000Z
,18.6,,manual,manual,1679641200000,4JevereCJUWmT3C7NDuR3bQGC0H4rn$0$manual$manual$0,ZIHgAgh16QouH9j9yWKqahvAR06qfm,2023-03-24T07:00:00.000Z
,18.1,,manual,manual,1679626800000,4JevereCJUWmT3C7NDuR3bQGC0H4rn$0$manual$manual$0,3igy2NcP3AYLnrRv7RKlvavmHJg2vh,2023-03-24T03:00:00.000Z
,17.5,,manual,manual,1679612400000,4JevereCJUWmT3C7NDuR3bQGC0H4rn$0$manual$manual$0,X96XgyfRBrqRny6RROlAEnOjdQOT3I,2023-03-23T23:00:00.000Z
,17.9,,manual,manual,1679598000000,4JevereCJUWmT3C7NDuR3bQGC0H4rn$0$manual$manual$0,WwALyav4SMfBJYmtftGykqJe6BeL6s,2023-03-23T19:00:00.000Z
,18,,manual,manual,1679583600000,4JevereCJUWmT3C7NDuR3bQGC0H4rn$0$manual$manual$0,MKXRKFC3HTRqZRWgfkUNy3IaYpeBmY,2023-03-23T15:00:00.000Z
,18.4,,manual,manual,1679569200000,4JevereCJUWmT3C7NDuR3bQGC0H4rn$0$manual$manual$0,2XRaE4F3CmRp98wstUCMorH0W92uSW,2023-03-23T11:00:00.000Z
,18.1,,manual,manual,1679554800000,4JevereCJUWmT3C7NDuR3bQGC0H4rn$0$manual$manual$0,KQrgIPs15oLLGRstFX4QiJcr7HaHkF,2023-03-23T07:00:00.000Z
,17.6,,manual,manual,1679540400000,4JevereCJUWmT3C7NDuR3bQGC0H4rn$0$manual$manual$0,YJYbLLywnH1nqNpkQ9jT64fsAshftT,2023-03-23T03:00:00.000Z
,18.3,,manual,manual,1679526000000,4JevereCJUWmT3C7NDuR3bQGC0H4rn$0$manual$manual$0,4cy04PFnqQQBfxL41W6CQvowmQhJS9,2023-03-22T23:00:00.000Z
,18.3,,manual,manual,1679511600000,4JevereCJUWmT3C7NDuR3bQGC0H4rn$0$manual$manual$0,OAZBouQzAfdTOCW1cJXoRP2HBdD6i1,2023-03-22T19:00:00.000Z
,17.5,,manual,manual,1679497200000,4JevereCJUWmT3C7NDuR3bQGC0H4rn$0$manual$manual$0,r7QhTUX22W6tFUTEsufGsG1bL7rP5k,2023-03-22T15:00:00.000Z
,18.1,,manual,manual,1679482800000,4JevereCJUWmT3C7NDuR3bQGC0H4rn$0$manual$manual$0,b1pBlDTRvvbDNFdZ3InqsotnkSjeG8,2023-03-22T11:00:00.000Z
,18.4,,manual,manual,1679468400000,4JevereCJUWmT3C7NDuR3bQGC0H4rn$0$manual$manual$0,4pbuK79ZEIOBfj6ufGanmf4gLHa2tE,2023-03-22T07:00:00.000Z
,17.7,,manual,manual,1679454000000,4JevereCJUWmT3C7NDuR3bQGC0H4rn$0$manual$manual$0,CZzVRPeyy1j9PzGzj7LtC6c6qbHvTD,2023-03-22T03:00:00.000Z
,18,,manual,manual,1679439600000,4JevereCJUWmT3C7NDuR3bQGC0H4rn$0$manual$manual$0,fOznAX2Irdn8cIVgQq4J0SIsSFSOBf,2023-03-21T23:00:00.000Z
,18.5,,manual,manual,1679425200000,4JevereCJUWmT3C7NDuR3bQGC0H4rn$0$manual$manual$0,TcILzhiomShgnafi7GU31lTZ3D7Waf,2023-03-21T19:00:00.000Z
,17.8,,manual,manual,1679410800000,4JevereCJUWmT3C7NDuR3bQGC0H4rn$0$manual$manual$0,IlK9bZQjbkp8nymXoSSTwdXa2fSCNj,2023-03-21T15:00:00.000Z
,17.9,,manual,manual,1679396400000,4JevereCJUWmT3C7NDuR3bQGC0H4rn$0$manual$manual$0,nFjswpmL4m7AbXmaMBlkELf3uQd832,2023-03-21T11:00:00.000Z
,18.4,,manual,manual,1679382000000,4JevereCJUWmT3C7NDuR3bQGC0H4rn$0$manual$manual$0,ray8MB2tU4Mz6ElulZa48uBPUwFICQ,2023-03-21T07:00:00.000Z
,17.5,,manual,manual,1679367600000,4JevereCJUWmT3C7NDuR3bQGC0H4rn$0$manual$manual$0,7c33mRScuLnZEnOFqOM5UPiomq8jZP,2023-03-21T03:00:00.000Z
,18.1,,manual,manual,1679353200000,4JevereCJUWmT3C7NDuR3bQGC0H4rn$0$manual$manual$0,3jaSRxzdTtHlV3DMxwreXVUbSfBFem,2023-03-20T23:00:00.000Z
,18.3,,manual,manual,1679338800000,4JevereCJUWmT3C7NDuR3bQGC0H4rn$0$manual$manual$0,lEwaSYyYLvIvxuXQ0PXJls1kQcSscs,2023-03-20T19:00:00.000Z
,17.7,,manual,manual,1679324400000,4JevereCJUWmT3C7NDuR3bQGC0H4rn$0$manual$manual$0,BFZaKvyUstuB5xksEGUv17y8ZTvo44,2023-03-20T15:00:00.000Z
,17.8,,manual,manual,1679310000000,4JevereCJUWmT3C7NDuR3bQGC0H4rn$0$manual$manual$0,dRNLTa4SJQZceqzwMtdCguSpegh0PD,2023-03-20T11:00:00.000Z
,18.2,,manual,manual,1679295600000,4JevereCJUWmT3C7NDuR3bQGC0H4rn$0$manual$manual$0,nGGBKZUrCLumgCRiRAtQF2kpwjihkv,2023-03-20T07:00:00.000Z
,17.5,,manual,manual,1679281200000,4JevereCJUWmT3C7NDuR3bQGC0H4rn$0$manual$manual$0,g8ssEX9xd8oEhTTOWOvr15LGq4kwWt,2023-03-20T03:00:00.000Z
,18.3,,manual,manual,1679266800000,4JevereCJUWmT3C7NDuR3bQGC0H4rn$0$manual$manual$0,sYgxC2BnUTcvirhQAW9BQdmOiuc0yA,2023-03-19T23:00:00.000Z
,18,,manual,manual,1679252400000,4JevereCJUWmT3C7NDuR3bQGC0H4rn$0$manual$manual$0,fbPKFaDAPSU3rAGLfJABkxpr98MxNv,2023-03-19T19:00:00.000Z
,17.5,,manual,manual,1679238000000,4JevereCJUWmT3C7NDuR3bQGC0H4rn$0$manual$manual$0,EwwK55lzxRT1Izr7HabU2uoBmhfc2C,2023-03-19T15:00:00.000Z
,17.9,,manual,manual,1679223600000,4JevereCJUWmT3C7NDuR3bQGC0H4rn$0$manual$manual$0,oZs0SQwZwf51s16ifKR3IuY6PVeJYM,2023-03-19T11:00:00.000Z
,18.5,,manual,manual,1679209200000,4JevereCJUWmT3C7NDuR3bQGC0H4rn$0$manual$manual$0,VN36gFVq4KwIMwjOL3659aAY8Rdggy,2023-03-19T07:00:00.000Z
,17.8,,manual,manual,1679194800000,4JevereCJUWmT3C7NDuR3bQGC0H4rn$0$manual$manual$0,FHa79lMF62meQoQjjUVzQ4VzNC6NQX,2023-03-19T03:00:00.000Z
,18.2,,manual,manual,1679180400000,4JevereCJUWmT3C7NDuR3bQGC0H4rn$0$manual$manual$0,DOTSbKVpcHNwDXwauD4MRmGfGqMd4h,2023-03-18T23:00:00.000Z
,18.5,,manual,manual,1679166000000,4JevereCJUWmT3C7NDuR3bQGC0H4rn$0$manual$manual$0,3JYPQYXZYmO56A5FxEbRCpbivwTwcf,2023-03-18T19:00:00.000Z
,18.2,,manual,manual,1679151600000,4JevereCJUWmT3C7NDuR3bQGC0H4rn$0$manual$manual$0,Njs9c5rJVM6MjVPRgvI5mPaG7wJLMq,2023-03-18T15:00:00.000Z
,17.5,,manual,manual,1679137200000,4JevereCJUWmT3C7NDuR3bQGC0H4rn$0$manual$manual$0,Rnw1uNiy9v5sIkZRZayB80zGm6BO7p,2023-03-18T11:00:00.000Z
,18.2,,manual,manual,1679122800000,4JevereCJUWmT3C7NDuR3bQGC0H4rn$0$manual$manual$0,YbEmBjIGMf49ZXToFdqp2NZAgCg33x,2023-03-18T07:00:00.000Z
,18.3,,manual,manual,1679108400000,4JevereCJUWmT3C7NDuR3bQGC0H4rn$0$manual$manual$0,soKKFkeU8sjKbWqDs6KefH1K0bMQTr,2023-03-18T03:00:00.000Z
,17.5,,manual,manual,1679094000000,4JevereCJUWmT3C7NDuR3bQGC0H4rn$0$manual$manual$0,sXykOe2ZEwcnsAdjArgu0zJ8Dy23Qz,2023-03-17T23:00:00.000Z
,17.9,,manual,manual,1679079600000,4JevereCJUWmT3C7NDuR3bQGC0H4rn$0$manual$manual$0,Gr0VvShio9VldGHSONe4l48f0cNT8X,2023-03-17T19:00:00.000Z
,18.5,,manual,manual,1679065200000,4JevereCJUWmT3C7NDuR3bQGC0H4rn$0$manual$manual$0,TtoEznWizDeoysGRVIJnWBlG2zrbfH,2023-03-17T15:00:00.000Z
,18,,manual,manual,1679050800000,4JevereCJUWmT3C7NDuR3bQGC0H4rn$0$manual$manual$0,DLo6hoy4fpOFnafCWaH4pxZji29zs0,2023-03-17T11:00:00.000Z
,17.7,,manual,manual,1679036400000,4JevereCJUWmT3C7NDuR3bQGC0H4rn$0$manual$manual$0,gv3bH6PJdBJEkOsYA4bAKcBbXGuCV8,2023-03-17T07:00:00.000Z
,18.4,,manual,manual,1679022000000,4JevereCJUWmT3C7NDuR3bQGC0H4rn$0$manual$manual$0,BddP0opmMTNEs93u5xjvhfjSzD6roJ,2023-03-17T03:00:00.000Z
,17.7,,manual,manual,1679007600000,4JevereCJUWmT3C7NDuR3bQGC0H4rn$0$manual$manual$0,KFqL3RQ84hc1vMdhRVWQ2mEH1UgON1,2023-03-16T23:00:00.000Z
,18,,manual,manual,1678993200000,4JevereCJUWmT3C7NDuR3bQGC0H4rn$0$manual$manual$0,OwSzJtC9AowpG9X5ZlWFkbC6kuR64P,2023-03-16T19:00:00.000Z
,18.1,,manual,manual,1678978800000,4JevereCJUWmT3C7NDuR3bQGC0H4rn$0$manual$manual$0,g2yZWB1c3pWq22TQ3qhlk1Nc5ba6Wr,2023-03-16T15:00:00.000Z
,17.5,,manual,manual,1678964400000,4JevereCJUWmT3C7NDuR3bQGC0H4rn$0$manual$manual$0,JNuIRI6UWIZ0nxAETsRRNtc45RMAtR,2023-03-16T11:00:00.000Z
,18.5,,manual,manual,1678950000000,4JevereCJUWmT3C7NDuR3bQGC0H4rn$0$manual$manual$0,gnGPtRRg8M7ktaKNNcHWvNkfov2LVK,2023-03-16T07:00:00.000Z
,18.1,,manual,manual,1678935600000,4JevereCJUWmT3C7NDuR3bQGC0H4rn$0$manual$manual$0,RxUaeosJWzgsAcXzaQe9VdQ0LDmucI,2023-03-16T03:00:00.000Z
,17.5,,manual,manual,1678921200000,4JevereCJUWmT3C7NDuR3bQGC0H4rn$0$manual$manual$0,yYILTN3S8SPAcEdWOQql6TeicmNBLh,2023-03-15T23:00:00.000Z
,18.4,,manual,manual,1678906800000,4JevereCJUWmT3C7NDuR3bQGC0H4rn$0$manual$manual$0,M4F3WljnTP6EYXAx5DCTEsTjbZig6O,2023-03-15T19:00:00.000Z
,18,,manual,manual,1678892400000,4JevereCJUWmT3C7NDuR3bQGC0H4rn$0$manual$manual$0,xNd2CDSwaaQVgCEYwDAWIT95elQeV5,2023-03-15T15:00:00.000Z
,17.7,,manual,manual,1678878000000,4JevereCJUWmT3C7NDuR3bQGC0H4rn$0$manual$manual$0,q6FfTJjPBVgU2BR4cIhlgAJFL8MeCw,2023-03-15T11:00:00.000Z
,18.3,,manual,manual,1678863600000,4JevereCJUWmT3C7NDuR3bQGC0H4rn$0$manual$manual$0,ubK2AY6JTyA1UXJGrvYUvNOWXkfMvn,2023-03-15T07:00:00.000Z
,18.3,,manual,manual,1678849200000,4JevereCJUWmT3C7NDuR3bQGC0H4rn$0$manual$manual$0,mCbqASzZUuR4J9OvUHTh4UX9B1prgp,2023-03-15T03:00:00.000Z
,18.1,,manual,manual,1678834800000,4JevereCJUWmT3C7NDuR3bQGC0H4rn$0$manual$manual$0,QaAw9FmIulQ6UOpUIJdx2WWaiVHDU3,2023-03-14T23:00:00.000Z
,17.5,,manual,manual,1678820400000,4JevereCJUWmT3C7NDuR3bQGC0H4rn$0$manual$manual$0,J4j3uHvc8D14HiFkdlRG3hxG2BFK7i,2023-03-14T19:00:00.000Z
,18.3,,manual,manual,1678806000000,4JevereCJUWmT3C7NDuR3bQGC0H4rn$0$manual$manual$0,nFNbE68g54JDLzfioVe13APbXIKSs8,2023-03-14T15:00:00.000Z
,17.9,,manual,manual,1678791600000,4JevereCJUWmT3C7NDuR3bQGC0H4rn$0$manual$manual$0,MH9bVPz3z3CZ8Kn6YUobE1DfFgDzys,2023-03-14T11:00:00.000Z
,17.9,,manual,manual,1678777200000,4JevereCJUWmT3C7NDuR3bQGC0H4rn$0$manual$manual$0,fimxSJhA1PcDx3gGK4cElALoa9g1JY,2023-03-14T07:00:00.000Z
,18.4,,manual,manual,1678762800000,4JevereCJUWmT3C7NDuR3bQGC0H4rn$0$manual$manual$0,Rrx3WochJXmcIMG7zTKOaum1PqiOhW,2023-03-14T03:00:00.000Z
,17.6,,manual,manual,1678748400000,4JevereCJUWmT3C7NDuR3bQGC0H4rn$0$manual$manual$0,JeYuvbTUx6YQYKmT7R9KaA4i5QdElg,2023-03-13T23:00:00.000Z
,18.5,,manual,manual,1678734000000,4JevereCJUWmT3C7NDuR3bQGC0H4rn$0$manual$manual$0,JySQ670VjlY6kTj4t4OK76rBwFsxif,2023-03-13T19:00:00.000Z
,18,,manual,manual,1678719600000,4JevereCJUWmT3C7NDuR3bQGC0H4rn$0$manual$manual$0,wgVmnygGI4dIGFkWiOH6xpnyduHse6,2023-03-13T15:00:00.000Z
,17.6,,manual,manual,1678705200000,4JevereCJUWmT3C7NDuR3bQGC0H4rn$0$manual$manual$0,AoXxQZS4dATwKH44m34hBfm3BsLrXP,2023-03-13T11:00:00.000Z
,18.5,,manual,manual,1678690800000,4JevereCJUWmT3C7NDuR3bQGC0H4rn$0$manual$manual$0,9TFvucbkfuoGF98RK18mmDPtuM8Il8,2023-03-13T07:00:00.000Z
,17.8,,manual,manual,1678676400000,4JevereCJUWmT3C7NDuR3bQGC0H4rn$0$manual$manual$0,1QlNDN5Jk6sGcnnfw8C3cvwULsgZup,2023-03-13T03:00:00.000Z
,17.9,,manual,manual,1678662000000,4JevereCJUWmT3C7NDuR3bQGC0H4rn$0$manual$manual$0,E0LDdsM8awhDzCA7NiM9hFelTw8sCJ,2023-03-12T23:00:00.000Z
,18.2,,manual,manual,1678647600000,4JevereCJUWmT3C7NDuR3bQGC0H4rn$0$manual$manual$0,13TIeWd6IKUIyR27m0XO60ytoKZhll,2023-03-12T19:00:00.000Z
,17.6,,manual,manual,1678633200000,4JevereCJUWmT3C7NDuR3bQGC0H4rn$0$manual$manual$0,bilymKN5WgPpSo2yM6Ag1Kb1UAlAqX,2023-03-12T15:00:00.000Z
,17.8,,manual,manual,1678618800000,4JevereCJUWmT3C7NDuR3bQGC0H4rn$0$manual$manual$0,GsKpVlU03U3RTBhw9MvebYt4PYKh9V,2023-03-12T11:00:00.000Z
,17.5,,manual,manual,1678604400000,4JevereCJUWmT3C7NDuR3bQGC0H4rn$0$manual$manual$0,tJVd1O0k7QCbsvirau9iYl7x50ugPh,2023-03-12T07:00:00.000Z
,17.6,,manual,manual,1678590000000,4JevereCJUWmT3C7NDuR3bQGC0H4rn$0$manual$manual$0,2DWbWAudg2JY2U5kcgaVQAFLdFBIM9,2023-03-12T03:00:00.000Z
,17.5,,manual,manual,1678575600000,4JevereCJUWmT3C7NDuR3bQGC0H4rn$0$manual$manual$0,xJLi4mKKoP58TnFiPRyUjYeogcasx0,2023-03-11T23:00:00.000Z
,17.7,,manual,manual,1678561200000,4JevereCJUWmT3C7NDuR3bQGC0H4rn$0$manual$manual$0,AFuLNrqfgABD1lCQtdXtmWJWvANKiL,2023-03-11T19:00:00.000Z
,17.5,,manual,manual,1678546800000,4JevereCJUWmT3C7NDuR3bQGC0H4rn$0$manual$manual$0,kltOCcYi1dyP37MmKxTEJl3Dtj32me,2023-03-11T15:00:00.000Z
,17.3,,manual,manual,1678532400000,4JevereCJUWmT3C7NDuR3bQGC0H4rn$0$manual$manual$0,SEhc6yN3VwrmnyEneVxKqUSuCEloTX,2023-03-11T11:00:00.000Z
,17.3,,manual,manual,1678518000000,4JevereCJUWmT3C7NDuR3bQGC0H4rn$0$manual$manual$0,8wWniPYaZ5LeGF0dSk6qYROgYm4VuT,2023-03-11T07:00:00.000Z
,18.4,,manual,manual,1678503600000,4JevereCJUWmT3C7NDuR3bQGC0H4rn$0$manual$manual$0,Nzd7vvcFBEYAw6zXdJfyrm40LvuZYj,2023-03-11T03:00:00.000Z
,17.9,,manual,manual,1678489200000,4JevereCJUWmT3C7NDuR3bQGC0H4rn$0$manual$manual$0,xRZu88j02wRwsn53jv5TNSGrfX0bfK,2023-03-10T23:00:00.000Z
,17.2,,manual,manual,1678474800000,4JevereCJUWmT3C7NDuR3bQGC0H4rn$0$manual$manual$0,patgsQAYqVi7LvD3LHPATb2XUngZIk,2023-03-10T19:00:00.000Z
,17.6,,manual,manual,1678460400000,4JevereCJUWmT3C7NDuR3bQGC0H4rn$0$manual$manual$0,PsqEE7SDBATGqUEyr59TOetXMLWADh,2023-03-10T15:00:00.000Z
,18,,manual,manual,1678446000000,4JevereCJUWmT3C7NDuR3bQGC0H4rn$0$manual$manual$0,XuknXDNzUyNIB7Ju5EbUqwX3XpFdjQ,2023-03-10T11:00:00.000Z
,17.3,,manual,manual,1678431600000,4JevereCJUWmT3C7NDuR3bQGC0H4rn$0$manual$manual$0,IKlVLmOYpp3d20xA9CRXxrZIrOjaiQ,2023-03-10T07:00:00.000Z
,18.5,,manual,manual,1678417200000,4JevereCJUWmT3C7NDuR3bQGC0H4rn$0$manual$manual$0,kpRrgVLJfkSHWgvFZTv4mcdh9sqk1C,2023-03-10T03:00:00.000Z
,17.8,,manual,manual,1678402800000,4JevereCJUWmT3C7NDuR3bQGC0H4rn$0$manual$manual$0,wLD9jplgLAoK8OeDCqGFISKgy9hx9g,2023-03-09T23:00:00.000Z
,17.3,,manual,manual,1678388400000,4JevereCJUWmT3C7NDuR3bQGC0H4rn$0$manual$manual$0,EadikoSsBQEEGM8k4rFsfUy8N0ajfK,2023-03-09T19:00:00.000Z
,18.4,,manual,manual,1678374000000,4JevereCJUWmT3C7NDuR3bQGC0H4rn$0$manual$manual$0,kX5PkmXkJs1JHcDhvC8wl54kJyPQwn,2023-03-09T15:00:00.000Z
,17.6,,manual,manual,1678359600000,4JevereCJUWmT3C7NDuR3bQGC0H4rn$0$manual$manual$0,EYR9H9KCXTK4Kua3zmXUfaHYUo0Sn8,2023-03-09T11:00:00.000Z
,17.3,,manual,manual,1678345200000,4JevereCJUWmT3C7NDuR3bQGC0H4rn$0$manual$manual$0,nYMtnbUjzakSYjllHZ6aSe2wsrxSqQ,2023-03-09T07:00:00.000Z
,18.3,,manual,manual,1678330800000,4JevereCJUWmT3C7NDuR3bQGC0H4rn$0$manual$manual$0,g3wYsBsfMy2u6Wu78rhRV7TNSonAe4,2023-03-09T03:00:00.000Z
,17.5,,manual,manual,1678316400000,4JevereCJUWmT3C7NDuR3bQGC0H4rn$0$manual$manual$0,GqarwYL4ytMwzxgzLv7njRqt4DurES,2023-03-08T23:00:00.000Z
,17.3,,manual,manual,1678302000000,4JevereCJUWmT3C7NDuR3bQGC0H4rn$0$manual$manual$0,0oVsmcFbkgvfekvBWhI1NrRH9nIyWw,2023-03-08T19:00:00.000Z
,18,,manual,manual,1678287600000,4JevereCJUWmT3C7NDuR3bQGC0H4rn$0$manual$manual$0,UllfUx5esinmXScAvy9JBIIDQKXgPz,2023-03-08T15:00:00.000Z
,17.3,,manual,manual,1678273200000,4JevereCJUWmT3C7NDuR3bQGC0H4rn$0$manual$manual$0,R77b78pRSOCwMbM9KJaeoObyKX8rXB,2023-03-08T11:00:00.000Z
,18.5,,manual,manual,1678258800000,4JevereCJUWmT3C7NDuR3bQGC0H4rn$0$manual$manual$0,dxYZdQGrLpRrne6MWow2g6agTbF5Mn,2023-03-08T07:00:00.000Z
,17.8,,manual,manual,1678244400000,4JevereCJUWmT3C7NDuR3bQGC0H4rn$0$manual$manual$0,y8pmer5xyEFi0e4Ic2I63EKdlcpffg,2023-03-08T03:00:00.000Z
,17.4,,manual,manual,1678230000000,4JevereCJUWmT3C7NDuR3bQGC0H4rn$0$manual$manual$0,2PxBWY4p7H4bmHrXpbCGJdOesGW2G4,2023-03-07T23:00:00.000Z
,18.1,,manual,manual,1678215600000,4JevereCJUWmT3C7NDuR3bQGC0H4rn$0$manual$manual$0,CnTth0ERXB1sDjATUc4gYDDGVuab3i,2023-03-07T19:00:00.000Z
,17.5,,manual,manual,1678201200000,4JevereCJUWmT3C7NDuR3bQGC0H4rn$0$manual$manual$0,3jfUNc0dUFOkKFNfGUrekPI3hVBKwZ,2023-03-07T15:00:00.000Z
,18,,manual,manual,1678186800000,4JevereCJUWmT3C7NDuR3bQGC0H4rn$0$manual$manual$0,U7SHLndHc1YvXVhHt0OMJ06GBzCeUA,2023-03-07T11:00:00.000Z
,17.4,,manual,manual,1678172400000,4JevereCJUWmT3C7NDuR3bQGC0H4rn$0$manual$manual$0,1tY9vLe1A4a7NOyt7vNBiixwr7wxLW,2023-03-07T07:00:00.000Z
,18.1,,manual,manual,1678158000000,4JevereCJUWmT3C7NDuR3bQGC0H4rn$0$manual$manual$0,irNw0cmr9ROLTj0strhoqSsFlioSmw,2023-03-07T03:00:00.000Z
,17.5,,manual,manual,1678143600000,4JevereCJUWmT3C7NDuR3bQGC0H4rn$0$manual$manual$0,ZNwlzg2SVQOMPAqgllviPLPjo2hKrw,2023-03-06T23:00:00.000Z
,18,,manual,manual,1678129200000,4JevereCJUWmT3C7NDuR3bQGC0H4rn$0$manual$manual$0,XEUtE7njzhCScmpdb4By3WW7iFUD9s,2023-03-06T19:00:00.000Z
,17.7,,manual,manual,1678114800000,4JevereCJUWmT3C7NDuR3bQGC0H4rn$0$manual$manual$0,2wXGlDFGm8ZpTC2XVtSSOk21hTKq7i,2023-03-06T15:00:00.000Z
,17.7,,manual,manual,1678100400000,4JevereCJUWmT3C7NDuR3bQGC0H4rn$0$manual$manual$0,GpsSgb5jS2txZcyDXaP3EjJYYuAlt0,2023-03-06T11:00:00.000Z
,17.5,,manual,manual,1678086000000,4JevereCJUWmT3C7NDuR3bQGC0H4rn$0$manual$manual$0,4QliGoh2unRGLzLTEd84yEbOhusDKZ,2023-03-06T07:00:00.000Z
,17.8,,manual,manual,1678071600000,4JevereCJUWmT3C7NDuR3bQGC0H4rn$0$manual$manual$0,Z8lqaISaIdawyNylPQGtt8SST6wcnG,2023-03-06T03:00:00.000Z
,17.5,,manual,manual,1678057200000,4JevereCJUWmT3C7NDuR3bQGC0H4rn$0$manual$manual$0,dUNjfgcXv8ICSW0r6YcQy8zCOLDrqe,2023-03-05T23:00:00.000Z
,17.8,,manual,manual,1678042800000,4JevereCJUWmT3C7NDuR3bQGC0H4rn$0$manual$manual$0,WyA5qPgqHyC7n1Jgswlct9R6IUpA50,2023-03-05T19:00:00.000Z
,18.1,,manual,manual,1678028400000,4JevereCJUWmT3C7NDuR3bQGC0H4rn$0$manual$manual$0,t6AnuaPeZ56PJbeWGLRxvctEliZbZw,2023-03-05T15:00:00.000Z
,17.4,,manual,manual,1678014000000,4JevereCJUWmT3C7NDuR3bQGC0H4rn$0$manual$manual$0,q9fhwc2sIpnBVzUs6aDOXQPFjGp4vN,2023-03-05T11:00:00.000Z
,18.5,,manual,manual,1677999600000,4JevereCJUWmT3C7NDuR3bQGC0H4rn$0$manual$manual$0,HD4Hb8DBLUL5SbKWO5y8QuTgtpuYRD,2023-03-05T07:00:00.000Z
,17.4,,manual,manual,1677985200000,4JevereCJUWmT3C7NDuR3bQGC0H4rn$0$manual$manual$0,MiqxLPRQPcIMvg92irO6dPc3QJ9c2F,2023-03-05T03:00:00.000Z
,18.5,,manual,manual,1677970800000,4JevereCJUWmT3C7NDuR3bQGC0H4rn$0$manual$manual$0,E9ESAwvRLqUpB0KvPDKEtMRBjKAqI3,2023-03-04T23:00:00.000Z
,17.5,,manual,manual,1677956400000,4JevereCJUWmT3C7NDuR3bQGC0H4rn$0$manual$manual$0,vSyTsi2NlGKF2js33fGdxZ6fyqtZvi,2023-03-04T19:00:00.000Z
,18.5,,manual,manual,1677942000000,4JevereCJUWmT3C7NDuR3bQGC0H4rn$0$manual$manual$0,bCOSIADvbDRQa40UWqt64UxFYsmuqx,2023-03-04T15:00:00.000Z
,17.4,,manual,manual,1677927600000,4JevereCJUWmT3C7NDuR3bQGC0H4rn$0$manual$manual$0,gSXjtiqNPE31SZfnUrUMvaT5SADW1a,2023-03-04T11:00:00.000Z
,18,,manual,manual,1677913200000,4JevereCJUWmT3C7NDuR3bQGC0H4rn$0$manual$manual$0,ZyDxEu5rFZlJlbMdZj4y6ZuKu9VklF,2023-03-04T07:00:00.000Z
,17.8,,manual,manual,1677898800000,4JevereCJUWmT3C7NDuR3bQGC0H4rn$0$manual$manual$0,Lpihv1mGA3cP4isDn2Le6mnnToXZLk,2023-03-04T03:00:00.000Z
,17.5,,manual,manual,1677884400000,4JevereCJUWmT3C7NDuR3bQGC0H4rn$0$manual$manual$0,uyDAjPtCRwAVzWftsSooqFvc5synuM,2023-03-03T23:00:00.000Z
,18.5,,manual,manual,1677870000000,4JevereCJUWmT3C7NDuR3bQGC0H4rn$0$manual$manual$0,gCE6L2Xz0IEAnH35gDvfi7D9K3xlIa,2023-03-03T19:00:00.000Z
,17.5,,manual,manual,1677855600000,4JevereCJUWmT3C7NDuR3bQGC0H4rn$0$manual$manual$0,zFg0BqYb40MWx28utuLsvv10lV4jJu,2023-03-03T15:00:00.000Z
,18.1,,manual,manual,1677841200000,4JevereCJUWmT3C7NDuR3bQGC0H4rn$0$manual$manual$0,e9Imypvn8AyLldv2eaI4ysM2T9uDeF,2023-03-03T11:00:00.000Z
,17.4,,manual,manual,1677826800000,4JevereCJUWmT3C7NDuR3bQGC0H4rn$0$manual$manual$0,R7SXyez7UztqEdb1TD8BVGjAtgCiMK,2023-03-03T07:00:00.000Z
,18.2,,manual,manual,1677812400000,4JevereCJUWmT3C7NDuR3bQGC0H4rn$0$manual$manual$0,AAmlFi4bChb6BtsifmVBj6TrTJ85VN,2023-03-03T03:00:00.000Z
,17.4,,manual,manual,1677798000000,4JevereCJUWmT3C7NDuR3bQGC0H4rn$0$manual$manual$0,Wp9CNbocnsJsZ631D2TPB89npgiCB1,2023-03-02T23:00:00.000Z
,18.4,,manual,manual,1677783600000,4JevereCJUWmT3C7NDuR3bQGC0H4rn$0$manual$manual$0,OEC1EwlH2vZ3NFe43QL6503lodaNIr,2023-03-02T19:00:00.000Z
,17.7,,manual,manual,1677769200000,4JevereCJUWmT3C7NDuR3bQGC0H4rn$0$manual$manual$0,OdyQcPOdkZoaW6ypZXtsm1L0eNP4Al,2023-03-02T15:00:00.000Z
,17.8,,manual,manual,1677754800000,4JevereCJUWmT3C7NDuR3bQGC0H4rn$0$manual$manual$0,GP6HMjoYb5T2H975YkdTtxs73caPow,2023-03-02T11:00:00.000Z
,17.4,,manual,manual,1677740400000,4JevereCJUWmT3C7NDuR3bQGC0H4rn$0$manual$manual$0,bHGPu16o7yh8Gicyybk8AUVVGBygPZ,2023-03-02T07:00:00.000Z
,18.2,,manual,manual,1677726000000,4JevereCJUWmT3C7NDuR3bQGC0H4rn$0$manual$manual$0,wjFgS6MIsHqMrRC9DAeOSxWHQJd8bI,2023-03-02T03:00:00.000Z
,17.3,,manual,manual,1677711600000,4JevereCJUWmT3C7NDuR3bQGC0H4rn$0$manual$manual$0,3EPJuDPuXBUSaKASFHXOYlFJBdLVaq,2023-03-01T23:00:00.000Z
,18.3,,manual,manual,1677697200000,4JevereCJUWmT3C7NDuR3bQGC0H4rn$0$manual$manual$0,wbfZJjesg4Dy3iqFnPzRDOnHu8m9WO,2023-03-01T19:00:00.000Z
,17.5,,manual,manual,1677682800000,4JevereCJUWmT3C7NDuR3bQGC0H4rn$0$manual$manual$0,OnBXoMTRPBs1XxL7QOyVqWQIZudlxj,2023-03-01T15:00:00.000Z
,17.9,,manual,manual,1677668400000,4JevereCJUWmT3C7NDuR3bQGC0H4rn$0$manual$manual$0,GLAzNm6GJwimMWHh5Y5Y10tzZM7qG4,2023-03-01T11:00:00.000Z
,17.4,,manual,manual,1677654000000,4JevereCJUWmT3C7NDuR3bQGC0H4rn$0$manual$manual$0,DhAMAVXVAzxo6eciKuvD4a2AY9onRm,2023-03-01T07:00:00.000Z
,17.9,,manual,manual,1677639600000,4JevereCJUWmT3C7NDuR3bQGC0H4rn$0$manual$manual$0,Okby6sefNppOB3dB94YdA2YrSKCOTJ,2023-03-01T03:00:00.000Z
,18,,manual,manual,1677625200000,4JevereCJUWmT3C7NDuR3bQGC0H4rn$0$manual$manual$0,9qMCmDnTIt4zpOI0nkUSU1lGDWHfNI,2023-02-28T23:00:00.000Z
,17.9,,manual,manual,1677610800000,4JevereCJUWmT3C7NDuR3bQGC0H4rn$0$manual$manual$0,Zo8Rlbo81NZIJRTirZ35VPdXbVwVap,2023-02-28T19:00:00.000Z
,17.7,,manual,manual,1677596400000,4JevereCJUWmT3C7NDuR3bQGC0H4rn$0$manual$manual$0,7fhE9t09FBNYnqD852xNiLNpIijATa,2023-02-28T15:00:00.000Z
,18.5,,manual,manual,1677582000000,4JevereCJUWmT3C7NDuR3bQGC0H4rn$0$manual$manual$0,NTb5CAoAGTXXIF3O3L9wO6sSbYTT7l,2023-02-28T11:00:00.000Z
,17.6,,manual,manual,1677567600000,4JevereCJUWmT3C7NDuR3bQGC0H4rn$0$manual$manual$0,bRFQPmpcxccxZntittfde8GCKZPt7G,2023-02-28T07:00:00.000Z
,17.5,,manual,manual,1677553200000,4JevereCJUWmT3C7NDuR3bQGC0H4rn$0$manual$manual$0,QoNray70t3Itd0UB5yx2teZaDHNzXZ,2023-02-28T03:00:00.000Z
,17.9,,manual,manual,1677538800000,4JevereCJUWmT3C7NDuR3bQGC0H4rn$0$manual$manual$0,fKIyFoAShPXDi4RnNs61t4x1A93HaL,2023-02-27T23:00:00.000Z
,17.5,,manual,manual,1677524400000,4JevereCJUWmT3C7NDuR3bQGC0H4rn$0$manual$manual$0,Ihj3t9cMkZuhx7KrzMoLsPvLJbw31p,2023-02-27T19:00:00.000Z
,17.9,,manual,manual,1677510000000,4JevereCJUWmT3C7NDuR3bQGC0H4rn$0$manual$manual$0,45ikDhfPPGwz8XzBgJLrqNe6d5YVIT,2023-02-27T15:00:00.000Z
,17.9,,manual,manual,1677495600000,4JevereCJUWmT3C7NDuR3bQGC0H4rn$0$manual$manual$0,P9i8d56McEDWVA8QngIRre5YULRGiv,2023-02-27T11:00:00.000Z
,18.1,,manual,manual,1677481200000,4JevereCJUWmT3C7NDuR3bQGC0H4rn$0$manual$manual$0,EDWT14s5auNnuCywRSxAsyexvWH0ao,2023-02-27T07:00:00.000Z
,17.5,,manual,manual,1677466800000,4JevereCJUWmT3C7NDuR3bQGC0H4rn$0$manual$manual$0,EDB0Jax8g2eRcXxpqAokCfggczAh7i,2023-02-27T03:00:00.000Z
,18.5,,manual,manual,1677452400000,4JevereCJUWmT3C7NDuR3bQGC0H4rn$0$manual$manual$0,lwuD9ku4O93aDPiKhAPXZCbmp7R5c4,2023-02-26T23:00:00.000Z
,17.5,,manual,manual,1677438000000,4JevereCJUWmT3C7NDuR3bQGC0H4rn$0$manual$manual$0,54moSifl7EscFcu7YoCFo56qT4Ehfp,2023-02-26T19:00:00.000Z
,18.5,,manual,manual,1677423600000,4JevereCJUWmT3C7NDuR3bQGC0H4rn$0$manual$manual$0,uWQPgvA78ZeqwWB60ZQeIyr0NepyFo,2023-02-26T15:00:00.000Z
,17.5,,manual,manual,1677409200000,4JevereCJUWmT3C7NDuR3bQGC0H4rn$0$manual$manual$0,M5gzTImShxrZtOs6NE6dexcdZKsLLe,2023-02-26T11:00:00.000Z
,17.4,,manual,manual,1677394800000,4JevereCJUWmT3C7NDuR3bQGC0H4rn$0$manual$manual$0,OZXspUntMcFnsX77XJ92aKYn8o0lDZ,2023-02-26T07:00:00.000Z
,18.1,,manual,manual,1677380400000,4JevereCJUWmT3C7NDuR3bQGC0H4rn$0$manual$manual$0,MbWvZWH6K1cCODRbKoFKHTlzKVXYDC,2023-02-26T03:00:00.000Z
,17.5,,manual,manual,1677366000000,4JevereCJUWmT3C7NDuR3bQGC0H4rn$0$manual$manual$0,xOOrC7vSmxfSczAMevgDtk9f5CRIVi,2023-02-25T23:00:00.000Z
,18.5,,manual,manual,1677351600000,4JevereCJUWmT3C7NDuR3bQGC0H4rn$0$manual$manual$0,O5rZkSeUBcFbxBPwUyVG0Jbv2CZXhT,2023-02-25T19:00:00.000Z
,17.5,,manual,manual,1677337200000,4JevereCJUWmT3C7NDuR3bQGC0H4rn$0$manual$manual$0,ZbuydfgZY6RYD7rBIu5FlvybgwR02x,2023-02-25T15:00:00.000Z
,18.1,,manual,manual,1677322800000,4JevereCJUWmT3C7NDuR3bQGC0H4rn$0$manual$manual$0,DwMgVAhWECyFsLJkEZNsOU2nxKuSp9,2023-02-25T11:00:00.000Z
,17.5,,manual,manual,1677308400000,4JevereCJUWmT3C7NDuR3bQGC0H4rn$0$manual$manual$0,pITn54Yn8dde1c8BPfPlNHnjKplZaW,2023-02-25T07:00:00.000Z
,18.3,,manual,manual,1677294000000,4JevereCJUWmT3C7NDuR3bQGC0H4rn$0$manual$manual$0,pfSG0p8GpEKy5C17DbWyUxDIapdM5E,2023-02-25T03:00:00.000Z
,17.5,,manual,manual,1677279600000,4JevereCJUWmT3C7NDuR3bQGC0H4rn$0$manual$manual$0,SJQdpPbce75GODWNtboIQTlqtIlJtb,2023-02-24T23:00:00.000Z
,18.4,,manual,manual,1677265200000,4JevereCJUWmT3C7NDuR3bQGC0H4rn$0$manual$manual$0,CpOPBQPAquodz2j6infrKkLga0ab3O,2023-02-24T19:00:00.000Z
,17.4,,manual,manual,1677250800000,4JevereCJUWmT3C7NDuR3bQGC0H4rn$0$manual$manual$0,44GN0fjefMFcNO240BEW5RrMzsbwGd,2023-02-24T15:00:00.000Z
,18.2,,manual,manual,1677236400000,4JevereCJUWmT3C7NDuR3bQGC0H4rn$0$manual$manual$0,VhjS1HC0R0Jwdwg9pR2l98DdJUSASu,2023-02-24T11:00:00.000Z
,17.3,,manual,manual,1677222000000,4JevereCJUWmT3C7NDuR3bQGC0H4rn$0$manual$manual$0,VPvbRLA6agI1hrV0YhBvnzCkzAHg4C,2023-02-24T07:00:00.000Z
,18.3,,manual,manual,1677207600000,4JevereCJUWmT3C7NDuR3bQGC0H4rn$0$manual$manual$0,9Ivd06rQj8cEZ1hLx509eyzeN1C7pf,2023-02-24T03:00:00.000Z
,17.5,,manual,manual,1677193200000,4JevereCJUWmT3C7NDuR3bQGC0H4rn$0$manual$manual$0,vJ3dVs2XUPXYYyUVoFT4JDnHv6AFru,2023-02-23T23:00:00.000Z
,18.3,,manual,manual,1677178800000,4JevereCJUWmT3C7NDuR3bQGC0H4rn$0$manual$manual$0,eKqYSzrha6j5RxamRDg5sKQ8OsIr2j,2023-02-23T19:00:00.000Z
,17.4,,manual,manual,1677164400000,4JevereCJUWmT3C7NDuR3bQGC0H4rn$0$manual$manual$0,Kdn0u91krzMJAZpzgJ9KLpxBo2Laec,2023-02-23T15:00:00.000Z
,18,,manual,manual,1677150000000,4JevereCJUWmT3C7NDuR3bQGC0H4rn$0$manual$manual$0,vqRlC6mQnGrNC8P4SlgJ5ZxfsLjYrz,2023-02-23T11:00:00.000Z
,18.1,,manual,manual,1677135600000,4JevereCJUWmT3C7NDuR3bQGC0H4rn$0$manual$manual$0,NFRNZjIaZiy64QmrluunYCTIkvmwmV,2023-02-23T07:00:00.000Z
,17.6,,manual,manual,1677121200000,4JevereCJUWmT3C7NDuR3bQGC0H4rn$0$manual$manual$0,duq4ujbjxL3kpPPMe2afldbuov5UXZ,2023-02-23T03:00:00.000Z
,18.3,,manual,manual,1677106800000,4JevereCJUWmT3C7NDuR3bQGC0H4rn$0$manual$manual$0,uEIx0VNtjv6pZrGt9QomB649DxVxYc,2023-02-22T23:00:00.000Z
,17.4,,manual,manual,1677092400000,4JevereCJUWmT3C7NDuR3bQGC0H4rn$0$manual$manual$0,v0LlOhyHmru4FawJfcm32OWs8V4dXj,2023-02-22T19:00:00.000Z
,18.5,,manual,manual,1677078000000,4JevereCJUWmT3C7NDuR3bQGC0H4rn$0$manual$manual$0,rEcPYS4ordHvlx92sEjYFmhMifJle5,2023-02-22T15:00:00.000Z
,17.4,,manual,manual,1677063600000,4JevereCJUWmT3C7NDuR3bQGC0H4rn$0$manual$manual$0,QMslpqMexz59i7QuBOvKg9hFjkzTyT,2023-02-22T11:00:00.000Z
,18.5,,manual,manual,1677049200000,4JevereCJUWmT3C7NDuR3bQGC0H4rn$0$manual$manual$0,1ZSbqW9kENoJqnG8HjOb2lpxnMkoDW,2023-02-22T07:00:00.000Z
,17.5,,manual,manual,1677034800000,4JevereCJUWmT3C7NDuR3bQGC0H4rn$0$manual$manual$0,nDNU4Mt92GxoYIiiRGYjDwERByGzF4,2023-02-22T03:00:00.000Z
,18.5,,manual,manual,1677020400000,4JevereCJUWmT3C7NDuR3bQGC0H4rn$0$manual$manual$0,RWhVjBBiUL23RAFuJgERroHSspYiTw,2023-02-21T23:00:00.000Z
,17.5,,manual,manual,1677006000000,4JevereCJUWmT3C7NDuR3bQGC0H4rn$0$manual$manual$0,B5sZfcCLXVAdZBqQg0D12VacBXPLUZ,2023-02-21T19:00:00.000Z
,18.5,,manual,manual,1676991600000,4JevereCJUWmT3C7NDuR3bQGC0H4rn$0$manual$manual$0,mZyxZS5MM10EEQU06NPjHMBC8IhdeL,2023-02-21T15:00:00.000Z
,17.6,,manual,manual,1676977200000,4JevereCJUWmT3C7NDuR3bQGC0H4rn$0$manual$manual$0,s3umyFDafjHKeFwaDiPIZ09WGSC0LC,2023-02-21T11:00:00.000Z
,17.9,,manual,manual,1676962800000,4JevereCJUWmT3C7NDuR3bQGC0H4rn$0$manual$manual$0,dgzfsQlgKv7C1QKCNFKgBRge5KpRIT,2023-02-21T07:00:00.000Z
,18.1,,manual,manual,1676948400000,4JevereCJUWmT3C7NDuR3bQGC0H4rn$0$manual$manual$0,6CHXI8DTge9TkQWOnT3jIUFM0F5sHa,2023-02-21T03:00:00.000Z
,17.7,,manual,manual,1676934000000,4JevereCJUWmT3C7NDuR3bQGC0H4rn$0$manual$manual$0,kPrCV8X1weDmdx11vn5Uv2fJOMAHlS,2023-02-20T23:00:00.000Z
,18.4,,manual,manual,1676919600000,4JevereCJUWmT3C7NDuR3bQGC0H4rn$0$manual$manual$0,TV5jioEnVrdf5kKniGw2jf3vxM34ZH,2023-02-20T19:00:00.000Z
,17.5,,manual,manual,1676905200000,4JevereCJUWmT3C7NDuR3bQGC0H4rn$0$manual$manual$0,7o7IuBz7Kuw331s1Kfrm1osQ1y9v0U,2023-02-20T15:00:00.000Z
,18.5,,manual,manual,1676890800000,4JevereCJUWmT3C7NDuR3bQGC0H4rn$0$manual$manual$0,So3nC9meFf9EVQjibBE7lqE2aZYZQG,2023-02-20T11:00:00.000Z
,17.5,,manual,manual,1676876400000,4JevereCJUWmT3C7NDuR3bQGC0H4rn$0$manual$manual$0,0K6ArQww6y1tu1ZwglwCfAlDEpvcsY,2023-02-20T07:00:00.000Z
,18.2,,manual,manual,1676862000000,4JevereCJUWmT3C7NDuR3bQGC0H4rn$0$manual$manual$0,aIKJfqZVVlrpnGBpWIIcRDjURihtXP,2023-02-20T03:00:00.000Z
,17.6,,manual,manual,1676847600000,4JevereCJUWmT3C7NDuR3bQGC0H4rn$0$manual$manual$0,FDH2y8pqnlakdsY7WUqTOKRtgQZQ64,2023-02-19T23:00:00.000Z
,18,,manual,manual,1676833200000,4JevereCJUWmT3C7NDuR3bQGC0H4rn$0$manual$manual$0,JSe1RaLhuFn3mCIX8VgvIQyU3fm8ic,2023-02-19T19:00:00.000Z
,17.9,1.004,manual,manual,1676823988299,4JevereCJUWmT3C7NDuR3bQGC0H4rn$0$manual$manual$0,wQ3B8zkpKzNYM8UfbfSDI5urLwEzO2,2023-02-19T16:26:28.299Z,4.28,0.145038
,20.4,,manual,manual,1676818800000,4JevereCJUWmT3C7NDuR3bQGC0H4rn$0$manual$manual$0,3Pe4L3ydIlWYy5l5S9xHoPKBuPfCiG,2023-02-19T15:00:00.000Z,,
no bubbles.,18.9,,manual,manual,1676804400000,4JevereCJUWmT3C7NDuR3bQGC0H4rn$0$manual$manual$0,ooyzceZVlqYvL3c9gjpZXBuYd0whin,2023-02-19T11:00:00.000Z,,-72.518869
,19.5,,manual,manual,1676790000000,4JevereCJUWmT3C7NDuR3bQGC0H4rn$0$manual$manual$0,iqRFtM79W1wGn1VPHoJPtZPJcF2zFi,2023-02-19T07:00:00.000Z,,
,20.3,,manual,manual,1676775600000,4JevereCJUWmT3C7NDuR3bQGC0H4rn$0$manual$manual$0,RVixbbTaIX6kgEUm7plqG7JxN7QfFs,2023-02-19T03:00:00.000Z,,
,20,,manual,manual,1676761200000,4JevereCJUWmT3C7NDuR3bQGC0H4rn$0$manual$manual$0,xzgvwtVRxOmCnGfSKWrr6j247d47sx,2023-02-18T23:00:00.000Z,,
no bubbles.,20.4,,manual,manual,1676736000000,4JevereCJUWmT3C7NDuR3bQGC0H4rn$0$manual$manual$0,OuaJcHQzyv1nmg4RyAnT8FxivOrGeI,2023-02-18T16:00:00.000Z,,0.145038
no bubbles.,18.9,,manual,manual,1676710800000,4JevereCJUWmT3C7NDuR3bQGC0H4rn$0$manual$manual$0,oHnlIvSklb3GRiabEN4EENZSSqzVId,2023-02-18T09:00:00.000Z,,0.145038
no bubbles.,20.3,,manual,manual,1676669400000,4JevereCJUWmT3C7NDuR3bQGC0H4rn$0$manual$manual$0,cGIulPvZE5VowncvZRV2hCa116QyuQ,2023-02-17T21:30:00.000Z,,0.145038
no bubbles.,19.4,,manual,manual,1676656800000,4JevereCJUWmT3C7NDuR3bQGC0H4rn$0$manual$manual$0,xkTqko2G4LNB4na64rCafrnOMNHEpP,2023-02-17T18:00:00.000Z,,0.145038
no bubbles.,20.3,,manual,manual,1676617200000,4JevereCJUWmT3C7NDuR3bQGC0H4rn$0$manual$manual$0,6YfWfBckrDNISujd7zVaCFPC7pN6Pl,2023-02-17T07:00:00.000Z,,29.007548
no bubbles.,20.2,,manual,manual,1676574000000,4JevereCJUWmT3C7NDuR3bQGC0H4rn$0$manual$manual$0,6zEWL83p729cYSOW5dhqKmZXGTF8eF,2023-02-16T19:00:00.000Z,,72.518869
,20.4,,manual,manual,1676559600000,4JevereCJUWmT3C7NDuR3bQGC0H4rn$0$manual$manual$0,CJ9t8lMWaWo2XIHtQuJ86IgGVeIm5A,2023-02-16T15:00:00.000Z,,
,18.8,,manual,manual,1676545200000,4JevereCJUWmT3C7NDuR3bQGC0H4rn$0$manual$manual$0,NNUn0uicMkYi2nsv3cyhJvKLIVkrU7,2023-02-16T11:00:00.000Z,,
,20,,manual,manual,1676530800000,4JevereCJUWmT3C7NDuR3bQGC0H4rn$0$manual$manual$0,aKRX0kCK0IbI0cbZaDJZ5o766PjQIs,2023-02-16T07:00:00.000Z,,
,17.8,,manual,manual,1676516400000,4JevereCJUWmT3C7NDuR3bQGC0H4rn$0$manual$manual$0,341w0A19r8fujkfREJ6JpOaDJQ4u2O,2023-02-16T03:00:00.000Z,,
,17.9,,manual,manual,1676502000000,4JevereCJUWmT3C7NDuR3bQGC0H4rn$0$manual$manual$0,ngjEo9mZZXnbda5lTLYhH6VjHIQ9TL,2023-02-15T23:00:00.000Z,,
no bubbles.,18.7,,manual,manual,1676498400000,4JevereCJUWmT3C7NDuR3bQGC0H4rn$0$manual$manual$0,eYo3I8uYfGVUmc4RdR6fP9sG9yi9Zw,2023-02-15T22:00:00.000Z,,0.145038
no bubbles.,18.3,,manual,manual,1676480400000,4JevereCJUWmT3C7NDuR3bQGC0H4rn$0$manual$manual$0,F8uloQjFk80au0tkWTpKpM38WosnYT,2023-02-15T17:00:00.000Z,,0.145038
no bubbles.,18.3,,manual,manual,1676410200000,4JevereCJUWmT3C7NDuR3bQGC0H4rn$0$manual$manual$0,WYGCaxWiSmPnBiVhMuKBW5pvZ7TzGN,2023-02-14T21:30:00.000Z,,0.145038
no bubbles.,18.4,,manual,manual,1676392200000,4JevereCJUWmT3C7NDuR3bQGC0H4rn$0$manual$manual$0,5I9Pwh5kKwN7I0DLiwNVkpOfEcyn25,2023-02-14T16:30:00.000Z,,0.145038
no bubbles.,16.9,,manual,manual,1676358000000,4JevereCJUWmT3C7NDuR3bQGC0H4rn$0$manual$manual$0,1P4rbXddbzoNRlAXiymhoKNDffcwAt,2023-02-14T07:00:00.000Z,,0.145038
no bubbles.,17.7,,manual,manual,1676307600000,4JevereCJUWmT3C7NDuR3bQGC0H4rn$0$manual$manual$0,L6M1W9fVrAgTzwkU4KZ9FWr2ZNq5RB,2023-02-13T17:00:00.000Z,,14.503774
no bubbles.,17,,manual,manual,1676289600000,4JevereCJUWmT3C7NDuR3bQGC0H4rn$0$manual$manual$0,Zqmzj8rkNL7vPovN25SBLByvUUXOo3,2023-02-13T12:00:00.000Z,,29.007548
no bubbles.,18.4,,manual,manual,1676275200000,4JevereCJUWmT3C7NDuR3bQGC0H4rn$0$manual$manual$0,4f5U4xLCJ6Jt248RebRtzgCglZVFRY,2023-02-13T08:00:00.000Z,,14.503774
,17.6,,manual,manual,1676235600000,4JevereCJUWmT3C7NDuR3bQGC0H4rn$0$manual$manual$0,WHGcjddpmIZZR3m653FzMEESscq6BQ,2023-02-12T21:00:00.000Z,,14.503774
no bubbles.,17.5,,manual,manual,1676214000000,4JevereCJUWmT3C7NDuR3bQGC0H4rn$0$manual$manual$0,bY0VgEhxKtZqTIyTTbFmcn0hlKEIb0,2023-02-12T15:00:00.000Z,,29.007548
no bubbles.,17.3,,manual,manual,1676188800000,4JevereCJUWmT3C7NDuR3bQGC0H4rn$0$manual$manual$0,AXPBgme3uooYjiDGyOCB9oqOyWqZ7g,2023-02-12T08:00:00.000Z,,29.007548
no bubbles.,18.3,,manual,manual,1676149200000,4JevereCJUWmT3C7NDuR3bQGC0H4rn$0$manual$manual$0,TwOGcpEcaR8SNaa1XFw21Zu9cS2Z1X,2023-02-11T21:00:00.000Z,,29.007548
no bubbles.,17.3,,manual,manual,1676132100000,4JevereCJUWmT3C7NDuR3bQGC0H4rn$0$manual$manual$0,P5r9eraCJyDHy54loDISvB07HPxepG,2023-02-11T16:15:00.000Z,,29.007548
no bubbles.,18,,manual,manual,1676098825924,4JevereCJUWmT3C7NDuR3bQGC0H4rn$0$manual$manual$0,60qUss07CoUG9PVRlxFqmu545Sr03b,2023-02-11T07:00:25.924Z,,43.511321
no bubbles.,17.9,,manual,manual,1676046600000,4JevereCJUWmT3C7NDuR3bQGC0H4rn$0$manual$manual$0,n4fAdqBvHnphAShpwXMN5Na8rjuz6x,2023-02-10T16:30:00.000Z,,72.518869
no bubbles.,17.8,,manual,manual,1676010600000,4JevereCJUWmT3C7NDuR3bQGC0H4rn$0$manual$manual$0,0dsNXfHP8OkWkQTMNxZvgCAg5XS7bV,2023-02-10T06:30:00.000Z,,43.511321
no bubbles.,17.9,,manual,manual,1675969200000,4JevereCJUWmT3C7NDuR3bQGC0H4rn$0$manual$manual$0,fOZa0RUgIM1Kvkmmrkc0HopaRPQo7Z,2023-02-09T19:00:00.000Z,,116.03019
,17,,manual,manual,1675959300000,4JevereCJUWmT3C7NDuR3bQGC0H4rn$0$manual$manual$0,KrQ9t09BdZBBC9gklpNpgVaEV100lV,2023-02-09T16:15:00.000Z,,
no bubbles.,17.5,,manual,manual,1675920600000,4JevereCJUWmT3C7NDuR3bQGC0H4rn$0$manual$manual$0,SSDqgUcrATzjm8Q7UXrNUaVmM3mLLV,2023-02-09T05:30:00.000Z,,435.113213
,18.2,,manual,manual,1675882800000,4JevereCJUWmT3C7NDuR3bQGC0H4rn$0$manual$manual$0,bUqt8PMt1Mt08JWnRiKwklS1VZF5yS,2023-02-08T19:00:00.000Z,,
no bubbles.,17.3,,manual,manual,1675877400000,4JevereCJUWmT3C7NDuR3bQGC0H4rn$0$manual$manual$0,OVzyzAXlm0HFXcSEumMSCrpcTGq25M,2023-02-08T17:30:00.000Z,,580.150951
no bubbles.,17.9,,manual,manual,1675834200000,4JevereCJUWmT3C7NDuR3bQGC0H4rn$0$manual$manual$0,cLKhLllMlRM9X2S0q4IOGMp174LMqI,2023-02-08T05:30:00.000Z,,652.66982
,17.7,,manual,manual,1675825200000,4JevereCJUWmT3C7NDuR3bQGC0H4rn$0$manual$manual$0,Rkf6i5uBFbBDYljEcBx0t2owFwJypx,2023-02-08T03:00:00.000Z,,
,17.4,,manual,manual,1675810800000,4JevereCJUWmT3C7NDuR3bQGC0H4rn$0$manual$manual$0,RwyvJBtbIEqiaSRiiyqoI0HD6at1el,2023-02-07T23:00:00.000Z,,
many bubbles.,17.7,,manual,manual,1675803600000,4JevereCJUWmT3C7NDuR3bQGC0H4rn$0$manual$manual$0,3VuYVRL4iE1Un2RVWUDX0duMZ1RZoU,2023-02-07T21:00:00.000Z,,725.188689
many bubbles.,17.4,,manual,manual,1675788300000,4JevereCJUWmT3C7NDuR3bQGC0H4rn$0$manual$manual$0,FQh3OW55pFRpgUf2V3j60SKI59la3W,2023-02-07T16:45:00.000Z,,725.188689
,17.4,,manual,manual,1675782000000,4JevereCJUWmT3C7NDuR3bQGC0H4rn$0$manual$manual$0,y3UdKljcGyKnAz9YcDcjyq9jjnSB3C,2023-02-07T15:00:00.000Z,,
,17.3,,manual,manual,1675766700000,4JevereCJUWmT3C7NDuR3bQGC0H4rn$0$manual$manual$0,aLotou5mqraQgHpAkfE0WNzh0lAvAX,2023-02-07T10:45:00.000Z,,
many bubbles.,17,,manual,manual,1675751400000,4JevereCJUWmT3C7NDuR3bQGC0H4rn$0$manual$manual$0,8rMI4ON3nU7AJZIJXOU9EiAm6Nv3de,2023-02-07T06:30:00.000Z,,725.188689
,16.9,,manual,manual,1675738800000,4JevereCJUWmT3C7NDuR3bQGC0H4rn$0$manual$manual$0,OaNL1oWWzjDdamDRUGJIJAmgCmU36Y,2023-02-07T03:00:00.000Z,,
,17.3,,manual,manual,1675724400000,4JevereCJUWmT3C7NDuR3bQGC0H4rn$0$manual$manual$0,wnt7liHHwod4wduGavi2GOu27zS2uv,2023-02-06T23:00:00.000Z,,
many bubbles.,17.7,,manual,manual,1675713600000,4JevereCJUWmT3C7NDuR3bQGC0H4rn$0$manual$manual$0,dgDGuCEkTBon0etlmk2zoxPEMIEUgV,2023-02-06T20:00:00.000Z,,725.188689
many bubbles.,17.2,,manual,manual,1675699200000,4JevereCJUWmT3C7NDuR3bQGC0H4rn$0$manual$manual$0,MHHp2OHNd3jih8vyE0YiXSuBXgyeRx,2023-02-06T16:00:00.000Z,,725.188689
,18,,manual,manual,1675681200000,4JevereCJUWmT3C7NDuR3bQGC0H4rn$0$manual$manual$0,Oi14yIvC5t5Z2AWYQBmSG0immVPi4k,2023-02-06T11:00:00.000Z,,
one bubble.,17.7,,manual,manual,1675674000000,4JevereCJUWmT3C7NDuR3bQGC0H4rn$0$manual$manual$0,g1HAiBWfcRgI5jXyZcxPEpPJuAfYqB,2023-02-06T09:00:00.000Z,,725.188689
,20.5,1.044,manual,manual,1675666800000,4JevereCJUWmT3C7NDuR3bQGC0H4rn$0$manual$manual$0,yUnTJ3Nh9QVf9sbt0GNJw3yVdKWbTf,2023-02-06T07:00:00.000Z,,0.145038